scan,dataset,family,fiber,magnets,config,trial,axis,file,index,z_mm,cx_px,cy_px,dx_px,dy_px,dx_um,dy_um,d_maj_um,d_min_um,azimuth_deg,power,background,noise_sigma,peak,saturated,aperture_factor,clipped,stray_removed,lobe_at_edge,converged,aspect_outlier,used_in_fit_x,used_in_fit_y
105_Step index/H,105_Step index,step-index,105,,,1,H,image_01.png,1,10.0,275.3383794704274,549.6218587861874,457.16361048795085,465.88648952221735,1577.2144561834305,1607.3083888516499,1573.7198359348288,1610.7301374383414,72.2020172702012,4212265.0,0.0,0.3075024867184073,190,False,1.6,True,0,False,True,False,True,True
105_Step index/H,105_Step index,step-index,105,,,1,H,image_02.png,2,20.0,240.53802277819796,567.9809898837104,382.7746501281395,394.1882375240222,1320.5725429420813,1359.9494194578767,1320.433272955872,1360.0846430746049,-86.62752743595482,3535486.0,0.0,0.574834137531237,217,False,1.6,True,0,False,True,False,True,True
105_Step index/H,105_Step index,step-index,105,,,1,H,image_03.png,3,30.0,188.95930523888129,563.5672903210717,325.91416067500734,337.0156693344707,1124.4038543287754,1162.704059203924,1116.2416981548877,1170.5422795520803,-67.43242307561016,2821862.0,0.0,2.164698799645669,206,False,1.6,True,0,True,True,False,True,True
105_Step index/H,105_Step index,step-index,105,,,1,H,image_04.png,4,40.0,296.1878648240319,548.6793262551726,290.5448092918666,294.59230995941516,1002.3795920569398,1016.3434693599824,987.8474975431503,1030.4737822383734,-54.56321115372109,1348938.0,0.0,0.0021134848569625097,169,False,2.0388446487543104,False,0,False,True,False,True,True
105_Step index/H,105_Step index,step-index,105,,,1,H,image_05.png,5,50.0,367.22426901925854,566.5668915989921,284.15763450706413,286.20429262234546,980.3438390493714,987.4048095470919,961.5489044014573,1005.7166624468077,-49.60072985644443,1351814.0,0.0,0.002988912273040612,150,False,2.584651787774714,False,0,False,True,False,True,True
105_Step index/H,105_Step index,step-index,105,,,1,H,image_06.png,6,60.0,474.1140455274497,564.2955376455313,301.72126762550016,302.516466057968,1040.9383733079756,1043.6818078999895,1027.422921998562,1056.9893814596162,-47.6622971782569,1348593.0,0.0,0.0021134848569625097,182,False,3.0,False,0,False,True,False,True,True
105_Step index/H,105_Step index,step-index,105,,,1,H,image_07.png,7,70.0,477.78702351642465,571.9992805080025,336.9289328229035,337.32802612685606,1162.4048182390172,1163.7816901376534,1151.758302089954,1174.3192058941224,-46.749524450009446,1459363.0,0.0,0.002988912273040612,106,False,2.836129384991457,False,0,False,True,False,True,True
105_Step index/H,105_Step index,step-index,105,,,1,H,image_08.png,8,80.0,480.6088167231362,574.6738465019486,394.4373393048194,393.2349746030498,1360.8088206016268,1356.660662380522,1366.872494846324,1350.551140057471,-37.63810483500412,2059518.0,0.0,0.0021134848569625097,105,False,2.4369336714936307,False,0,False,True,False,True,True
105_Step index/H,105_Step index,step-index,105,,,1,H,image_09.png,9,90.0,485.9013793053409,572.2634920634921,448.4561426430121,446.7501641260074,1547.1736921183917,1541.2880662347256,1547.4445415903404,1541.0161346991463,11.85691402964748,2067345.0,0.0,0.005176901666475395,101,False,2.166996203649447,False,0,False,True,False,True,True
105_Step index/H,105_Step index,step-index,105,,,1,H,image_10.png,10,100.0,488.7644758275979,574.416059552705,510.38963875555,503.4389398289367,1760.8442537066476,1736.8643424098318,1761.3822290181595,1736.318770573387,8.454300938175688,2154730.0,0.0,0.0140179261014401,100,False,1.9152601805135412,False,0,False,True,False,True,True
105_Step index/H,105_Step index,step-index,105,,,1,H,image_11.png,11,110.0,488.71318308496603,576.2205878527056,590.6273997116311,577.0854906077495,2037.6645290051276,1990.944942596736,2037.804318167667,1990.8018630879415,-3.1443328282459446,3113467.0,0.0,0.04424026520796851,86,False,1.6548863931265196,False,0,False,True,False,True,True
105_Step index/H,105_Step index,step-index,105,,,1,H,image_12.png,12,120.0,496.4942929704715,576.3724619654317,667.8656135349914,649.1002817300331,2304.1363666957204,2239.395971968614,2309.695949047565,2233.661419855812,-15.812771892826772,4676601.0,0.0,0.1995228643915926,115,False,1.6,True,0,False,True,False,True,True
105_Step index/H,105_Step index,step-index,105,,,1,H,image_13.png,13,130.0,498.013021258697,575.4319351854751,735.6304090093658,715.1015368100353,2537.9249110823125,2467.100301994622,2545.1532815604232,2459.6425609743233,-17.038153089860394,4726348.0,0.0,0.49638700459741814,96,False,1.6,True,0,False,True,False,True,True
105_Step index/H,105_Step index,step-index,105,,,1,H,image_14.png,14,140.0,486.17028412092617,576.9657375105509,797.0720863471035,776.3919141722765,2749.898697897507,2678.5521038943543,2750.2701475162453,2678.170707340413,4.143197732825152,5269728.0,0.0,0.834917906226073,104,False,1.6,True,1,False,True,False,True,True
105_Step index/V,105_Step index,step-index,105,,,1,V,image_01.png,1,10.0,1154.9769960102224,528.9837739841818,466.4530782645541,460.82029470633387,1609.2631200127119,1589.830016736852,1612.6860576248876,1586.3577626414683,-21.214304812934145,4926841.0,0.0,0.10664973452996462,145,False,1.6,True,0,False,True,False,True,True
105_Step index/V,105_Step index,step-index,105,,,1,V,image_02.png,2,20.0,1168.520542831889,525.2521493619296,393.8605581752376,394.4514318415506,1358.81892570457,1360.8574398533494,1357.2931597950833,1362.3792140335277,56.814263486045355,3691677.0,0.0,0.04870495429123421,204,False,1.6,True,0,False,True,False,True,True
105_Step index/V,105_Step index,step-index,105,,,1,V,image_03.png,3,30.0,1206.7447917231368,531.8183734423003,338.8102610881971,340.4737385492841,1168.89540075428,1174.6343979950302,1166.9014312496995,1176.6152627792399,-63.10725659939237,3135874.0,0.0,0.32596195903641273,202,False,1.6,True,0,False,True,False,True,True
105_Step index/V,105_Step index,step-index,105,,,1,V,image_04.png,4,40.0,1107.5990139805697,532.5715324381189,310.3046646521291,310.36423307401316,1070.5510930498453,1070.7566041053456,1062.4738586519434,1078.7718237638026,-45.361258879774795,2020447.0,0.0,0.004226941391918989,217,False,2.2390961245064656,False,0,False,True,False,True,True
105_Step index/V,105_Step index,step-index,105,,,1,V,image_05.png,5,50.0,1209.4726420822606,529.7340948719531,294.8012088627547,296.08936715996555,1017.0641705765038,1021.5083167018812,1009.3652136879552,1029.1164334312475,-51.50191502861767,1539865.0,0.0,0.11528621771815824,195,False,1.6656652928218354,False,0,False,True,False,True,True
105_Step index/V,105_Step index,step-index,105,,,1,V,image_06.png,6,60.0,1103.435809953849,537.0408109823737,304.4903435134149,307.48566623419555,1050.4916851212815,1060.8255485079746,1049.0554670379518,1062.2458528768093,-70.78854187171733,1584794.0,0.0,0.004725853589583613,119,False,2.309197631619882,False,0,False,True,False,True,True
105_Step index/V,105_Step index,step-index,105,,,1,V,image_07.png,7,70.0,1186.3031225107127,536.965906209419,334.290508159529,336.96461679549907,1153.302253150375,1162.527927944472,1150.9124548057998,1164.8938972050148,-65.6445304504428,1561692.0,0.0,0.07297804207501661,125,False,1.6075502172762524,False,0,False,True,False,True,True
105_Step index/V,105_Step index,step-index,105,,,1,V,image_08.png,8,80.0,967.1006575616364,540.9245542351291,336.1840748091667,339.2263668500441,1159.8350580916251,1170.3309656326521,1158.3266482768065,1171.8239232021504,-70.52235288414731,1550425.0,0.0,0.016639329013524023,109,False,2.9026338899435236,False,0,False,True,False,True,True
105_Step index/V,105_Step index,step-index,105,,,1,V,image_09.png,9,90.0,1041.5909471563962,541.7147104945552,389.86643180603596,393.0244700834961,1345.039189730824,1355.9344217880616,1338.4276484486822,1362.461011541104,-58.47947655915848,2192394.0,0.0,0.006683291604306102,107,False,2.120772752496325,False,0,False,True,False,True,True
105_Step index/V,105_Step index,step-index,105,,,1,V,image_10.png,10,100.0,1121.3686851086727,538.2643854056795,451.23703924695224,455.9817551310599,1556.7677854019853,1573.1370552021567,1548.170230907558,1581.5988961323774,-59.66039556908113,2574015.0,0.0,0.14337460643439212,108,False,1.6,True,0,False,True,False,True,True
105_Step index/V,105_Step index,step-index,105,,,1,V,image_11.png,11,110.0,878.0509786835634,541.0017945002218,533.8981098030187,522.7765955222139,1841.9484788204145,1803.579254551638,1849.9270747211383,1795.3947043175697,-22.639938204263043,3575926.0,0.0,0.3252698833213157,133,False,2.069651027223477,False,0,False,True,False,True,True
105_Step index/V,105_Step index,step-index,105,,,1,V,image_12.png,12,120.0,915.0466566066831,539.1224200312683,608.1815935106192,598.2476015685274,2098.226497611636,2063.95422541142,2115.778468976259,2045.9577097510416,-30.29968903474143,3932412.0,0.0,0.1936151133376741,99,False,1.7774170301647303,False,0,False,True,False,True,True
105_Step index_0 Magnets Trial 1/H,105_Step index_0 Magnets Trial 1,step-index,105,0,Baseline,1,H,image_01.png,1,10.0,374.1925614331422,553.4966680004311,374.90617360648787,371.37660525616167,1293.4262989423833,1281.2492881337578,1304.1389585027794,1270.3436173155433,-34.43936057119511,3386405.0,0.0,0.07440561163707642,191,False,1.9961931159122779,False,0,False,True,False,True,True
105_Step index_0 Magnets Trial 1/H,105_Step index_0 Magnets Trial 1,step-index,105,0,Baseline,1,H,image_02.png,2,20.0,379.65746007898485,568.8916081709115,342.4877241188927,342.2117048118428,1181.5826482101797,1180.6303816008578,1199.0654860218144,1162.8704195832138,-44.2461188342609,2566568.0,0.0,0.06665957101922729,204,False,2.217057332818089,False,0,False,True,False,True,True
105_Step index_0 Magnets Trial 1/H,105_Step index_0 Magnets Trial 1,step-index,105,0,Baseline,1,H,image_03.png,3,30.0,338.8145080054912,574.3323965738666,324.7575216729538,325.64176292905756,1120.4134497716907,1123.4640821052487,1109.9308506668524,1133.8215683906562,-48.668301086428166,1762103.0,0.0,0.06665957101922729,200,False,2.0865691193855915,False,0,False,True,False,True,True
105_Step index_0 Magnets Trial 1/H,105_Step index_0 Magnets Trial 1,step-index,105,0,Baseline,1,H,image_04.png,4,40.0,426.59795278680815,580.0484372802885,324.49421324787136,330.99946764525356,1119.5050357051562,1141.9481633761247,1118.473333954162,1142.9586755612688,-78.21720606621497,1905908.0,0.0,0.06883899647780027,216,False,2.629310079319922,False,0,False,True,False,True,True
105_Step index_0 Magnets Trial 1/H,105_Step index_0 Magnets Trial 1,step-index,105,0,Baseline,1,H,image_05.png,5,50.0,420.271078751823,581.2296730511631,343.17921551046294,348.2411847655222,1183.9682935110973,1201.4320874410516,1183.498997859769,1201.8943808993638,80.84404943426753,1901429.0,0.0,0.06887249213720352,141,False,2.449280491108353,False,0,False,True,False,True,True
105_Step index_0 Magnets Trial 1/H,105_Step index_0 Magnets Trial 1,step-index,105,0,Baseline,1,H,image_06.png,6,60.0,490.46399040163647,587.8005788240318,370.58172503946827,373.15856325302144,1278.5069513861656,1287.3970432229241,1276.8354626975085,1289.0548370181596,68.34046935245547,1779470.0,0.0,0.06669416189406041,128,False,2.632657907640773,False,0,False,True,False,True,True
105_Step index_0 Magnets Trial 1/H,105_Step index_0 Magnets Trial 1,step-index,105,0,Baseline,1,H,image_07.png,7,70.0,491.9340570339804,590.8200335494003,409.26947585693944,410.09709608039344,1411.9796917064411,1414.8349814773574,1404.686323429725,1422.076301529891,49.725228258679905,1821195.0,0.0,0.06662496186566333,103,False,2.3808018691987973,False,0,False,True,False,True,True
105_Step index_0 Magnets Trial 1/H,105_Step index_0 Magnets Trial 1,step-index,105,0,Baseline,1,H,image_08.png,8,80.0,561.4716387015791,594.1607110338754,457.8762627343694,460.04789023646254,1579.6731064335745,1587.1652213157959,1572.1321960615383,1594.63504321542,54.72390945230857,2619397.0,0.0,0.06665957101922729,108,False,2.107777469501792,False,0,False,True,False,True,True
105_Step index_0 Magnets Trial 1/H,105_Step index_0 Magnets Trial 1,step-index,105,0,Baseline,1,H,image_09.png,9,90.0,566.1480424337567,596.7724722584207,513.708751739934,510.9663697400351,1772.2951935027722,1762.8339756031212,1781.5868837563562,1753.4429144061262,35.1777976264349,2564562.0,0.0,0.06755307504847312,120,False,1.8875103002978808,False,0,False,True,False,True,True
105_Step index_0 Magnets Trial 1/H,105_Step index_0 Magnets Trial 1,step-index,105,0,Baseline,1,H,image_10.png,10,100.0,744.1520164887004,597.4062438383174,571.0243730293997,575.9884496813538,1970.0340869514291,1987.1601514006707,1965.1857492241054,1991.9550050419764,64.88751536090426,3301655.0,0.0,0.09178915705321804,88,False,1.6722412645247826,False,0,False,True,False,True,True
105_Step index_0 Magnets Trial 1/H,105_Step index_0 Magnets Trial 1,step-index,105,0,Baseline,1,H,image_11.png,11,110.0,760.5617654938086,597.2617325306039,634.0599434583146,642.1324611442154,2187.5068049311853,2215.356990947543,2187.49502162896,2215.3686260550217,-88.82561232152064,3628288.0,0.0,0.10622061673449738,71,False,1.6,True,0,False,True,False,True,True
105_Step index_0 Magnets Trial 1/V,105_Step index_0 Magnets Trial 1,step-index,105,0,Baseline,1,V,image_01.png,1,10.0,969.8909200553082,526.781207070758,407.083435911048,374.4594634615578,1404.4378538931157,1291.8851489423744,1404.584263165414,1291.725965974917,-2.1068358550664383,3566916.0,0.0,0.8187462708070874,203,False,2.302478458449927,False,0,False,True,False,True,True
105_Step index_0 Magnets Trial 1/V,105_Step index_0 Magnets Trial 1,step-index,105,0,Baseline,1,V,image_02.png,2,20.0,1009.2244787671108,541.1587481222674,350.62978314567766,342.28614070281225,1209.672751852588,1180.8871854247022,1216.3391586460166,1174.0194897952883,-23.56837603529533,2024383.0,0.0,0.06877195528764408,223,False,2.451449031951336,False,0,False,True,False,True,True
105_Step index_0 Magnets Trial 1/V,105_Step index_0 Magnets Trial 1,step-index,105,0,Baseline,1,V,image_03.png,3,30.0,1065.7060676876963,543.8250286196621,328.33124173273336,326.9506891204047,1132.7427839779302,1127.9798774653964,1145.4722274802216,1115.0507587963978,-40.495841963104354,1878953.0,0.0,0.06900630910168704,203,False,2.273886154374372,False,0,False,True,False,True,True
105_Step index_0 Magnets Trial 1/V,105_Step index_0 Magnets Trial 1,step-index,105,0,Baseline,1,V,image_04.png,4,40.0,1192.3317152295754,542.9073038277277,327.5122673516745,330.9891945541232,1129.917322363277,1141.912721211725,1124.1361903874117,1147.6043062410674,-60.37043542417493,1936423.0,0.0,0.2204162385692863,173,False,1.6,True,0,False,True,False,True,True
105_Step index_0 Magnets Trial 1/V,105_Step index_0 Magnets Trial 1,step-index,105,0,Baseline,1,V,image_05.png,5,50.0,1016.5981718881237,550.4053590701878,346.47503264727874,348.18364167128067,1195.3388626331116,1201.2335637659185,1192.617690956894,1203.935261737705,-60.694619690343934,1938284.0,0.0,0.06880548420271053,147,False,2.438281482417194,False,0,False,True,False,True,True
105_Step index_0 Magnets Trial 1/V,105_Step index_0 Magnets Trial 1,step-index,105,0,Baseline,1,V,image_06.png,6,60.0,1089.8090214644753,553.4164264402563,373.702034382729,377.2140398172398,1289.272018620415,1301.3884373694773,1289.1714006694306,1301.488110822588,84.82658971105698,1882599.0,0.0,0.07459094447148477,103,False,1.8688249508746895,False,0,False,True,False,True,True
105_Step index_0 Magnets Trial 1/V,105_Step index_0 Magnets Trial 1,step-index,105,0,Baseline,1,V,image_07.png,7,70.0,1076.9795455216217,555.7575545755659,410.87512910467785,414.90940329112703,1417.5191954111388,1431.4374413543883,1417.3653612885953,1431.5897633363718,84.04558809270934,1931313.0,0.0,0.07957944351452485,113,False,1.7621975670884307,False,0,False,True,False,True,True
105_Step index_0 Magnets Trial 1/V,105_Step index_0 Magnets Trial 1,step-index,105,0,Baseline,1,V,image_08.png,8,80.0,1048.3237493192823,557.1143908691628,456.41770368473277,463.91018949561106,1574.641077712328,1600.4901537598582,1574.2740800711192,1600.8511413362355,83.27956908826664,2310062.0,0.0,0.07572430181969553,114,False,1.71178422708288,False,0,False,True,False,True,True
105_Step index_0 Magnets Trial 1/V,105_Step index_0 Magnets Trial 1,step-index,105,0,Baseline,1,V,image_09.png,9,90.0,1086.7861658103377,554.831710366341,515.5094566087645,523.8433125605743,1778.5076253002376,1807.2594283339815,1775.5615988815398,1810.1538672528338,73.10979654435113,2558791.0,0.0,0.1770882044985257,100,False,1.6,True,0,False,True,False,True,True
105_Step index_0 Magnets Trial 1/V,105_Step index_0 Magnets Trial 1,step-index,105,0,Baseline,1,V,image_10.png,10,100.0,974.2618334310328,558.1550220774435,572.351372058365,584.1320638567041,1974.6122336013593,2015.2556203056292,1969.650891249877,2020.104961347341,71.83290193407699,3050172.0,0.0,0.07372142492661245,83,False,1.6239553891357033,False,0,False,True,False,True,True
105_Step index_0 Magnets Trial 1/V,105_Step index_0 Magnets Trial 1,step-index,105,0,Baseline,1,V,image_11.png,11,110.0,735.637066671494,559.0849354646006,639.6372919388929,652.0959153757201,2206.7486571891804,2249.7309080462346,2199.379843331665,2256.9353334491375,69.15801470457099,4143075.0,0.0,0.09480271504518917,105,False,1.6,True,0,False,True,False,True,True
105_Step index_0 Magnets Trial 2/H,105_Step index_0 Magnets Trial 2,step-index,105,0,Baseline,2,H,image_01.png,1,10.0,434.3770921794138,553.917854707153,373.23600601593773,369.749645639354,1287.6642207549853,1275.6362774557715,1299.9731745558577,1263.0901801569544,-35.48264218892707,1894436.0,0.0,0.10893735177105059,149,False,2.327571810889625,False,0,False,True,False,True,True
105_Step index_0 Magnets Trial 2/H,105_Step index_0 Magnets Trial 2,step-index,105,0,Baseline,2,H,image_02.png,2,20.0,505.6532628384205,553.694217759298,344.1114428755029,335.503849253228,1187.184477920485,1157.4882799236366,1198.833661338361,1145.4186811895352,-28.108386675947372,1926191.0,0.0,0.15564011374376932,171,False,2.9386812500199824,False,0,False,True,False,True,True
105_Step index_0 Magnets Trial 2/H,105_Step index_0 Magnets Trial 2,step-index,105,0,Baseline,2,H,image_03.png,3,30.0,510.78344190658066,558.843869780343,323.56234575697937,322.9955902535594,1116.2900928615788,1114.33478637478,1133.9461962907246,1096.3629013532136,-43.508681933024995,1992971.0,0.0,0.0777635361126238,171,False,3.0,False,0,False,True,False,True,True
105_Step index_0 Magnets Trial 2/H,105_Step index_0 Magnets Trial 2,step-index,105,0,Baseline,2,H,image_04.png,4,40.0,585.2877798855152,571.240086059769,324.839776046442,325.08624932439614,1120.697227360225,1121.5475601691667,1110.623090253033,1131.5244392107093,-46.16585886539514,2039048.0,0.0,0.08651641195685561,203,False,3.0,False,0,False,True,False,True,True
105_Step index_0 Magnets Trial 2/H,105_Step index_0 Magnets Trial 2,step-index,105,0,Baseline,2,H,image_05.png,5,50.0,594.9064651407688,572.9264207472564,345.169155206209,345.990039294847,1190.833585461421,1193.6656355672224,1190.5558310964318,1193.9426664791276,-73.37017843705925,2421525.0,0.0,0.07467942585210609,198,False,2.925365020820591,False,0,False,True,False,True,True
105_Step index_0 Magnets Trial 2/H,105_Step index_0 Magnets Trial 2,step-index,105,0,Baseline,2,H,image_06.png,6,60.0,797.8428027435436,583.9783702446975,381.95105685251974,382.48167515780546,1317.7311461411932,1319.5617792944288,1315.9277815658024,1321.3601842754942,54.84663589361348,2991897.0,0.0,3.7030463588115388,172,False,2.5884723996309886,False,1,False,True,False,True,True
105_Step index_0 Magnets Trial 2/H,105_Step index_0 Magnets Trial 2,step-index,105,0,Baseline,2,H,image_07.png,7,70.0,830.3251219757638,586.2303568230163,419.6971988146382,419.62308963824637,1447.955335910502,1447.6996592519502,1453.3963008309445,1442.2372034172583,44.343558727577104,3160054.0,0.0,3.611418251493402,139,False,2.3486294004332664,False,1,False,True,False,True,True
105_Step index_0 Magnets Trial 2/H,105_Step index_0 Magnets Trial 2,step-index,105,0,Baseline,2,H,image_08.png,8,80.0,685.3456315888175,590.9969691143062,473.91033343688724,474.5749139237021,1634.990650357261,1637.2834530367725,1630.5831193054678,1641.6729952641992,50.96593704899889,4212630.0,0.0,0.11569244135860965,178,False,2.0565913807711573,False,0,False,True,False,True,True
105_Step index_0 Magnets Trial 2/H,105_Step index_0 Magnets Trial 2,step-index,105,0,Baseline,2,H,image_09.png,9,90.0,686.3606493627751,597.6347589808116,524.1082638965663,523.0963175640455,1808.1735104431539,1804.6822955959572,1814.7654661411643,1798.0533737370688,38.970885798018855,4091334.0,0.0,0.08370332536827195,123,False,1.8404577955351624,False,0,False,True,False,True,True
105_Step index_0 Magnets Trial 2/H,105_Step index_0 Magnets Trial 2,step-index,105,0,Baseline,2,H,image_10.png,10,100.0,883.1739642479178,593.7010614663639,583.5247312216231,585.5850894538033,2013.1603227146,2020.2685586156217,2010.948659858872,2022.4700297643478,64.04733107488495,4170834.0,0.0,1.7784748046648466,120,False,1.6578068568723763,False,3,False,True,False,True,True
105_Step index_0 Magnets Trial 2/H,105_Step index_0 Magnets Trial 2,step-index,105,0,Baseline,2,H,image_11.png,11,110.0,897.9653404684293,600.7399462594555,650.0964227903462,648.3030587410288,2242.8326586266944,2236.6455526565496,2244.1195855585743,2235.354322816234,22.550174716455604,4135053.0,0.0,1.2701591084724022,89,False,1.6,True,1,False,True,False,True,True
105_Step index_0 Magnets Trial 2/V,105_Step index_0 Magnets Trial 2,step-index,105,0,Baseline,2,V,image_01.png,1,10.0,911.9463926851956,527.7208036471803,393.21347741541507,373.43344611038344,1356.5864970831822,1288.345389080823,1367.190174892463,1277.0872293276418,-20.375408302242622,1956580.0,0.0,2.548878315295624,119,False,2.6785007552505347,False,1,False,True,False,True,True
105_Step index_0 Magnets Trial 2/V,105_Step index_0 Magnets Trial 2,step-index,105,0,Baseline,2,V,image_02.png,2,20.0,1069.5170665348162,524.0692571111651,346.160018049663,338.486781110617,1194.2520622713373,1167.7793948316287,1210.6293413566364,1150.792466554706,-31.867350468528784,1911255.0,0.0,0.06665957101922729,165,False,2.1347522197793203,False,0,False,True,False,True,True
105_Step index_0 Magnets Trial 2/V,105_Step index_0 Magnets Trial 2,step-index,105,0,Baseline,2,V,image_03.png,3,30.0,1070.8161567924167,529.4276456798822,330.5623817996638,325.966491651779,1140.44021720884,1124.5843961986375,1154.0150430738051,1110.6499149417718,-34.274870478058624,1951625.0,0.0,0.06930643462706294,157,False,2.227620948294836,False,0,False,True,False,True,True
105_Step index_0 Magnets Trial 2/V,105_Step index_0 Magnets Trial 2,step-index,105,0,Baseline,2,V,image_04.png,4,40.0,1201.80351382187,538.9968137998891,327.14744251253927,324.1336100632484,1128.6586766682606,1118.2609547182071,1134.7664265539822,1112.0625559885248,-31.371265135173534,1910740.0,0.0,0.3659536635787878,174,False,1.6,True,0,False,True,False,True,True
105_Step index_0 Magnets Trial 2/V,105_Step index_0 Magnets Trial 2,step-index,105,0,Baseline,2,V,image_05.png,5,50.0,1087.4688176985483,540.9899666643581,349.33392482749264,345.0216834663857,1205.2020406548497,1190.3248079590307,1205.6449717400662,1189.8761739606405,-9.67930001254876,2266943.0,0.0,0.07265128156837755,194,False,2.0125796970623115,False,0,False,True,False,True,True
105_Step index_0 Magnets Trial 2/V,105_Step index_0 Magnets Trial 2,step-index,105,0,Baseline,2,V,image_06.png,6,60.0,1172.242754178259,549.6950338803106,377.55713878786224,375.0955048334815,1302.5721288181248,1294.0794916755112,1303.911628266023,1292.7298044145114,20.289634236259523,2238911.0,0.0,0.28658159925894333,186,False,1.6,True,0,False,True,False,True,True
105_Step index_0 Magnets Trial 2/V,105_Step index_0 Magnets Trial 2,step-index,105,0,Baseline,2,V,image_07.png,7,70.0,867.7220916914495,555.283988157477,421.2404473627735,416.38506277278236,1453.2795434015686,1436.5284665660993,1459.3080702745503,1430.4039368499334,27.290255551368308,3007805.0,0.0,0.0690731185170199,199,False,2.5155348825541317,False,0,False,True,False,True,True
105_Step index_0 Magnets Trial 2/V,105_Step index_0 Magnets Trial 2,step-index,105,0,Baseline,2,V,image_08.png,8,80.0,939.9486816972995,554.0066514890375,473.8418229977967,471.04435214410967,1634.7542893423988,1625.1030148971784,1647.802254905085,1611.87131132761,37.208877289380425,3709846.0,0.0,0.07016611508696807,175,False,2.106404686464415,False,0,False,True,False,True,True
105_Step index_0 Magnets Trial 2/V,105_Step index_0 Magnets Trial 2,step-index,105,0,Baseline,2,V,image_09.png,9,90.0,629.846952270699,564.8350217374942,523.967080939391,522.2706975000078,1807.6864292408993,1801.833906375027,1821.2165065613292,1788.1571767752835,39.901357837544495,4464176.0,0.0,0.8228526571169338,175,False,1.9689595189614106,False,0,False,True,False,True,True
105_Step index_0 Magnets Trial 2/V,105_Step index_0 Magnets Trial 2,step-index,105,0,Baseline,2,V,image_10.png,10,100.0,681.745946509915,560.7688074615817,583.9764251485007,585.0919127342934,2014.7186667623273,2018.5670989333123,2001.247326892884,2031.9236146323776,48.60356134103415,4341814.0,0.0,0.2583102193518281,122,False,1.771455009628195,False,0,False,True,False,True,True
105_Step index_0 Magnets Trial 2/V,105_Step index_0 Magnets Trial 2,step-index,105,0,Baseline,2,V,image_11.png,11,110.0,726.4694268910481,561.8782535958371,650.6996602009044,656.310403724153,2244.9138276931203,2264.270892848328,2238.12810088223,2270.9785058448365,63.0522251103025,4503402.0,0.0,0.10404304907867004,89,False,1.6,True,0,False,True,False,True,True
105_Step index_0 Magnets Trial 3/H,105_Step index_0 Magnets Trial 3,step-index,105,0,Baseline,3,H,image_01.png,1,10.0,421.1716071161973,552.8229766195727,370.44180486156756,369.73432483695717,1278.0242267724082,1275.5834206875022,1292.7301676989816,1260.6774769428555,-42.816183572896016,1969254.0,0.0,0.08165786235929201,156,False,2.2738881065196583,False,0,False,True,False,True,True
105_Step index_0 Magnets Trial 3/H,105_Step index_0 Magnets Trial 3,step-index,105,0,Baseline,3,H,image_02.png,2,20.0,486.2392418638086,567.230987743513,337.9741460264032,337.83043332621276,1166.0108037910911,1165.514994975434,1187.6420061308459,1143.4652873365385,-44.678411500874354,2217438.0,0.0,0.10611578798433462,194,False,2.8825565874118064,False,0,False,True,False,True,True
105_Step index_0 Magnets Trial 3/H,105_Step index_0 Magnets Trial 3,step-index,105,0,Baseline,3,H,image_03.png,3,30.0,479.2982988296697,570.8994816834794,320.9199835218065,320.18364693286355,1107.1739431502324,1104.6335819183794,1122.8431032367337,1088.702372646613,-42.8661277007676,1772662.0,0.0,0.06893943370581555,189,False,2.987162991325494,False,0,False,True,False,True,True
105_Step index_0 Magnets Trial 3/H,105_Step index_0 Magnets Trial 3,step-index,105,0,Baseline,3,H,image_04.png,4,40.0,526.4371236399403,577.0787473202289,324.0155020904573,323.05515013245906,1117.8534822120778,1114.5402679569838,1131.6993906139314,1100.4784895105174,-41.95380693361338,1772073.0,0.0,0.06665957101922729,162,False,3.0,False,0,False,True,False,True,True
105_Step index_0 Magnets Trial 3/H,105_Step index_0 Magnets Trial 3,step-index,105,0,Baseline,3,H,image_05.png,5,50.0,526.0777805209308,579.4081085851861,338.07756358605997,334.7368980550591,1166.367594371907,1154.842298289954,1173.5758753926748,1147.5163457732747,-31.874944655452083,1648549.0,0.0,0.06665957101922729,158,False,2.9850029431677823,False,0,False,True,False,True,True
105_Step index_0 Magnets Trial 3/H,105_Step index_0 Magnets Trial 3,step-index,105,0,Baseline,3,H,image_06.png,6,60.0,567.4364843084314,581.307449916218,370.55431688005086,369.29052571442963,1278.4123932361756,1274.0523137147823,1280.5731053623188,1271.8805239033045,-29.947426678151306,1753362.0,0.0,0.06665957101922729,107,False,2.695398421722007,False,0,False,True,False,True,True
105_Step index_0 Magnets Trial 3/H,105_Step index_0 Magnets Trial 3,step-index,105,0,Baseline,3,H,image_07.png,7,70.0,559.643247671515,588.1204282411695,413.6984667494486,410.1075993866656,1427.2597102855977,1414.8712178839962,1427.4982000102598,1414.6305994034417,-7.842025437524475,2159344.0,0.0,0.06662496186566333,102,False,2.3939062455461104,False,0,False,True,False,True,True
105_Step index_0 Magnets Trial 3/H,105_Step index_0 Magnets Trial 3,step-index,105,0,Baseline,3,H,image_08.png,8,80.0,594.2731522361288,592.4148203914821,461.16483527582926,460.6422443336288,1591.018681701611,1589.2157429510194,1591.5263585634568,1588.7073277242212,-25.120493755274587,2742910.0,0.0,0.06665957101922729,118,False,2.1126381073121876,False,0,False,True,False,True,True
105_Step index_0 Magnets Trial 3/H,105_Step index_0 Magnets Trial 3,step-index,105,0,Baseline,3,H,image_09.png,9,90.0,613.5585722627645,593.2220302562989,513.3355340065523,513.4190945522982,1771.0075923226054,1771.295876205429,1769.628168529616,1772.6740022556853,47.71554832571826,2861619.0,0.0,0.06907311851701992,84,False,1.8923391295718535,False,0,False,True,False,True,True
105_Step index_0 Magnets Trial 3/H,105_Step index_0 Magnets Trial 3,step-index,105,0,Baseline,3,H,image_10.png,10,100.0,622.0758520735508,594.0572705366665,573.5586606226084,571.4922846972744,1978.777379147999,1971.6483822055968,1979.20010965631,1971.224032224197,13.322791721002798,3394660.0,0.0,0.07068985172944449,92,False,1.697201477750865,False,0,False,True,False,True,True
105_Step index_0 Magnets Trial 3/H,105_Step index_0 Magnets Trial 3,step-index,105,0,Baseline,3,H,image_11.png,11,110.0,644.3035875677195,595.2096642479069,633.4738800575096,634.1200390580394,2185.4848861984083,2187.714134750236,2178.444025783146,2194.725256089556,48.93489632916073,3854868.0,0.0,0.07788142187445092,75,False,1.6,True,0,False,True,False,True,True
105_Step index_0 Magnets Trial 3/V,105_Step index_0 Magnets Trial 3,step-index,105,0,Baseline,3,V,image_01.png,1,10.0,1065.9170487206804,524.5485443477693,383.2222938738664,373.6326012164479,1322.1169138648393,1289.0324741967452,1342.5495325517225,1267.7375935525547,-31.872056432896205,2174867.0,0.0,0.06880548420271053,136,False,1.947083753964042,False,0,False,True,False,True,True
105_Step index_0 Magnets Trial 3/V,105_Step index_0 Magnets Trial 3,step-index,105,0,Baseline,3,V,image_02.png,2,20.0,1149.3834967401808,535.7274010825231,347.0279345642343,341.06120086014204,1197.2463742466084,1176.6611429674902,1219.4276759994161,1153.6578648034579,-35.87700103604498,2204110.0,0.0,0.09584535530900788,155,False,1.669086114640629,False,0,False,True,False,True,True
105_Step index_0 Magnets Trial 3/V,105_Step index_0 Magnets Trial 3,step-index,105,0,Baseline,3,V,image_03.png,3,30.0,1069.7035269577518,542.4415699971223,326.9612540924261,323.87244247749373,1128.0163266188702,1117.3599265473536,1148.8314378008301,1095.9472460356444,-39.18595655938369,1775723.0,0.0,0.06880548420271053,146,False,2.258961686866143,False,0,False,True,False,True,True
105_Step index_0 Magnets Trial 3/V,105_Step index_0 Magnets Trial 3,step-index,105,0,Baseline,3,V,image_04.png,4,40.0,1196.6401081414879,543.1360065501267,326.79972627778415,326.0331075236349,1127.4590556583553,1124.8142209565403,1142.758040775945,1109.2677828612998,-42.734975180652434,1739203.0,0.0,0.28261710132917506,190,False,1.6,True,0,False,True,False,True,True
105_Step index_0 Magnets Trial 3/V,105_Step index_0 Magnets Trial 3,step-index,105,0,Baseline,3,V,image_05.png,5,50.0,1088.7472160495297,546.5602912300881,342.10082760123885,342.0415652773737,1180.2478552242742,1180.0434002069394,1193.6335700246855,1166.5017473812795,-44.7841041748134,1763142.0,0.0,0.0690731185170199,137,False,2.0476582088759727,False,0,False,True,False,True,True
105_Step index_0 Magnets Trial 3/V,105_Step index_0 Magnets Trial 3,step-index,105,0,Baseline,3,V,image_06.png,6,60.0,1182.1648992815822,544.3343607173267,367.15793637361963,369.66552256800435,1266.6948804889878,1275.3460528596152,1266.1067978975452,1275.929877038404,-75.86346635733803,1686484.0,0.0,0.303667983888633,115,False,1.6,True,0,False,True,False,True,True
105_Step index_0 Magnets Trial 3/V,105_Step index_0 Magnets Trial 3,step-index,105,0,Baseline,3,V,image_07.png,7,70.0,833.2920506085923,556.8422380694973,414.11544493265376,414.8562204144274,1428.6982850176555,1431.2539604297747,1428.0506175729276,1431.90017896077,-65.79852712588503,2306881.0,0.0,0.06897287966330931,110,False,2.5172950831441536,False,0,False,True,False,True,True
105_Step index_0 Magnets Trial 3/V,105_Step index_0 Magnets Trial 3,step-index,105,0,Baseline,3,V,image_08.png,8,80.0,886.9508743762659,558.6547350606812,458.6912963366717,463.13497393749884,1582.4849723615175,1597.815660084371,1580.6808406855293,1599.6004661322704,72.06316473795378,2764199.0,0.0,0.06893943370581555,114,False,2.2470566647792856,False,0,False,True,False,True,True
105_Step index_0 Magnets Trial 3/V,105_Step index_0 Magnets Trial 3,step-index,105,0,Baseline,3,V,image_09.png,9,90.0,923.2436708956485,557.693294340702,510.44699766102997,517.8428582915988,1761.0421419305535,1786.5578611060157,1757.619688952506,1789.9249832720789,71.08543049754931,2975263.0,0.0,0.0690731185170199,98,False,2.013377986438306,False,0,False,True,False,True,True
105_Step index_0 Magnets Trial 3/V,105_Step index_0 Magnets Trial 3,step-index,105,0,Baseline,3,V,image_10.png,10,100.0,990.4250768489032,555.8237582107794,565.3541815569675,576.5092010280167,1950.471926371538,1988.956743546658,1949.4625802475962,1989.946057429098,80.96101016299531,3256390.0,0.0,0.07826441531814797,90,False,1.6,True,0,False,True,False,True,True
105_Step index_0 Magnets Trial 3/V,105_Step index_0 Magnets Trial 3,step-index,105,0,Baseline,3,V,image_11.png,11,110.0,1005.1888797026758,555.3529110422575,627.8938813287641,640.8745451837868,2166.233890584236,2211.0171808840646,2166.231998839475,2211.0190343106883,89.62953462864766,3882630.0,0.0,0.2300146981422628,98,False,1.6,True,0,False,True,False,True,True
105_Step index_25 Magnets Alternating Trial 1/H,105_Step index_25 Magnets Alternating Trial 1,step-index,105,25,Alternating,1,H,image_01.png,1,10.0,453.5705121041036,546.4160580894207,362.69062496467194,366.1184966916294,1251.2826561281183,1263.1088135861214,1246.6292816312189,1267.7016978239044,-62.07040204304124,1556910.0,0.0,0.14738743282497355,109,False,2.501000182274839,False,0,False,True,False,True,True
105_Step index_25 Magnets Alternating Trial 1/H,105_Step index_25 Magnets Alternating Trial 1,step-index,105,25,Alternating,1,H,image_02.png,2,20.0,589.5408479280853,558.6317168500698,322.74308831806593,336.63651449731015,1113.4636546973275,1161.39597501572,1112.8387981897783,1161.9947204519367,-83.59606756254807,1774325.0,0.0,1.5665843232418248,170,False,3.0,False,1,False,True,False,True,True
105_Step index_25 Magnets Alternating Trial 1/H,105_Step index_25 Magnets Alternating Trial 1,step-index,105,25,Alternating,1,H,image_03.png,3,30.0,593.3019992924286,551.9348181576179,310.1728794159514,323.77538523055,1070.0964339850325,1117.0250790453977,1070.0860913222568,1117.034987098665,-89.15873906574052,1735514.0,0.0,0.27553622259010074,157,False,3.0,False,0,False,True,False,True,True
105_Step index_25 Magnets Alternating Trial 1/H,105_Step index_25 Magnets Alternating Trial 1,step-index,105,25,Alternating,1,H,image_04.png,4,40.0,562.855710616342,575.4335641937894,321.9695793461844,331.41964464345585,1110.795048744336,1143.3977740199227,1110.760446178711,1143.431388913877,88.14858116478098,2397841.0,0.0,0.08277425853190418,209,False,3.0,False,0,False,True,False,True,True
105_Step index_25 Magnets Alternating Trial 1/H,105_Step index_25 Magnets Alternating Trial 1,step-index,105,25,Alternating,1,H,image_05.png,5,50.0,552.8508236316942,578.1769515454529,344.8393971268122,352.8150554338912,1189.6959200875021,1217.2119412469247,1189.3502343460095,1217.5497165405804,83.68030419992294,3022771.0,0.0,0.06947098494683852,200,False,2.839011775382635,False,0,False,True,False,True,True
105_Step index_25 Magnets Alternating Trial 1/H,105_Step index_25 Magnets Alternating Trial 1,step-index,105,25,Alternating,1,H,image_06.png,6,60.0,710.1765581691965,583.2147559893951,376.07053034087664,385.6359781488225,1297.4433296760244,1330.4441246134377,1296.7618585481466,1331.1083519586164,81.95486370364168,3518761.0,0.0,0.39684324433840384,195,False,2.571260318554998,False,0,False,True,False,True,True
105_Step index_25 Magnets Alternating Trial 1/H,105_Step index_25 Magnets Alternating Trial 1,step-index,105,25,Alternating,1,H,image_07.png,7,70.0,710.234183673349,583.9065307028606,427.5092818507137,432.5086429752686,1474.9070223849624,1492.1548182646766,1474.0219390567092,1493.0291522708008,77.5768015193424,4238579.0,0.0,0.19015984228805846,192,False,2.28940403442944,False,0,False,True,False,True,True
105_Step index_25 Magnets Alternating Trial 1/H,105_Step index_25 Magnets Alternating Trial 1,step-index,105,25,Alternating,1,H,image_08.png,8,80.0,763.5948816872548,588.755817294418,471.4218515580859,475.6296743386075,1626.4053878753964,1640.922376468196,1626.371022548511,1640.9564370569567,87.22396978608292,4280942.0,0.0,0.4215037849748682,203,False,2.0614516506142118,False,0,False,True,False,True,True
105_Step index_25 Magnets Alternating Trial 1/H,105_Step index_25 Magnets Alternating Trial 1,step-index,105,25,Alternating,1,H,image_09.png,9,90.0,774.7557971420856,591.7469855615147,515.0691134306272,521.2696014376139,1776.988441335664,1798.3801249597682,1776.4638734200669,1798.8983019960403,-81.23144910696014,4244074.0,0.0,0.313571254482913,146,False,1.8694630663425427,False,0,False,True,False,True,True
105_Step index_25 Magnets Alternating Trial 1/H,105_Step index_25 Magnets Alternating Trial 1,step-index,105,25,Alternating,1,H,image_10.png,10,100.0,621.703249144736,594.3706144916276,569.8871706604081,567.8558248104558,1966.110738778408,1959.1025955960727,1967.674932206468,1957.5315523325082,-23.148934793325164,3727504.0,0.0,0.08999398997258022,126,False,1.7066952285394361,False,0,False,True,False,True,True
105_Step index_25 Magnets Alternating Trial 1/H,105_Step index_25 Magnets Alternating Trial 1,step-index,105,25,Alternating,1,H,image_11.png,11,110.0,628.7680751089349,596.322794637643,629.9036435104931,634.1109257093132,2173.1675701112013,2187.6826936971306,2169.8765991369623,2190.946918709526,-66.77130378413833,3895675.0,0.0,0.09006298314832303,88,False,1.6,True,0,False,True,False,True,True
105_Step index_25 Magnets Alternating Trial 1/V,105_Step index_25 Magnets Alternating Trial 1,step-index,105,25,Alternating,1,V,image_01.png,1,10.0,851.5707300066456,525.5129791370259,432.277593664106,368.1398574654268,1491.3576981411659,1270.0825082557226,1491.5154982534007,1269.897192709699,-1.5892085641189564,1772614.0,0.0,4.37344413017081,128,False,2.713893144965694,False,1,False,True,False,True,True
105_Step index_25 Magnets Alternating Trial 1/V,105_Step index_25 Magnets Alternating Trial 1,step-index,105,25,Alternating,1,V,image_02.png,2,20.0,1012.1887526846529,536.1082467893166,331.1263400151224,336.3279089288874,1142.3858730521724,1160.3312858046615,1138.1761641631615,1164.460903206761,-66.52965259444112,1766057.0,0.0,0.06880548420271053,146,False,2.577935946115642,False,0,False,True,False,True,True
105_Step index_25 Magnets Alternating Trial 1/V,105_Step index_25 Magnets Alternating Trial 1,step-index,105,25,Alternating,1,V,image_03.png,3,30.0,952.2876274325728,525.2704175785963,318.61773291016544,325.40542634413475,1099.231178540071,1122.648720887265,1097.616746155975,1124.2272069925968,-75.82280392691219,1771427.0,0.0,0.06877195528764408,178,False,3.0,False,0,False,True,False,True,True
105_Step index_25 Magnets Alternating Trial 1/V,105_Step index_25 Magnets Alternating Trial 1,step-index,105,25,Alternating,1,V,image_04.png,4,40.0,1047.1894834773586,544.6305601774819,322.57953049961617,331.45498935976144,1112.8993802236757,1143.5197132911771,1112.8038650598098,1143.6126630532412,-86.8299434528019,1676790.0,0.0,0.06665957101922729,221,False,2.429233596538498,False,0,False,True,False,True,True
105_Step index_25 Magnets Alternating Trial 1/V,105_Step index_25 Magnets Alternating Trial 1,step-index,105,25,Alternating,1,V,image_05.png,5,50.0,1041.454744034196,546.3698169028306,348.42046744212047,358.60511151472076,1202.0506126753157,1237.1876347257867,1201.915761946346,1237.3186413112926,86.48731253911438,2971100.0,0.0,0.07075504080937259,193,False,2.281985664529562,False,0,False,True,False,True,True
105_Step index_25 Magnets Alternating Trial 1/V,105_Step index_25 Magnets Alternating Trial 1,step-index,105,25,Alternating,1,V,image_06.png,6,60.0,1107.4986264852605,549.1440594814992,379.4853710308835,388.7526399071472,1309.2245300565482,1341.196607679658,1309.1707373663185,1341.249115927739,87.6673031037089,3531451.0,0.0,0.12253129122716666,214,False,1.7471152743575304,False,0,False,True,False,True,True
105_Step index_25 Magnets Alternating Trial 1/V,105_Step index_25 Magnets Alternating Trial 1,step-index,105,25,Alternating,1,V,image_07.png,7,70.0,749.9662661936952,553.4556580174705,428.843463471356,437.059379559494,1479.5099489761783,1507.8548594802544,1478.9724604960265,1508.3820562019564,82.26834167318034,4379405.0,0.0,0.1439576398464285,196,False,2.40491038302875,False,0,False,True,False,True,True
105_Step index_25 Magnets Alternating Trial 1/V,105_Step index_25 Magnets Alternating Trial 1,step-index,105,25,Alternating,1,V,image_08.png,8,80.0,791.748680393667,556.7420139763582,471.3528157151246,479.48079617625297,1626.1672142171801,1654.2087468080729,1626.150969356353,1654.224716135203,88.62751787542018,4438066.0,0.0,0.09322116033380042,197,False,2.178431838215644,False,0,False,True,False,True,True
105_Step index_25 Magnets Alternating Trial 1/V,105_Step index_25 Magnets Alternating Trial 1,step-index,105,25,Alternating,1,V,image_09.png,9,90.0,730.3020103519051,558.7801226588979,512.8319555688479,525.3405591938287,1769.2702467125252,1812.424929218709,1768.983329487708,1812.704970465471,-85.38179020508663,4491154.0,0.0,0.11317814558116726,132,False,1.9805056885582353,False,0,False,True,False,True,True
105_Step index_25 Magnets Alternating Trial 1/V,105_Step index_25 Magnets Alternating Trial 1,step-index,105,25,Alternating,1,V,image_10.png,10,100.0,779.2309091368675,554.3360812012041,567.2825384997952,580.3840381674464,1957.1247578242937,2002.3249316776903,1955.410873300865,2003.9986941821137,-79.23982076276528,4272646.0,0.0,0.0724925465134708,116,False,1.8079766254953706,False,0,False,True,False,True,True
105_Step index_25 Magnets Alternating Trial 1/V,105_Step index_25 Magnets Alternating Trial 1,step-index,105,25,Alternating,1,V,image_11.png,11,110.0,763.0856027028426,554.9534331797234,625.1890146341901,641.2842036666798,2156.902100487956,2212.4305026500456,2154.9224327946185,2214.358757921628,-79.5545605241003,3862600.0,0.0,0.07456006866768236,81,False,1.6343593722248915,False,0,False,True,False,True,True
105_Step index_25 Magnets Alternating Trial 2/H,105_Step index_25 Magnets Alternating Trial 2,step-index,105,25,Alternating,2,H,image_01.png,1,10.0,459.39067450572384,561.150116394305,365.95974912161597,367.6690405670076,1262.561134469575,1268.4581899561763,1251.9838043303528,1278.8992734513918,-51.32829984791431,1720445.0,0.0,0.20347304797242327,124,False,2.510344900977218,False,0,False,True,False,True,True
105_Step index_25 Magnets Alternating Trial 2/H,105_Step index_25 Magnets Alternating Trial 2,step-index,105,25,Alternating,2,H,image_02.png,2,20.0,610.3085760317881,566.4264486143376,327.38829056461987,340.100512719519,1129.4896024479385,1173.3467688823405,1127.6149990694194,1175.1484229484822,-78.66119007779335,1804949.0,0.0,2.412221924651557,210,False,3.0,False,1,False,True,False,True,True
105_Step index_25 Magnets Alternating Trial 2/H,105_Step index_25 Magnets Alternating Trial 2,step-index,105,25,Alternating,2,H,image_03.png,3,30.0,637.2712730183788,572.6451753612823,309.87504407466395,323.25549267342575,1069.0689020575908,1115.231449723319,1068.9632413074557,1115.3327272756128,-87.29307462102223,1781294.0,0.0,1.3759304925961546,156,False,3.0,False,1,False,True,False,True,True
105_Step index_25 Magnets Alternating Trial 2/H,105_Step index_25 Magnets Alternating Trial 2,step-index,105,25,Alternating,2,H,image_04.png,4,40.0,608.8308972106963,571.744677847051,314.5676705093033,326.27014829785395,1085.2584632570965,1125.6320116275963,1085.255983258209,1125.6344026699796,89.55508626061324,1749433.0,0.0,0.11492380369363615,182,False,3.0,False,0,False,True,False,True,True
105_Step index_25 Magnets Alternating Trial 2/H,105_Step index_25 Magnets Alternating Trial 2,step-index,105,25,Alternating,2,H,image_05.png,5,50.0,610.7859008719638,579.6397248950627,333.7198717108961,341.108428857986,1151.3335574025916,1176.8240795600518,1151.1307270895065,1177.022482276381,84.95034903080357,1737228.0,0.0,0.07059195297308156,131,False,2.927868283857837,False,0,False,True,False,True,True
105_Step index_25 Magnets Alternating Trial 2/H,105_Step index_25 Magnets Alternating Trial 2,step-index,105,25,Alternating,2,H,image_06.png,6,60.0,723.0738360170023,582.292466905589,367.5955198617389,373.05976125847604,1268.2045435229993,1287.0561763417425,1267.8958998488981,1287.3602263617431,82.79318415579921,1703762.0,0.0,0.26554325595074146,104,False,2.6628845277701503,False,0,False,True,False,True,True
105_Step index_25 Magnets Alternating Trial 2/H,105_Step index_25 Magnets Alternating Trial 2,step-index,105,25,Alternating,2,H,image_07.png,7,70.0,739.8719624774476,584.5276649872361,406.21069673966605,411.06854296843784,1401.426903751848,1418.1864732411107,1400.8931722107661,1418.7136989177234,80.06502252134358,1709905.0,0.0,0.15808050309713378,115,False,2.4057901947059466,False,0,False,True,False,True,True
105_Step index_25 Magnets Alternating Trial 2/H,105_Step index_25 Magnets Alternating Trial 2,step-index,105,25,Alternating,2,H,image_08.png,8,80.0,626.3587223684659,592.2877573794468,458.18125866030147,458.9557928117221,1580.72534237804,1583.3974852004415,1578.2982618137305,1585.8167614611125,-55.40928498239413,2521666.0,0.0,0.06714219273619615,107,False,2.120954785814056,False,0,False,True,False,True,True
105_Step index_25 Magnets Alternating Trial 2/H,105_Step index_25 Magnets Alternating Trial 2,step-index,105,25,Alternating,2,H,image_09.png,9,90.0,647.4708720533615,594.634749120916,511.97170447821844,512.9347590977787,1766.3023804498537,1769.6249188873367,1758.5112275326815,1777.3673552114476,-50.07445674565341,2921507.0,0.0,0.07046120548047322,100,False,1.888603487752242,False,0,False,True,False,True,True
105_Step index_25 Magnets Alternating Trial 2/H,105_Step index_25 Magnets Alternating Trial 2,step-index,105,25,Alternating,2,H,image_10.png,10,100.0,840.6026490965246,591.0624281645171,567.810012255655,568.9128565128725,1958.94454228201,1962.7493549694102,1947.8344471578553,1973.7754980327834,-49.217132787699995,3314866.0,0.0,0.9908638979828679,109,False,1.7153061938552803,False,0,False,True,False,True,True
105_Step index_25 Magnets Alternating Trial 2/H,105_Step index_25 Magnets Alternating Trial 2,step-index,105,25,Alternating,2,H,image_11.png,11,110.0,872.1223414135854,591.8636535095367,627.4585284401022,624.9314581850987,2164.731923118353,2156.0135307385904,2183.37313046606,2137.133691853274,-39.565642163837815,3332363.0,0.0,1.049451255842259,112,False,1.6,True,0,False,True,False,True,True
105_Step index_25 Magnets Alternating Trial 2/V,105_Step index_25 Magnets Alternating Trial 2,step-index,105,25,Alternating,2,V,image_01.png,1,10.0,1011.7590418279058,527.9549083732951,370.0406657246278,371.98360393269644,1276.640296749966,1283.3434335678028,1263.3540945135305,1296.424794441751,-50.847660520640574,1801931.0,0.0,0.06877195528764408,125,False,2.3091539932006087,False,0,False,True,False,True,True
105_Step index_25 Magnets Alternating Trial 2/V,105_Step index_25 Magnets Alternating Trial 2,step-index,105,25,Alternating,2,V,image_02.png,2,20.0,1218.133706751976,536.7623121553355,334.16993993810263,340.578349152887,1152.886292786454,1174.99530457746,1147.8167626672105,1179.94807055825,-66.74064522354514,1754242.0,0.0,0.8527668836503818,119,False,1.6,True,0,True,True,False,True,True
105_Step index_25 Magnets Alternating Trial 2/V,105_Step index_25 Magnets Alternating Trial 2,step-index,105,25,Alternating,2,V,image_03.png,3,30.0,1160.6307440632356,542.3417931932398,318.54005282594926,324.8529649106316,1098.963182249525,1120.7427289416792,1098.0537534319183,1121.633761523663,-78.73299663107349,1781905.0,0.0,0.10835048505929547,207,False,1.7477784893174495,False,0,False,True,False,True,True
105_Step index_25 Magnets Alternating Trial 2/V,105_Step index_25 Magnets Alternating Trial 2,step-index,105,25,Alternating,2,V,image_04.png,4,40.0,1201.530094795143,539.2815137636394,319.4741985943547,328.03344846812706,1102.1859851505237,1131.7153972150384,1101.137025484198,1132.736040418789,-79.57504918888948,1689960.0,0.0,0.2752225555389998,209,False,1.6,True,0,False,True,False,True,True
105_Step index_25 Magnets Alternating Trial 2/V,105_Step index_25 Magnets Alternating Trial 2,step-index,105,25,Alternating,2,V,image_05.png,5,50.0,1027.3901676508042,547.4660030725029,338.49932665634685,346.78102540103254,1167.8226769643968,1196.3945376335623,1167.8071461561744,1196.4096973438018,88.67286695594531,1765336.0,0.0,0.06877195528764408,129,False,2.4319683965993386,False,0,False,True,False,True,True
105_Step index_25 Magnets Alternating Trial 2/V,105_Step index_25 Magnets Alternating Trial 2,step-index,105,25,Alternating,2,V,image_06.png,6,60.0,1116.8589566187468,546.923573663952,372.524192797637,379.1948479405973,1285.2084651518478,1308.2222253950608,1284.838629017269,1308.5854528079542,82.86355673629312,1767676.0,0.0,0.07415748727048652,130,False,1.7294988194206005,False,0,False,True,False,True,True
105_Step index_25 Magnets Alternating Trial 2/V,105_Step index_25 Magnets Alternating Trial 2,step-index,105,25,Alternating,2,V,image_07.png,7,70.0,1081.577699855489,548.8228149185167,416.76874450426544,424.1217580085102,1437.8521685397159,1463.2200651293604,1437.6852297389805,1463.3840909897538,85.39751953703548,2437186.0,0.0,0.0757546924312994,132,False,1.715300625535896,False,0,False,True,False,True,True
105_Step index_25 Magnets Alternating Trial 2/V,105_Step index_25 Magnets Alternating Trial 2,step-index,105,25,Alternating,2,V,image_08.png,8,80.0,927.237661056914,554.0067862436242,457.4635107504573,464.9388070189547,1578.249112089078,1604.0388842153939,1577.9423369182473,1604.3406693236664,83.83696595524762,2427558.0,0.0,0.06883899647780027,100,False,2.2373908603269923,False,0,False,True,False,True,True
105_Step index_25 Magnets Alternating Trial 2/V,105_Step index_25 Magnets Alternating Trial 2,step-index,105,25,Alternating,2,V,image_09.png,9,90.0,760.9181655158526,559.4951452937011,516.986821308266,522.9043739156476,1783.604533513518,1804.0200900089844,1782.4098946694505,1805.2004277947744,-76.80534225606459,3654804.0,0.0,0.07707974440111537,108,False,1.9869975491545724,False,0,False,True,False,True,True
105_Step index_25 Magnets Alternating Trial 2/V,105_Step index_25 Magnets Alternating Trial 2,step-index,105,25,Alternating,2,V,image_10.png,10,100.0,813.8949352629055,556.781623765729,568.2058312155583,572.7158640108961,1960.3101176936761,1975.8697308375915,1956.283415521896,1979.8565980712842,-65.65231461735337,3590986.0,0.0,0.06900630910168704,106,False,1.82365605372627,False,0,False,True,False,True,True
105_Step index_25 Magnets Alternating Trial 2/V,105_Step index_25 Magnets Alternating Trial 2,step-index,105,25,Alternating,2,V,image_11.png,11,110.0,663.3113205092228,559.3412762547651,627.5117562440817,633.8358090376069,2164.915559042082,2186.733541179744,2156.403753657277,2195.1277432340466,-62.14695077195855,4265559.0,0.0,0.1714610526530189,91,False,1.6397280924651672,False,0,False,True,False,True,True
105_Step index_25 Magnets Norrmal Trial 1/H,105_Step index_25 Magnets Norrmal Trial 1,step-index,105,25,Normal,1,H,image_01.png,1,10.0,311.81780657712574,558.2681476733188,370.3514781181553,374.78143971760824,1277.7125995076358,1292.9959670257485,1261.070582452041,1309.2322344639554,-54.25242351707999,2411783.0,0.0,0.06907311851701992,115,False,1.6839020498125015,False,0,False,True,False,True,True
105_Step index_25 Magnets Norrmal Trial 1/H,105_Step index_25 Magnets Norrmal Trial 1,step-index,105,25,Normal,1,H,image_02.png,2,20.0,565.6497193940755,552.0029246589419,357.9178109978066,341.82394868306204,1234.816447942433,1179.2926229565642,1240.3675576422177,1173.4526290471294,-16.95747706682543,2082636.0,0.0,1.5712862153440763,139,False,3.0,False,1,False,True,False,True,True
105_Step index_25 Magnets Norrmal Trial 1/H,105_Step index_25 Magnets Norrmal Trial 1,step-index,105,25,Normal,1,H,image_03.png,3,30.0,570.2289042473478,559.5974918168553,324.11640067981574,327.464414583416,1118.2015823453644,1129.7522303127853,1112.175169968633,1135.6853754282618,-59.71381937752075,2028560.0,0.0,0.23188193248784109,186,False,3.0,False,0,False,True,False,True,True
105_Step index_25 Magnets Norrmal Trial 1/H,105_Step index_25 Magnets Norrmal Trial 1,step-index,105,25,Normal,1,H,image_04.png,4,40.0,577.9837680497077,584.408953743912,330.6304810942312,332.57681515940374,1140.6751597750977,1147.390012299943,1140.4551990211796,1147.6086438673985,-79.9162305457526,2424416.0,0.0,0.08826914328367896,204,False,2.9742965654784976,False,0,False,True,False,True,True
105_Step index_25 Magnets Norrmal Trial 1/H,105_Step index_25 Magnets Norrmal Trial 1,step-index,105,25,Normal,1,H,image_05.png,5,50.0,562.810650662615,586.9279130680117,355.09458889335394,352.5366876751823,1225.0763316820712,1216.2515724793789,1226.957060852279,1214.3542633148284,22.77739038268886,2998574.0,0.0,0.0760579152759454,209,False,2.791607819186014,False,0,False,True,False,True,True
105_Step index_25 Magnets Norrmal Trial 1/H,105_Step index_25 Magnets Norrmal Trial 1,step-index,105,25,Normal,1,H,image_06.png,6,60.0,675.9733044372582,585.3277024220614,392.3201565524271,390.90384652485716,1353.5045401058735,1348.6182705107572,1360.5148348816876,1341.54581126009,37.53620905644488,3382697.0,0.0,0.1401906254729656,204,False,2.5257991292062996,False,0,False,True,False,True,True
105_Step index_25 Magnets Norrmal Trial 1/H,105_Step index_25 Magnets Norrmal Trial 1,step-index,105,25,Normal,1,H,image_07.png,7,70.0,699.4206321972179,585.1695006035069,437.47860999440815,435.7957598140389,1509.3012044807083,1503.4953713584343,1517.305618997432,1495.4170375189572,37.309055997649025,3424153.0,0.0,0.12052092497376116,172,False,2.266339165884581,False,0,False,True,False,True,True
105_Step index_25 Magnets Norrmal Trial 1/H,105_Step index_25 Magnets Norrmal Trial 1,step-index,105,25,Normal,1,H,image_08.png,8,80.0,765.5638177656656,589.6112204203479,492.25298056666907,491.35741102166315,1698.2727829550083,1695.183068024738,1708.776543063863,1684.5945522048405,41.32955533133728,4307860.0,0.0,0.3724271155995847,158,False,1.991989658260178,False,0,False,True,False,True,True
105_Step index_25 Magnets Norrmal Trial 1/H,105_Step index_25 Magnets Norrmal Trial 1,step-index,105,25,Normal,1,H,image_09.png,9,90.0,784.5990241584512,593.1217815959996,538.4988764155418,536.7503033714577,1857.8211236336192,1851.788546631529,1866.8905639832305,1842.6447761208267,37.79632120976732,4385753.0,0.0,0.3992484975222495,113,False,1.8104824781332491,False,0,False,True,False,True,True
105_Step index_25 Magnets Norrmal Trial 1/H,105_Step index_25 Magnets Norrmal Trial 1,step-index,105,25,Normal,1,H,image_10.png,10,100.0,625.600708991939,595.0183476623482,588.0300184959277,585.3324105313117,2028.7035638109508,2019.3968163330253,2032.2952151281675,2015.782183223765,27.84731877567242,4026562.0,0.0,0.07258453839565285,118,False,1.653657226297317,False,0,False,True,False,True,True
105_Step index_25 Magnets Norrmal Trial 1/H,105_Step index_25 Magnets Norrmal Trial 1,step-index,105,25,Normal,1,H,image_11.png,11,110.0,675.5840204727773,598.7501476739719,644.4912604065588,646.7846540438547,2223.494848402628,2231.407056451299,2222.37340946469,2232.523957622396,70.60679575782063,3988516.0,0.0,0.10419572430758742,86,False,1.6,True,0,False,True,False,True,True
105_Step index_25 Magnets Norrmal Trial 1/V,105_Step index_25 Magnets Norrmal Trial 1,step-index,105,25,Normal,1,V,image_01.png,1,10.0,984.9907591279666,523.9375893736544,378.1927608998223,381.55618158604426,1304.765025104387,1316.3688264718528,1281.3944340972655,1339.1291805897904,-50.79864283337368,2130102.0,0.0,0.13398143599409246,124,False,2.400873921338461,False,0,False,True,False,True,True
105_Step index_25 Magnets Norrmal Trial 1/V,105_Step index_25 Magnets Norrmal Trial 1,step-index,105,25,Normal,1,V,image_02.png,2,20.0,1023.3273987780283,521.3513929162494,343.08147556022084,347.5013134037234,1183.6310906827619,1198.8795312428456,1162.34686303773,1219.5263257717234,-52.73542985340053,2084009.0,0.0,0.06877195528764408,161,False,2.4231713504392283,False,0,False,True,False,True,True
105_Step index_25 Magnets Norrmal Trial 1/V,105_Step index_25 Magnets Norrmal Trial 1,step-index,105,25,Normal,1,V,image_03.png,3,30.0,1007.3949723175338,526.8272011520119,328.58788778442363,333.0801198192024,1133.6282128562616,1149.1264133762484,1117.4406279480331,1164.8737622222195,-54.53735822421042,2393031.0,0.0,0.06877195528764408,179,False,2.6270294416063744,False,0,False,True,False,True,True
105_Step index_25 Magnets Norrmal Trial 1/V,105_Step index_25 Magnets Norrmal Trial 1,step-index,105,25,Normal,1,V,image_04.png,4,40.0,1135.1058968466216,547.7857625631011,328.76053126213696,335.6176518104977,1134.2238328543726,1157.880898746217,1125.7187010129526,1166.1514845361742,-62.907006638780615,2328804.0,0.0,0.1009478313739946,228,False,1.8487184562133967,False,0,False,True,False,True,True
105_Step index_25 Magnets Norrmal Trial 1/V,105_Step index_25 Magnets Norrmal Trial 1,step-index,105,25,Normal,1,V,image_05.png,5,50.0,924.1621381718523,554.6245709000544,352.22624949223274,357.9719864966723,1215.180560748203,1235.0033534135196,1210.2668032510915,1239.8190767653723,-66.06431603863511,2844617.0,0.0,0.06913986214308392,227,False,2.9233701509353827,False,0,False,True,False,True,True
105_Step index_25 Magnets Norrmal Trial 1/V,105_Step index_25 Magnets Norrmal Trial 1,step-index,105,25,Normal,1,V,image_06.png,6,60.0,1024.5689799119605,552.2555026200814,386.0895458538525,392.6919301779456,1332.008933195791,1354.7871591139124,1328.0784970554807,1358.6403314609029,-69.09404750825308,3340545.0,0.0,0.07334554850833153,199,False,2.1468129584887294,False,0,False,True,False,True,True
105_Step index_25 Magnets Norrmal Trial 1/V,105_Step index_25 Magnets Norrmal Trial 1,step-index,105,25,Normal,1,V,image_07.png,7,70.0,965.6658293120128,548.7362180764405,429.89544832001906,436.29175624502835,1483.1392967040658,1505.2065590453478,1479.2356898995495,1509.0429856529506,-68.88051504035279,3550865.0,0.0,0.06953895292005627,170,False,2.2020897059399984,False,0,False,True,False,True,True
105_Step index_25 Magnets Norrmal Trial 1/V,105_Step index_25 Magnets Norrmal Trial 1,step-index,105,25,Normal,1,V,image_08.png,8,80.0,1027.5771298988238,554.0024676063636,481.2473984107342,490.58942659963543,1660.303524517033,1692.5335217687423,1657.6779989894578,1695.1050609035685,-74.72327946358814,4462219.0,0.0,0.11881991667244128,156,False,1.709651258926906,False,0,False,True,False,True,True
105_Step index_25 Magnets Norrmal Trial 1/V,105_Step index_25 Magnets Norrmal Trial 1,step-index,105,25,Normal,1,V,image_09.png,9,90.0,1000.9043656311593,555.1196841736934,527.5751361031424,536.1310417414753,1820.1342195558414,1849.65209400809,1816.4422889307136,1853.2778682784767,-71.62988559112854,4489683.0,0.0,0.10696886241482212,131,False,1.6607789959708565,False,0,False,True,False,True,True
105_Step index_25 Magnets Norrmal Trial 1/V,105_Step index_25 Magnets Norrmal Trial 1,step-index,105,25,Normal,1,V,image_10.png,10,100.0,1069.328113700042,552.2181320207164,576.0128976113722,589.2980142660775,1987.2444967592342,2033.0781492179676,1983.8355023465417,2036.4047118283888,-75.33953593425571,4112294.0,0.0,0.4780347567824433,110,False,1.6,True,0,False,True,False,True,True
105_Step index_25 Magnets Norrmal Trial 1/V,105_Step index_25 Magnets Norrmal Trial 1,step-index,105,25,Normal,1,V,image_11.png,11,110.0,1002.9718458329859,554.2534637602076,636.4135777556548,648.8908952776976,2195.626843257009,2238.6735887080567,2191.302802448833,2242.9063064670445,-73.266303075092,3789812.0,0.0,0.23901723822627635,92,False,1.6,True,0,False,True,False,True,True
105_Step index_25 Magnets Norrmal Trial 2/H,105_Step index_25 Magnets Norrmal Trial 2,step-index,105,25,Normal,2,H,image_01.png,1,10.0,304.3312792717103,558.2272339529859,372.18623588557114,372.7060053287563,1284.0425138052206,1285.8357183842093,1265.505154603092,1304.0841137000596,-46.33222429452881,2251961.0,0.0,0.06700466189071061,122,False,1.6353709510379482,False,0,False,True,False,True,True
105_Step index_25 Magnets Norrmal Trial 2/H,105_Step index_25 Magnets Norrmal Trial 2,step-index,105,25,Normal,2,H,image_02.png,2,20.0,367.061307824475,571.6412431275961,340.7737574078365,343.4869137134817,1175.669463057036,1185.029852311512,1160.600715479713,1199.7918221350913,-51.90994792444487,2516041.0,0.0,0.06665957101922729,205,False,2.1542815421973804,False,0,False,True,False,True,True
105_Step index_25 Magnets Norrmal Trial 2/H,105_Step index_25 Magnets Norrmal Trial 2,step-index,105,25,Normal,2,H,image_03.png,3,30.0,342.4391365581005,578.246122790606,322.96098604971775,323.98687551886076,1114.2154018715262,1117.7547205400697,1104.6279511596422,1127.230529472205,-49.50471407302982,1543636.0,0.0,0.06662496186566333,176,False,2.120622312599604,False,0,False,True,False,True,True
105_Step index_25 Magnets Norrmal Trial 2/H,105_Step index_25 Magnets Norrmal Trial 2,step-index,105,25,Normal,2,H,image_04.png,4,40.0,408.2665016345855,581.4384188642621,328.2361682478108,328.50179861393036,1132.4147804549473,1133.3312052180597,1129.0584201335037,1136.674948980351,-48.45532005678494,1588782.0,0.0,0.06877195528764408,164,False,2.48763872557977,False,0,False,True,False,True,True
105_Step index_25 Magnets Norrmal Trial 2/H,105_Step index_25 Magnets Norrmal Trial 2,step-index,105,25,Normal,2,H,image_05.png,5,50.0,396.4180442023148,586.0266660607966,347.7833408363957,344.9475226208772,1199.8525258855652,1190.0689530420264,1200.9986105807834,1188.9123324499346,17.97735867195042,1628512.0,0.0,0.06883899647780026,112,False,2.2796839161355793,False,0,False,True,False,True,True
105_Step index_25 Magnets Norrmal Trial 2/H,105_Step index_25 Magnets Norrmal Trial 2,step-index,105,25,Normal,2,H,image_06.png,6,60.0,765.8094049161222,581.6717806031096,375.6663838364625,376.78094159212964,1296.0490242357957,1299.8942484928473,1290.6992293511198,1305.2063552709847,52.68530261382435,1785513.0,0.0,1.1230716498468343,103,False,2.6398799116291545,False,1,False,True,False,True,True
105_Step index_25 Magnets Norrmal Trial 2/H,105_Step index_25 Magnets Norrmal Trial 2,step-index,105,25,Normal,2,H,image_07.png,7,70.0,794.8336015030388,583.4760068645002,424.88211314434534,422.4098211612724,1465.8432903479916,1457.31388300639,1473.3401859726646,1449.7341141945385,34.40896329711047,2483502.0,0.0,1.2530760395418612,99,False,2.346176477493941,False,1,False,True,False,True,True
105_Step index_25 Magnets Norrmal Trial 2/H,105_Step index_25 Magnets Norrmal Trial 2,step-index,105,25,Normal,2,H,image_08.png,8,80.0,684.5280129509308,590.370752654203,470.23710816033065,469.4254593072403,1622.3180231531408,1619.5178346099792,1628.2879120045802,1613.5154974424868,39.53652990076759,2696949.0,0.0,0.06993385378683475,116,False,2.0818182638278584,False,0,False,True,False,True,True
105_Step index_25 Magnets Norrmal Trial 2/H,105_Step index_25 Magnets Norrmal Trial 2,step-index,105,25,Normal,2,H,image_09.png,9,90.0,687.246258008184,593.3659035775592,525.0033967247521,524.3744802531871,1811.2617187003948,1809.0919568734957,1816.1921551192167,1804.1421168348402,39.813267386046995,2892978.0,0.0,0.0697358649520145,93,False,1.852243795080095,False,0,False,True,False,True,True
105_Step index_25 Magnets Norrmal Trial 2/H,105_Step index_25 Magnets Norrmal Trial 2,step-index,105,25,Normal,2,H,image_10.png,10,100.0,497.62460959530307,562.2345889161861,574.5553846418043,571.546665371072,1982.2160770142248,1971.8359955301985,1999.720209240993,1954.0821001164184,-38.42628038740379,3111835.0,0.0,2.240222106096768,99,False,1.7322249126592757,False,1,False,True,False,True,True
105_Step index_25 Magnets Norrmal Trial 2/H,105_Step index_25 Magnets Norrmal Trial 2,step-index,105,25,Normal,2,H,image_11.png,11,110.0,526.9780198014199,560.3174975736329,630.9304245257972,630.056190741818,2176.7099646140005,2173.6938580592723,2197.2796815276456,2152.898803882861,-43.05149812699623,3534090.0,0.0,1.598451336724847,77,False,1.6464623464693693,False,1,False,True,False,True,True
105_Step index_25 Magnets Norrmal Trial 2/V,105_Step index_25 Magnets Norrmal Trial 2,step-index,105,25,Normal,2,V,image_01.png,1,10.0,1018.5516499062675,524.3758053791494,379.1096079126117,383.924044176494,1307.9281472985103,1324.5379524089044,1294.9127180520456,1337.2650741324064,-56.546487293305894,2380711.0,0.0,0.06717653066028394,156,False,2.2180833263959365,False,0,False,True,False,True,True
105_Step index_25 Magnets Norrmal Trial 2/V,105_Step index_25 Magnets Norrmal Trial 2,step-index,105,25,Normal,2,V,image_02.png,2,20.0,1151.509059115908,532.1565605175899,343.19487886275846,350.94734876734526,1184.0223320765167,1210.768353247341,1171.207599643891,1223.1686909897537,-60.49273855234444,2552291.0,0.0,0.1263700035244812,207,False,1.6753529181846933,False,0,False,True,False,True,True
105_Step index_25 Magnets Norrmal Trial 2/V,105_Step index_25 Magnets Norrmal Trial 2,step-index,105,25,Normal,2,V,image_03.png,3,30.0,1179.5567540952693,536.5522959465767,322.8539766900587,329.33389338701807,1113.8462195807026,1136.2019321852124,1102.952978284386,1146.7793856140054,-60.337525616440644,1718202.0,0.0,0.1455733217427409,153,False,1.6071554573852764,False,0,False,True,False,True,True
105_Step index_25 Magnets Norrmal Trial 2/V,105_Step index_25 Magnets Norrmal Trial 2,step-index,105,25,Normal,2,V,image_04.png,4,40.0,1146.7149312146935,540.7053112563807,323.77647218379406,330.5101595316042,1117.0288290340895,1140.2600503840345,1110.0560782066889,1147.0492102048004,-64.45277704316426,1612481.0,0.0,0.07611841153941867,143,False,1.8054744684456057,False,0,False,True,False,True,True
105_Step index_25 Magnets Norrmal Trial 2/V,105_Step index_25 Magnets Norrmal Trial 2,step-index,105,25,Normal,2,V,image_05.png,5,50.0,960.2694981059421,547.3018261651782,342.96067217122834,347.5842973749124,1183.2143189907379,1199.1658259434478,1177.5279905787086,1204.750029748502,-62.936931905922826,1758658.0,0.0,0.06880548420271053,128,False,2.7917515956759282,False,0,False,True,False,True,True
105_Step index_25 Magnets Norrmal Trial 2/V,105_Step index_25 Magnets Norrmal Trial 2,step-index,105,25,Normal,2,V,image_06.png,6,60.0,1043.9767316104712,547.4384278060215,369.38927230455425,375.4812405852452,1274.3929894507123,1295.410280019096,1271.5070663178913,1298.243068706298,-70.91222461234881,1671753.0,0.0,0.06768947151186315,104,False,2.1387898222900703,False,0,False,True,False,True,True
105_Step index_25 Magnets Norrmal Trial 2/V,105_Step index_25 Magnets Norrmal Trial 2,step-index,105,25,Normal,2,V,image_07.png,7,70.0,1058.7454587129876,547.1932973710748,418.19403974986596,422.20142150939625,1442.7694371370376,1456.5949042074171,1433.7336813001832,1465.489711599902,-57.9049373167544,2883764.0,0.0,0.08075142116217124,123,False,1.8185331148229547,False,0,False,True,False,True,True
105_Step index_25 Magnets Norrmal Trial 2/V,105_Step index_25 Magnets Norrmal Trial 2,step-index,105,25,Normal,2,V,image_08.png,8,80.0,1131.5107771300018,548.7555026453149,460.9350359355284,465.9406521441954,1590.225873977573,1607.4952498974742,1580.888052541699,1616.6793974197833,-59.425210300472635,2818190.0,0.0,0.357907783632415,108,False,1.6,True,0,False,True,False,True,True
105_Step index_25 Magnets Norrmal Trial 2/V,105_Step index_25 Magnets Norrmal Trial 2,step-index,105,25,Normal,2,V,image_09.png,9,90.0,1081.2977058205627,551.4078215892305,519.3179685897334,525.5790932841182,1791.6469916345802,1813.247871830208,1779.572516921198,1825.0995710779105,-59.163134093265185,2807409.0,0.0,0.1909830833199014,88,False,1.6,True,0,False,True,False,True,True
105_Step index_25 Magnets Norrmal Trial 2/V,105_Step index_25 Magnets Norrmal Trial 2,step-index,105,25,Normal,2,V,image_10.png,10,100.0,1086.0220003392378,549.1106577427513,567.3877819290512,575.8178046979151,1957.487847655227,1986.5714262078072,1947.1025823828013,1996.7514213896138,-62.93033451857706,2853456.0,0.0,0.5119823022805431,79,False,1.6,True,0,True,True,False,True,True
105_Step index_25 Magnets Norrmal Trial 2/V,105_Step index_25 Magnets Norrmal Trial 2,step-index,105,25,Normal,2,V,image_11.png,11,110.0,1047.9500818119677,549.458683097464,632.1714283901462,643.657854770277,2180.9914279460045,2220.6195989574558,2166.736299224405,2234.5310070955056,-62.88657655121237,4034862.0,0.0,0.5501841510023949,87,False,1.6,True,0,False,True,False,True,True
105_Step index_25 Magnets Norrmal Trial 3/H,105_Step index_25 Magnets Norrmal Trial 3,step-index,105,25,Normal,3,H,image_01.png,1,10.0,417.5295117741498,553.0636069105839,364.540289384727,378.7915151581484,1257.6639983773082,1306.830727295612,1253.276583306632,1311.0389347207167,-74.17390914610337,1626317.0,0.0,0.06980229392711115,103,False,2.2907180574133976,False,0,False,True,False,True,True
105_Step index_25 Magnets Norrmal Trial 3/H,105_Step index_25 Magnets Norrmal Trial 3,step-index,105,25,Normal,3,H,image_02.png,2,20.0,558.1092413972232,559.1973557303425,329.0904723797985,341.7606981077079,1135.3621297103048,1179.0744084715925,1126.5530449392886,1187.4939423975907,-67.92054755717847,1786429.0,0.0,0.8047784393539728,136,False,3.0,False,1,False,True,False,True,True
105_Step index_25 Magnets Norrmal Trial 3/H,105_Step index_25 Magnets Norrmal Trial 3,step-index,105,25,Normal,3,H,image_03.png,3,30.0,560.861788389099,564.4710474069386,318.4026626612456,328.2939104806022,1098.4891861812973,1132.6139911580776,1090.0077917250712,1140.778663502659,-66.1196651865775,1741243.0,0.0,0.10996066788986841,193,False,3.0,False,0,False,True,False,True,True
105_Step index_25 Magnets Norrmal Trial 3/H,105_Step index_25 Magnets Norrmal Trial 3,step-index,105,25,Normal,3,H,image_04.png,4,40.0,747.5171913618493,575.073177347948,328.75524041331244,334.8916998806988,1134.205579425928,1155.376364588411,1130.026790908934,1159.4637950701583,-67.9949867438651,2219225.0,0.0,4.526891949936902,226,False,3.0,False,1,False,True,False,True,True
105_Step index_25 Magnets Norrmal Trial 3/H,105_Step index_25 Magnets Norrmal Trial 3,step-index,105,25,Normal,3,H,image_05.png,5,50.0,773.818806137132,577.4291460999095,356.2699611588904,359.8580153080077,1229.131365998172,1241.5101528126265,1227.3595554038309,1243.2617971192851,-70.55882953964293,2842370.0,0.0,4.64904350083377,206,False,2.7876041803364515,False,1,False,True,False,True,True
105_Step index_25 Magnets Norrmal Trial 3/H,105_Step index_25 Magnets Norrmal Trial 3,step-index,105,25,Normal,3,H,image_06.png,6,60.0,697.086459996874,584.5352899888516,391.54450309116135,391.78923812947954,1350.8285356645067,1351.6728715467045,1349.564535414186,1352.9349020529855,52.25407454704906,3467754.0,0.0,0.19522258729142306,171,False,2.524136574468138,False,0,False,True,False,True,True
105_Step index_25 Magnets Norrmal Trial 3/H,105_Step index_25 Magnets Norrmal Trial 3,step-index,105,25,Normal,3,H,image_07.png,7,70.0,714.4091161842923,588.5205685455089,433.4085993294973,434.2689359688596,1495.2596676867656,1498.2278290925656,1493.2805615589195,1500.200408661602,57.70001071057557,3474480.0,0.0,0.13443742273469875,174,False,2.258874125363009,False,0,False,True,False,True,True
105_Step index_25 Magnets Norrmal Trial 3/H,105_Step index_25 Magnets Norrmal Trial 3,step-index,105,25,Normal,3,H,image_08.png,8,80.0,748.6737903748865,590.692270952413,490.1754650480862,489.9020368145098,1691.1053544158974,1690.1620270100589,1694.0972245335145,1687.163178565936,41.09052817190275,4872088.0,0.0,0.2264046391685792,211,False,1.993495048465183,False,0,False,True,False,True,True
105_Step index_25 Magnets Norrmal Trial 3/H,105_Step index_25 Magnets Norrmal Trial 3,step-index,105,25,Normal,3,H,image_09.png,9,90.0,775.0507061970945,590.7121089856367,533.5590055864367,533.7473619697452,1840.7785692732066,1841.428398795621,1835.6443672666255,1846.5465187502941,46.70859550540522,4888791.0,0.0,0.33224147093383566,142,False,1.8296667371452464,False,0,False,True,False,True,True
105_Step index_25 Magnets Norrmal Trial 3/H,105_Step index_25 Magnets Norrmal Trial 3,step-index,105,25,Normal,3,H,image_10.png,10,100.0,815.174478900837,591.918501413698,583.7834116112986,586.0428730355003,2014.05277005898,2021.8479119724761,2014.0380697700364,2021.8625554786606,87.51816513000475,4966761.0,0.0,0.7041771417683504,130,False,1.6623923561600367,False,0,False,True,False,True,True
105_Step index_25 Magnets Norrmal Trial 3/H,105_Step index_25 Magnets Norrmal Trial 3,step-index,105,25,Normal,3,H,image_11.png,11,110.0,787.6749566896899,598.2379572271116,645.5310697706501,649.6059770305721,2227.082190708743,2241.140620755474,2227.019382685574,2241.2030330416414,-86.19049206701851,4627651.0,0.0,0.19238393759287162,99,False,1.6,True,0,False,True,False,True,True
105_Step index_25 Magnets Norrmal Trial 3/V,105_Step index_25 Magnets Norrmal Trial 3,step-index,105,25,Normal,3,V,image_01.png,1,10.0,984.0799357521742,526.8035768741523,368.0662907486919,375.7584111506752,1269.8287030829872,1296.3665184698295,1261.2298919373004,1304.7337832166509,-63.79710871722467,1780605.0,0.0,0.13249576600548163,111,False,2.4717724835303883,False,0,False,True,False,True,True
105_Step index_25 Magnets Norrmal Trial 3/V,105_Step index_25 Magnets Norrmal Trial 3,step-index,105,25,Normal,3,V,image_02.png,2,20.0,1199.3035289909512,523.9031888946639,329.9514642060681,334.66013471252523,1138.332551510935,1154.577464758212,1128.4691335563639,1164.2197106076867,-58.514443641124,1727746.0,0.0,0.3880111358507234,172,False,1.6,True,0,False,True,False,True,True
105_Step index_25 Magnets Norrmal Trial 3/V,105_Step index_25 Magnets Norrmal Trial 3,step-index,105,25,Normal,3,V,image_03.png,3,30.0,986.9800218336645,532.376403657593,321.49431883649197,325.7052355246979,1109.1553999858972,1123.6830625602079,1098.0498859095128,1134.5376919506332,-56.73272220150498,2202104.0,0.0,0.06877195528764408,205,False,2.811993566805311,False,0,False,True,False,True,True
105_Step index_25 Magnets Norrmal Trial 3/V,105_Step index_25 Magnets Norrmal Trial 3,step-index,105,25,Normal,3,V,image_04.png,4,40.0,1093.5222290136041,541.2282533340443,327.8933526419104,330.6839562484952,1131.2320666145908,1140.8596490573084,1121.1363877501606,1150.7823110592224,-54.47603420300517,2193957.0,0.0,0.07146818560324222,229,False,2.107256937066908,False,0,False,True,False,True,True
105_Step index_25 Magnets Norrmal Trial 3/V,105_Step index_25 Magnets Norrmal Trial 3,step-index,105,25,Normal,3,V,image_05.png,5,50.0,955.4251068649793,544.7402162920212,356.39015017278166,356.0804912523681,1229.5460180960968,1228.47769482067,1238.7320328560613,1219.2144225131874,-43.43108487649318,2966360.0,0.0,0.0695057845632356,193,False,2.71373882190952,False,0,False,True,False,True,True
105_Step index_25 Magnets Norrmal Trial 3/V,105_Step index_25 Magnets Norrmal Trial 3,step-index,105,25,Normal,3,V,image_06.png,6,60.0,833.4752462342425,552.8239767558591,389.9777697505473,387.6084669731702,1345.4233056393882,1337.2492110574374,1352.6054370463178,1329.9841561101762,-34.40823615912174,3552207.0,0.0,0.08696841334170795,216,False,2.714986921642937,False,0,False,True,False,True,True
105_Step index_25 Magnets Norrmal Trial 3/V,105_Step index_25 Magnets Norrmal Trial 3,step-index,105,25,Normal,3,V,image_07.png,7,70.0,703.1077680904369,556.2623741828517,430.4458524342053,429.23381375126223,1485.0381908980082,1480.8566574418548,1495.2452034974308,1470.549778053575,-40.12556943909733,3534395.0,0.0,0.33425431241920733,168,False,2.4356802199443104,False,0,False,True,False,True,True
105_Step index_25 Magnets Norrmal Trial 3/V,105_Step index_25 Magnets Norrmal Trial 3,step-index,105,25,Normal,3,V,image_08.png,8,80.0,750.340063428645,557.9702515425826,486.26119752877196,485.36165292321516,1677.6011314742634,1674.4977025850924,1690.1115685997456,1661.86972954314,-41.84546982419164,5059859.0,0.0,0.16282303023763578,194,False,2.146975531416615,False,0,False,True,False,True,True
105_Step index_25 Magnets Norrmal Trial 3/V,105_Step index_25 Magnets Norrmal Trial 3,step-index,105,25,Normal,3,V,image_09.png,9,90.0,753.0903016948504,554.2267749524119,529.2920735341174,529.996972690719,1826.0576536927053,1828.4895557829805,1811.1314027414896,1843.2752513449518,-47.16956552174044,4967105.0,0.0,0.1275331677492529,185,False,1.9802800415954767,False,0,False,True,False,True,True
105_Step index_25 Magnets Norrmal Trial 3/V,105_Step index_25 Magnets Norrmal Trial 3,step-index,105,25,Normal,3,V,image_10.png,10,100.0,770.5917944689583,555.9187709296069,578.9923248978462,580.7324884326279,1997.5235208975694,2003.5270850925663,1981.5400097371266,2019.3365710177013,-49.56995458501309,4888410.0,0.0,0.08520683766295742,141,False,1.80142014547863,False,0,False,True,False,True,True
105_Step index_25 Magnets Norrmal Trial 3/V,105_Step index_25 Magnets Norrmal Trial 3,step-index,105,25,Normal,3,V,image_11.png,11,110.0,1033.7317341662344,552.0180552661294,639.5755230469048,645.3922948729497,2206.5355545118214,2226.603417311677,2188.678237067591,2244.1589751832494,-55.60334018203797,4126940.0,0.0,0.4772308882158226,88,False,1.6,True,0,False,True,False,True,True
105_Step index_25 Magnets_Alternating/H,105_Step index_25 Magnets_Alternating,step-index,105,25,Alternating,1,H,image_01.png,1,10.0,302.36660819598524,546.9255402088779,451.64526598284857,459.81955966673524,1558.1761676408275,1586.3774808502367,1558.025447673499,1586.5255073759113,85.84856094231148,4367431.0,0.0,0.08405891806026977,136,False,1.6,True,0,False,True,False,True,True
105_Step index_25 Magnets_Alternating/H,105_Step index_25 Magnets_Alternating,step-index,105,25,Alternating,1,H,image_02.png,2,20.0,296.67663261297395,560.404850598288,383.8188739323449,392.5017262869423,1324.17511506659,1354.130955689951,1323.5137190655503,1354.7774045815322,-81.68497736309367,4286564.0,0.0,0.0687371998385617,195,False,1.6,True,0,False,True,False,True,True
105_Step index_25 Magnets_Alternating/H,105_Step index_25 Magnets_Alternating,step-index,105,25,Alternating,1,H,image_03.png,3,30.0,253.1940309223855,556.8268214816195,336.5357753338374,342.4953285458607,1161.048424901739,1181.6088834832194,1156.5529838279133,1186.0093566629314,-67.13439186093358,4498618.0,0.0,0.16094462536278162,239,False,1.6,True,0,False,True,False,True,True
105_Step index_25 Magnets_Alternating/H,105_Step index_25 Magnets_Alternating,step-index,105,25,Alternating,1,H,image_04.png,4,40.0,240.7149093608197,564.5284285255159,295.24946837122627,299.98562306165667,1018.6106658807307,1034.9503995627156,1004.2896786050454,1048.8528303095648,-55.75733464282435,2090928.0,0.0,0.10132601392946287,181,False,1.6306840199429795,False,0,False,True,False,True,True
105_Step index_25 Magnets_Alternating/H,105_Step index_25 Magnets_Alternating,step-index,105,25,Alternating,1,H,image_05.png,5,50.0,188.10733850247524,569.5237394617097,271.04513424499163,276.333906149001,935.1057131452212,953.3519762140535,917.2306725204874,970.5619911657827,-55.00703469435452,1004551.0,0.0,0.375196352984206,153,False,1.6,True,0,False,True,False,True,True
105_Step index_25 Magnets_Alternating/H,105_Step index_25 Magnets_Alternating,step-index,105,25,Alternating,1,H,image_06.png,6,60.0,168.69282674624353,572.8837281808133,280.00413382354566,282.6447314639499,966.0142616912326,975.1243235506272,950.6775004522251,990.0824664162247,-51.684919904356725,987892.0,0.0,0.8047326878387849,109,False,1.6,True,0,True,True,False,True,True
105_Step index_25 Magnets_Alternating/H,105_Step index_25 Magnets_Alternating,step-index,105,25,Alternating,1,H,image_07.png,7,70.0,399.0908665084377,572.8479400336279,319.9921713126406,315.9644211335709,1103.97299102861,1090.0772529108197,1112.3372651186728,1081.5408410515834,-31.588104913780356,1560608.0,0.0,0.06669416189406041,121,False,2.4943789397804714,False,0,False,True,False,True,True
105_Step index_25 Magnets_Alternating/H,105_Step index_25 Magnets_Alternating,step-index,105,25,Alternating,1,H,image_08.png,8,80.0,396.4556874366513,575.8615594165412,371.7498444840301,364.09415586129523,1282.536963469904,1256.1248377214686,1285.5401973611781,1253.0511049338616,-17.806128575094426,2005763.0,0.0,0.06727943738200574,109,False,2.1329164938154133,False,0,False,True,False,True,True
105_Step index_25 Magnets_Alternating/H,105_Step index_25 Magnets_Alternating,step-index,105,25,Alternating,1,H,image_09.png,9,90.0,391.7197996895586,575.3053996002008,437.43764075492106,425.04981748915947,1509.1598606044777,1466.4218703376002,1512.612629050327,1462.860082544332,-15.395373125058041,3115564.0,0.0,0.09037960103474944,120,False,1.7909362894096108,False,0,False,True,False,True,True
105_Step index_25 Magnets_Alternating/H,105_Step index_25 Magnets_Alternating,step-index,105,25,Alternating,1,H,image_10.png,10,100.0,559.675890436721,571.0360417346632,500.47381568747033,490.44366199046823,1726.6346641217729,1692.0306338671155,1728.7910305441824,1689.8273586380487,-13.680883272771895,3115971.0,0.0,0.08677159291530463,102,False,2.0714421179775706,False,0,False,True,False,True,True
105_Step index_25 Magnets_Alternating/H,105_Step index_25 Magnets_Alternating,step-index,105,25,Alternating,1,H,image_11.png,11,110.0,576.467103319237,569.4179973048492,568.8620561595702,549.5024494950577,1962.5740937505172,1895.7834507579491,1962.7078138169834,1895.6450098080443,2.5814366233235955,4683968.0,0.0,0.1952100303504074,111,False,1.8546711596458503,False,0,False,True,False,True,True
105_Step index_25 Magnets_Alternating/H,105_Step index_25 Magnets_Alternating,step-index,105,25,Alternating,1,H,image_12.png,12,120.0,588.2480570967156,563.9681854944499,640.2387304977395,618.2395898303216,2208.8236202172016,2132.9265849146095,2208.8297782212867,2132.9202077686423,0.5205515454159949,4608181.0,0.0,0.3076620357982846,107,False,1.666075469334768,False,0,False,True,False,True,True
105_Step index_25 Magnets_Alternating/V,105_Step index_25 Magnets_Alternating,step-index,105,25,Alternating,1,V,image_01.png,1,10.0,1190.2315774610638,519.8181727512949,450.0970212109862,454.34792063398476,1552.8347231779026,1567.5003261872475,1541.0066126460367,1579.1300041115387,-56.31293877392758,1784716.0,0.0,0.46858172416832083,56,False,1.6,True,0,False,True,False,False,True
105_Step index_25 Magnets_Alternating/V,105_Step index_25 Magnets_Alternating,step-index,105,25,Alternating,1,V,image_02.png,2,20.0,1100.873233490211,518.4109643065201,383.38743119272294,389.2673165184515,1322.6866376148942,1342.9722419886577,1316.29338992051,1349.2390802702864,-64.00350266459877,1833276.0,0.0,0.002988912273040612,82,False,1.84735720421557,False,0,False,True,False,True,True
105_Step index_25 Magnets_Alternating/V,105_Step index_25 Magnets_Alternating,step-index,105,25,Alternating,1,V,image_03.png,3,30.0,1112.6073326141832,526.1461055846446,335.68965610332367,340.10355939058445,1158.1293135564667,1173.3572798975165,1149.9458072518505,1181.3786241468742,-59.489677972429845,1840135.0,0.0,0.0021134848569625097,106,False,2.0399357630515134,False,0,False,True,False,True,True
105_Step index_25 Magnets_Alternating/V,105_Step index_25 Magnets_Alternating,step-index,105,25,Alternating,1,V,image_04.png,4,40.0,1077.0002168071005,521.087461590347,300.3568355625963,304.5200499223417,1036.2310826909572,1050.5941722320788,1029.038408230981,1057.640262966728,-60.07311510374428,1868020.0,0.0,0.0021134848569625097,177,False,2.5170046986603167,False,0,False,True,False,True,True
105_Step index_25 Magnets_Alternating/V,105_Step index_25 Magnets_Alternating,step-index,105,25,Alternating,1,V,image_05.png,5,50.0,1181.1672389218786,523.4377760430741,283.62112997386726,288.9741024394134,978.492898409842,996.9606534159763,974.8419386902499,1000.530904704467,-67.98301056869903,1861349.0,0.0,0.04459359716673678,214,False,1.930974210383215,False,0,False,True,False,True,True
105_Step index_25 Magnets_Alternating/V,105_Step index_25 Magnets_Alternating,step-index,105,25,Alternating,1,V,image_06.png,6,60.0,898.15476049812,540.5857367568184,295.7769022182162,297.9914923187681,1020.4303126528459,1028.07064849975,1017.265002162928,1031.2027912403746,-61.62122542275937,1895768.0,0.0,0.2112880282252862,186,False,3.0,False,0,False,True,False,True,True
105_Step index_25 Magnets_Alternating/V,105_Step index_25 Magnets_Alternating,step-index,105,25,Alternating,1,V,image_07.png,7,70.0,972.7312211105092,539.8781882903185,331.6083902696744,334.05683939903446,1144.0489464303766,1152.4960959266689,1139.4233411009857,1157.0694416105441,-59.30054933706652,2776096.0,0.0,0.03664334195856921,183,False,2.911414833526445,False,0,False,True,False,True,True
105_Step index_25 Magnets_Alternating/V,105_Step index_25 Magnets_Alternating,step-index,105,25,Alternating,1,V,image_08.png,8,80.0,1037.0976435889847,540.5432460642986,379.9997311825164,381.0944643103114,1310.9990725796818,1314.7759018705744,1298.2414199290906,1327.374647951688,-48.72461921281317,4351448.0,0.0,0.0684223991737831,234,False,2.199467703568312,False,0,False,True,False,False,True
105_Step index_25 Magnets_Alternating/V,105_Step index_25 Magnets_Alternating,step-index,105,25,Alternating,1,V,image_09.png,9,90.0,1104.381529234909,535.6701424256464,427.39423421625634,429.46031823100134,1474.5101080460845,1481.6380978969546,1459.0543915507421,1496.8606462748214,-50.43422901200962,4307932.0,0.0,0.16349174630216984,162,False,1.6407090278995,False,0,False,True,False,True,True
105_Step index_25 Magnets_Alternating/V,105_Step index_25 Magnets_Alternating,step-index,105,25,Alternating,1,V,image_10.png,10,100.0,912.557330686373,539.367341966137,499.2047406047093,491.453530388265,1722.2563550862471,1695.5146798395144,1735.2898045255517,1682.1730816107863,-29.884199754725543,4395482.0,0.0,0.1971292729687999,152,False,2.1759714498504272,False,0,False,True,False,False,True
105_Step index_25 Magnets_Alternating/V,105_Step index_25 Magnets_Alternating,step-index,105,25,Alternating,1,V,image_11.png,11,110.0,990.7918299752861,532.9339206408333,558.7451433857485,563.6023120002782,1927.6707446808325,1944.4279764009598,1898.0329282994267,1973.3691135720635,-51.42715516357715,4335605.0,0.0,0.11302574968956462,115,False,1.6615119794956246,False,0,False,True,False,True,True
105_Step index_25 Magnets_Alternating/V,105_Step index_25 Magnets_Alternating,step-index,105,25,Alternating,1,V,image_12.png,12,120.0,769.7346107013852,535.5894465049279,629.7185513123358,625.1855900076954,2172.5290020275584,2156.890285526549,2205.722120166416,2122.933794789237,-39.55472929114026,4217996.0,0.0,1.4962617981731803,122,False,1.7131797595341607,False,1,False,True,False,True,True
105_Step index_25 Magnets_Normal/H,105_Step index_25 Magnets_Normal,step-index,105,25,Normal,1,H,image_01.png,1,10.0,353.97278775281933,556.0107591326583,450.05813327958043,459.96929745355203,1552.7005598145527,1586.8940762147545,1547.1450797721564,1592.3108803593325,-69.60460069260027,1796985.0,0.0,1.5784848700956355,79,False,1.6,True,1,False,True,False,True,True
105_Step index_25 Magnets_Normal/H,105_Step index_25 Magnets_Normal,step-index,105,25,Normal,1,H,image_02.png,2,20.0,329.84899485499716,551.7919789107641,379.5181246574558,391.61756367080375,1309.3375300682226,1351.080594664273,1301.3469727376635,1358.7787154169137,-68.31394544417702,1743828.0,0.0,0.002988912273040612,119,False,1.738251606047596,False,0,False,True,False,True,True
105_Step index_25 Magnets_Normal/H,105_Step index_25 Magnets_Normal,step-index,105,25,Normal,1,H,image_03.png,3,30.0,570.3999490884739,545.8964666388486,373.7636090933883,341.8849292689179,1289.4844513721898,1179.5030059777669,1297.0618765597349,1171.1652231075532,-14.545167228763326,1382791.0,0.0,3.045716622226356,104,False,3.0,False,1,False,True,False,False,True
105_Step index_25 Magnets_Normal/H,105_Step index_25 Magnets_Normal,step-index,105,25,Normal,1,H,image_04.png,4,40.0,598.2702623005667,548.1628979803622,283.3183228948111,297.4386023598155,977.4482139870984,1026.1631781413635,968.3008706337456,1034.7991607697036,-68.55920989586039,1058061.0,0.0,2.3456216934902234,116,False,3.0,False,1,False,True,False,True,True
105_Step index_25 Magnets_Normal/H,105_Step index_25 Magnets_Normal,step-index,105,25,Normal,1,H,image_05.png,5,50.0,608.787010465352,573.0533385161035,271.30353919380536,281.4154901787482,935.9972102186285,970.8834411166813,930.2832217852583,976.3598522248157,-69.6102752240593,1075358.0,0.0,1.4460601609396484,189,False,3.0,False,1,False,True,False,True,True
105_Step index_25 Magnets_Normal/H,105_Step index_25 Magnets_Normal,step-index,105,25,Normal,1,H,image_06.png,6,60.0,627.3095936032995,556.0441706476032,289.6501118227804,294.11033775501147,999.2928857885923,1014.6806652547896,997.8227738722936,1016.1263877940564,-73.6073958253853,1450873.0,0.0,1.5079896414910405,197,False,3.0,False,1,False,True,False,True,True
105_Step index_25 Magnets_Normal/H,105_Step index_25 Magnets_Normal,step-index,105,25,Normal,1,H,image_07.png,7,70.0,632.5195382547203,571.2602255461851,326.9517554262937,325.6110541907832,1127.9835562207134,1123.358136958202,1128.329179447835,1123.01098382033,14.78605359022161,2125241.0,0.0,1.3874009646960241,172,False,3.0,False,1,False,True,False,True,True
105_Step index_25 Magnets_Normal/H,105_Step index_25 Magnets_Normal,step-index,105,25,Normal,1,H,image_08.png,8,80.0,649.8301144292838,568.1715519835359,383.85017976238487,377.8564769023971,1324.2831201802278,1303.60484531327,1325.696288235989,1302.16770289999,14.247090537404928,3230292.0,0.0,2.023738201349503,196,False,2.746166757652171,False,1,False,True,False,True,True
105_Step index_25 Magnets_Normal/H,105_Step index_25 Magnets_Normal,step-index,105,25,Normal,1,H,image_09.png,9,90.0,658.4508849933233,570.8861836604826,436.6561780433298,427.26103972673394,1506.463814249488,1474.0505870572322,1506.469530488674,1474.0447450997274,0.7648941379481896,3144487.0,0.0,1.688653103050982,180,False,2.415921695063554,False,1,False,True,False,True,True
105_Step index_25 Magnets_Normal/H,105_Step index_25 Magnets_Normal,step-index,105,25,Normal,1,H,image_10.png,10,100.0,671.4915233437824,572.9388247179483,518.3902683371543,503.8378192363576,1788.4464257631826,1738.2404763654338,1788.4525856631665,1738.2341385253505,-0.6390822071072392,5329342.0,0.0,2.487875048750636,219,False,2.0405349235236883,False,1,False,True,False,True,True
105_Step index_25 Magnets_Normal/H,105_Step index_25 Magnets_Normal,step-index,105,25,Normal,1,H,image_11.png,11,110.0,696.5492011868764,567.3194813768541,583.8482271470295,564.680948924918,2014.2763836572522,1948.149273790967,2014.2925365268181,1948.1325724970484,-0.9027399857588463,5265249.0,0.0,2.882964748295277,160,False,1.8404946134252322,False,1,False,True,False,True,True
105_Step index_25 Magnets_Normal/H,105_Step index_25 Magnets_Normal,step-index,105,25,Normal,1,H,image_12.png,12,120.0,712.5080846444322,566.1537869684705,660.8275521175019,640.7418283701926,2279.8550548053818,2210.5593078771644,2280.6524727452156,2209.7365958695523,-6.13463316801863,5136404.0,0.0,2.360251824239595,119,False,1.6256855347984371,False,1,False,True,False,True,True
105_Step index_25 Magnets_Normal/V,105_Step index_25 Magnets_Normal,step-index,105,25,Normal,1,V,image_01.png,1,10.0,1156.9368691535533,517.6055368482724,471.0698947834789,465.64069062143074,1625.1911370030023,1606.460382643936,1642.595989320252,1588.6596893817868,-34.838319619750905,4290961.0,0.0,0.024999325495779757,183,False,1.6,True,0,False,True,False,True,True
105_Step index_25 Magnets_Normal/V,105_Step index_25 Magnets_Normal,step-index,105,25,Normal,1,V,image_02.png,2,20.0,1209.5629901315497,516.5853008229187,398.4727101688352,389.91929283322247,1374.7308500824815,1345.2215602746176,1387.292113732164,1332.263692957488,-28.78279953511442,3255121.0,0.0,1.1580419445322174,210,False,1.6,True,0,False,True,False,True,True
105_Step index_25 Magnets_Normal/V,105_Step index_25 Magnets_Normal,step-index,105,25,Normal,1,V,image_03.png,3,30.0,1104.6429560045717,529.2461469877827,346.96138479444323,334.9507444068222,1197.0167775408293,1155.5800682035367,1206.8405098245441,1145.3167437831144,-23.825948701103115,3234677.0,0.0,0.005176901666475395,203,False,2.0195737009926726,False,0,False,True,False,True,True
105_Step index_25 Magnets_Normal/V,105_Step index_25 Magnets_Normal,step-index,105,25,Normal,1,V,image_04.png,4,40.0,1250.716207611141,525.4170259138069,304.083504150429,293.91263512916134,1049.08808931898,1013.9985911956067,1058.081902600043,1004.6101977821535,-24.488912704726346,2061951.0,0.0,0.7553271553559651,204,False,1.6,True,0,False,True,False,True,True
105_Step index_25 Magnets_Normal/V,105_Step index_25 Magnets_Normal,step-index,105,25,Normal,1,V,image_05.png,5,50.0,1088.9857806778202,527.5886504039163,286.4802398713808,276.64586757929044,988.3568275562637,954.428243148552,993.4623390419468,949.1127808653816,-20.041649672798183,1306954.0,0.0,0.0021134848569625097,203,False,2.555249321813657,False,0,False,True,False,True,True
105_Step index_25 Magnets_Normal/V,105_Step index_25 Magnets_Normal,step-index,105,25,Normal,1,V,image_06.png,6,60.0,1196.2059453101265,531.6719801450549,295.00032710164066,286.26576664111235,1017.7511285006603,987.6168949118377,1018.5485342805117,986.794494307041,-9.188668072425534,1306677.0,0.0,0.0513748970757584,158,False,1.7545327338197045,False,0,False,True,False,True,True
105_Step index_25 Magnets_Normal/V,105_Step index_25 Magnets_Normal,step-index,105,25,Normal,1,V,image_07.png,7,70.0,1059.6144240726549,537.8376412102219,331.20722000983426,322.7058230556558,1142.6649090339283,1113.3350895420126,1142.6836862094322,1113.3158173734264,1.458327849556968,1293019.0,0.0,0.002988912273040612,92,False,2.387542010198964,False,0,False,True,False,True,True
105_Step index_25 Magnets_Normal/V,105_Step index_25 Magnets_Normal,step-index,105,25,Normal,1,V,image_08.png,8,80.0,1132.4374663809347,537.153931165413,382.1489407767318,373.02650954490133,1318.4138456797248,1286.9414579299096,1319.0208406359516,1286.3193252792212,7.878788323343807,1738225.0,0.0,0.033264826837733456,99,False,1.688182933923381,False,0,False,True,False,True,True
105_Step index_25 Magnets_Normal/V,105_Step index_25 Magnets_Normal,step-index,105,25,Normal,1,V,image_09.png,9,90.0,894.7452119607992,543.9014384441024,444.2964207089557,429.2591330786091,1532.8226514458972,1480.9440091212016,1533.1832285634155,1480.5707097567038,4.7897817834694605,2201893.0,0.0,0.12837358618507594,103,False,2.5219711973348966,False,0,False,True,False,True,True
105_Step index_25 Magnets_Normal/V,105_Step index_25 Magnets_Normal,step-index,105,25,Normal,1,V,image_10.png,10,100.0,954.2028102904396,541.639011819602,503.5993136459997,494.66014927195886,1737.417632078699,1706.5775149882581,1737.647610096643,1706.3433494015435,4.939154057990312,2173085.0,0.0,0.03140432598674597,70,False,1.9888716133620108,False,0,False,True,False,True,True
105_Step index_25 Magnets_Normal/V,105_Step index_25 Magnets_Normal,step-index,105,25,Normal,1,V,image_11.png,11,110.0,1007.5486515570459,540.5211581264463,565.545745704707,558.8340415835607,1951.132822681239,1927.9774434632848,1955.889121915547,1923.152114893597,-22.49104899127032,2447712.0,0.0,0.02195872940855677,62,False,1.6,True,0,False,True,False,True,True
105_Step index_25 Magnets_Normal/V,105_Step index_25 Magnets_Normal,step-index,105,25,Normal,1,V,image_12.png,12,120.0,1067.9499439737192,535.972211846985,641.2219360429075,636.3128130879642,2212.215679348031,2195.2792051534766,2221.055676168717,2186.334988946404,-30.40184119137998,3400190.0,0.0,0.6256410915436825,81,False,1.6,True,0,True,True,False,True,True
105_Step index_50 Magnets Alternating Trial 1/H,105_Step index_50 Magnets Alternating Trial 1,step-index,105,50,Alternating,1,H,image_01.png,1,10.0,470.2699044949353,551.7616991302217,377.5952675629127,364.64240976632186,1302.7036730920488,1258.0163136938104,1310.7657460431199,1249.6139661540692,-21.520793095218995,1665252.0,0.0,0.3633301257207948,117,False,2.489003465849704,False,0,False,True,False,True,True
105_Step index_50 Magnets Alternating Trial 1/H,105_Step index_50 Magnets Alternating Trial 1,step-index,105,50,Alternating,1,H,image_02.png,2,20.0,683.7367967044289,550.4218559274689,321.3665326272751,333.4786545391227,1108.7145375640991,1150.5013581599735,1105.278359880666,1153.8028636268084,-74.72580399058444,1849027.0,0.0,5.646790370683638,146,False,3.0,False,1,False,True,False,True,True
105_Step index_50 Magnets Alternating Trial 1/H,105_Step index_50 Magnets Alternating Trial 1,step-index,105,50,Alternating,1,H,image_03.png,3,30.0,711.9908646517797,565.8006697240548,310.4751418309416,321.2992198974833,1071.1392393167487,1108.4823086463173,1070.5216858011206,1109.0787252559935,-82.79322803285312,1819854.0,0.0,4.2950654567211926,176,False,3.0,False,1,False,True,False,True,True
105_Step index_50 Magnets Alternating Trial 1/H,105_Step index_50 Magnets Alternating Trial 1,step-index,105,50,Alternating,1,H,image_04.png,4,40.0,649.6420498216768,562.3674308983274,315.0838457495195,323.36751688209984,1087.0392678358423,1115.6179332432446,1086.7472505387211,1115.9023954797942,-84.29411334713446,1764212.0,0.0,0.35656267882887543,195,False,3.0,False,0,False,True,False,True,True
105_Step index_50 Magnets Alternating Trial 1/H,105_Step index_50 Magnets Alternating Trial 1,step-index,105,50,Alternating,1,H,image_05.png,5,50.0,659.713168849454,583.8686410262615,333.8522693630713,341.32486043799787,1151.790329302596,1177.5707685110926,1151.790192067667,1177.5709027415357,-89.86854073731608,1735854.0,0.0,0.10727523967140068,147,False,2.9012323235897424,False,0,False,True,False,True,True
105_Step index_50 Magnets Alternating Trial 1/H,105_Step index_50 Magnets Alternating Trial 1,step-index,105,50,Alternating,1,H,image_06.png,6,60.0,718.8811064843126,584.4523342683996,375.02739721102995,381.334075270164,1293.8445203780534,1315.602559682066,1293.614778634272,1315.8284623967227,84.18780418576718,3090690.0,0.0,0.47550691972858733,166,False,2.5937764170759086,False,0,False,True,False,True,True
105_Step index_50 Magnets Alternating Trial 1/H,105_Step index_50 Magnets Alternating Trial 1,step-index,105,50,Alternating,1,H,image_07.png,7,70.0,730.490199168065,586.5299078346612,416.7614780070685,420.6767202202747,1437.8270991243865,1451.3346847599478,1437.6710007038791,1451.489313739103,-83.91329474534648,2881235.0,0.0,0.18232522487953973,198,False,2.34132324654177,False,0,False,True,False,True,True
105_Step index_50 Magnets Alternating Trial 1/H,105_Step index_50 Magnets Alternating Trial 1,step-index,105,50,Alternating,1,H,image_08.png,8,80.0,740.6443191904332,589.769572325103,465.71522866921117,467.89965947413987,1606.7175389087786,1614.2538251857827,1603.38424791393,1617.5647175632555,-61.05204444962085,4309465.0,0.0,0.17090205291218893,168,False,2.091176386081053,False,0,False,True,False,True,True
105_Step index_50 Magnets Alternating Trial 1/H,105_Step index_50 Magnets Alternating Trial 1,step-index,105,50,Alternating,1,H,image_09.png,9,90.0,749.3156753938762,593.1693448833981,515.5336291248544,518.700838969297,1778.5910204807478,1789.5178944440747,1771.4179063678157,1796.6187446616962,-57.84813642082704,4124075.0,0.0,0.13277859522510854,142,False,1.8732568791830322,False,0,False,True,False,True,True
105_Step index_50 Magnets Alternating Trial 1/H,105_Step index_50 Magnets Alternating Trial 1,step-index,105,50,Alternating,1,H,image_10.png,10,100.0,904.2803752249438,584.1642640843385,572.2338855968333,570.9931801050226,1974.206905309075,1969.9264713623281,1996.692480358675,1947.1318256407787,-42.522469957790484,3823733.0,0.0,2.057911363832856,84,False,1.7332383799096747,False,1,False,True,False,True,True
105_Step index_50 Magnets Alternating Trial 1/H,105_Step index_50 Magnets Alternating Trial 1,step-index,105,50,Alternating,1,H,image_11.png,11,110.0,926.2949829864705,593.1400352663212,633.705606874832,632.0966938074614,2186.2843437181705,2180.733593635742,2218.2915771768567,2148.1668270003765,-42.72969967327008,3703817.0,0.0,1.5919229182157455,113,False,1.6,True,1,False,True,False,True,True
105_Step index_50 Magnets Alternating Trial 1/V,105_Step index_50 Magnets Alternating Trial 1,step-index,105,50,Alternating,1,V,image_01.png,1,10.0,937.6554603741237,525.2402541128947,373.99809862160555,370.38092473602325,1290.2934402445392,1277.8141903392802,1309.5410792253974,1258.081248883275,-37.98143843417226,1703180.0,0.0,0.8452252187207907,101,False,2.6804834209935753,False,1,False,True,False,True,True
105_Step index_50 Magnets Alternating Trial 1/V,105_Step index_50 Magnets Alternating Trial 1,step-index,105,50,Alternating,1,V,image_02.png,2,20.0,1115.0717605688237,521.2927908954135,332.83533583242695,334.68840740688927,1148.281908621873,1154.675005553768,1129.5767745420737,1172.9799744812406,-49.2358566339971,1785298.0,0.0,0.06937294948362467,167,False,1.9464774593179905,False,0,False,True,False,True,True
105_Step index_50 Magnets Alternating Trial 1/V,105_Step index_50 Magnets Alternating Trial 1,step-index,105,50,Alternating,1,V,image_03.png,3,30.0,992.0899042739591,541.606232054234,319.3616519706588,321.5761134399328,1101.7976992987728,1109.4375913677682,1089.4004782102177,1121.613363595198,-51.8604514696203,1744144.0,0.0,0.06877195528764408,203,False,2.798771192272644,False,0,False,True,False,True,True
105_Step index_50 Magnets Alternating Trial 1/V,105_Step index_50 Magnets Alternating Trial 1,step-index,105,50,Alternating,1,V,image_04.png,4,40.0,1097.4488563757734,532.2820625816106,321.52018143749893,326.1077100744454,1109.2446259593714,1125.0715997568366,1105.519191272401,1128.732502645144,-66.49323519350098,1720058.0,0.0,0.06907311851701992,189,False,2.1246015854878553,False,0,False,True,False,True,True
105_Step index_50 Magnets Alternating Trial 1/V,105_Step index_50 Magnets Alternating Trial 1,step-index,105,50,Alternating,1,V,image_05.png,5,50.0,895.8359811490271,555.7984017021743,351.2593137339306,352.9307722769955,1211.8446323820606,1217.6111643556346,1211.245247658664,1218.207416912653,-72.96059526199915,3028597.0,0.0,0.07010036741001781,194,False,2.9649066081244686,False,0,False,True,False,True,True
105_Step index_50 Magnets Alternating Trial 1/V,105_Step index_50 Magnets Alternating Trial 1,step-index,105,50,Alternating,1,V,image_06.png,6,60.0,962.8970839184443,553.6038302650338,382.3137077536368,384.07704108425463,1318.982291750047,1325.0657917406786,1318.9123665357017,1325.13539224894,-83.92218320524319,3084173.0,0.0,0.06927315278786131,152,False,2.490640049916059,False,0,False,True,False,True,True
105_Step index_50 Magnets Alternating Trial 1/V,105_Step index_50 Magnets Alternating Trial 1,step-index,105,50,Alternating,1,V,image_07.png,7,70.0,804.7739281106071,557.9346584756938,424.85126209858754,425.20199197303094,1465.736854240127,1466.9468723069567,1464.9856411390674,1467.6970815891348,-58.25212135573621,3652639.0,0.0,0.08997733090402193,177,False,2.4509055854818493,False,0,False,True,False,True,True
105_Step index_50 Magnets Alternating Trial 1/V,105_Step index_50 Magnets Alternating Trial 1,step-index,105,50,Alternating,1,V,image_08.png,8,80.0,842.3265365511098,558.2616340461058,471.158918671367,471.40519232725336,1625.4982694162163,1626.3479135290243,1624.1331956866065,1627.7111298950242,51.868571527367074,4690651.0,0.0,0.07545022277197234,166,False,2.209302412278327,False,0,False,True,False,True,True
105_Step index_50 Magnets Alternating Trial 1/V,105_Step index_50 Magnets Alternating Trial 1,step-index,105,50,Alternating,1,V,image_09.png,9,90.0,677.1063626783891,562.2675173429446,514.9182100187418,515.8839297355179,1776.4678245646592,1779.7995575875368,1775.1866074457664,1781.0774563862956,-62.22122840182433,4334904.0,0.0,0.24725789429924327,132,False,2.0032860049939942,False,0,False,True,False,True,True
105_Step index_50 Magnets Alternating Trial 1/V,105_Step index_50 Magnets Alternating Trial 1,step-index,105,50,Alternating,1,V,image_10.png,10,100.0,730.2373852983393,555.2152474137325,571.2164371663638,571.8258643107519,1970.6967082239553,1972.799231872094,1964.1315415737765,1979.3356492709563,-48.974383451564016,4282523.0,0.0,0.09216293841177123,102,False,1.8319726415468105,False,0,False,True,False,True,True
105_Step index_50 Magnets Alternating Trial 1/V,105_Step index_50 Magnets Alternating Trial 1,step-index,105,50,Alternating,1,V,image_11.png,11,110.0,665.4217951748262,561.8754664085448,627.1435140987902,629.2875611822207,2163.645123640826,2171.042086078661,2156.247865973988,2178.389106900357,-54.75844203301414,4133447.0,0.0,0.13859422679343225,85,False,1.6435238316376437,False,0,False,True,False,True,True
105_Step index_50 Magnets Alternating Trial 2/H,105_Step index_50 Magnets Alternating Trial 2,step-index,105,50,Alternating,2,H,image_01.png,1,10.0,463.69643029437884,551.2693335345504,371.27919207929165,364.96066928186286,1280.9132126735562,1259.114309022427,1294.397398694136,1245.2481181839096,-31.8333840784168,1616828.0,0.0,0.25736256569033567,122,False,2.4970471968664754,False,0,False,True,False,True,True
105_Step index_50 Magnets Alternating Trial 2/H,105_Step index_50 Magnets Alternating Trial 2,step-index,105,50,Alternating,2,H,image_02.png,2,20.0,443.98452498407664,574.9340603963982,327.1181376735872,334.5144167042123,1128.557574973876,1154.0747376295324,1123.7360063344136,1158.7700756117122,-68.37592471397807,1601420.0,0.0,0.06714219273619616,139,False,2.7145209870759524,False,0,False,True,False,True,True
105_Step index_50 Magnets Alternating Trial 2/H,105_Step index_50 Magnets Alternating Trial 2,step-index,105,50,Alternating,2,H,image_03.png,3,30.0,437.04167298841855,579.051520735963,312.19007155908815,319.2855118946384,1077.0557468788543,1101.5350160365024,1073.691533697483,1104.8144477266992,-70.9328672680597,1621386.0,0.0,0.06880548420271053,222,False,2.799843510754952,False,0,False,True,False,True,True
105_Step index_50 Magnets Alternating Trial 2/H,105_Step index_50 Magnets Alternating Trial 2,step-index,105,50,Alternating,2,H,image_04.png,4,40.0,633.6293273179849,571.4916757389857,314.14045475285826,322.1892316939615,1083.7845688973612,1111.5528493441673,1083.7789004136991,1111.558376192294,-89.18671281572512,1683693.0,0.0,0.23726496365332533,198,False,3.0,False,0,False,True,False,True,True
105_Step index_50 Magnets Alternating Trial 2/H,105_Step index_50 Magnets Alternating Trial 2,step-index,105,50,Alternating,2,H,image_05.png,5,50.0,634.7106531678454,584.8850437236516,333.9504074333275,340.0229908667477,1152.1289056449798,1173.0793184902795,1151.388757839906,1173.8057893076675,79.58029462521922,1739905.0,0.0,0.07587627345734933,170,False,2.9063775322552368,False,0,False,True,False,True,True
105_Step index_50 Magnets Alternating Trial 2/H,105_Step index_50 Magnets Alternating Trial 2,step-index,105,50,Alternating,2,H,image_06.png,6,60.0,374.5088176688695,588.7159080781004,368.7538095715735,362.66818315899604,1272.2006430219287,1251.2052318985363,1272.238985081696,1251.1662452583894,-2.4549085218616016,1604449.0,0.0,0.06920654017022294,118,False,2.031208906750046,False,0,False,True,False,True,True
105_Step index_50 Magnets Alternating Trial 2/H,105_Step index_50 Magnets Alternating Trial 2,step-index,105,50,Alternating,2,H,image_07.png,7,70.0,360.8573610931238,595.9274000550867,416.6968704495122,410.0693895741998,1437.604203050817,1414.7393940309894,1437.7666565073212,1414.5742960651821,-4.820291275418437,2192908.0,0.0,0.08921806737990487,117,False,1.7320018797542043,False,0,False,True,False,True,True
105_Step index_50 Magnets Alternating Trial 2/H,105_Step index_50 Magnets Alternating Trial 2,step-index,105,50,Alternating,2,H,image_08.png,8,80.0,501.57253840785796,594.7019820276084,460.01968957794844,452.7683423179572,1587.0679290439223,1562.0507809969524,1588.7073960130385,1560.3833066482168,-13.981279597474318,2377313.0,0.0,0.06679782513006566,105,False,2.1392750893007118,False,0,False,True,False,True,True
105_Step index_50 Magnets Alternating Trial 2/H,105_Step index_50 Magnets Alternating Trial 2,step-index,105,50,Alternating,2,H,image_09.png,9,90.0,484.7018372276352,600.7763010855232,517.1647300294993,506.0349333588433,1784.2183186017728,1745.8205200880095,1791.5095756321853,1738.3376361376672,-21.882486294342264,2655033.0,0.0,0.07058972765388133,81,False,1.8744645404096953,False,0,False,True,False,True,True
105_Step index_50 Magnets Alternating Trial 2/H,105_Step index_50 Magnets Alternating Trial 2,step-index,105,50,Alternating,2,H,image_10.png,10,100.0,728.8546465986884,591.1558388697352,567.0758594545379,566.4428383393206,1956.4117151181558,1954.2277922706562,1976.521010299958,1933.8866975542903,-43.53179554125074,3719624.0,0.0,0.08046673688057684,72,False,1.7224927863941513,False,0,False,True,False,True,True
105_Step index_50 Magnets Alternating Trial 2/H,105_Step index_50 Magnets Alternating Trial 2,step-index,105,50,Alternating,2,H,image_11.png,11,110.0,732.3624245688542,596.599450383829,620.3740722463675,617.9752193898001,2140.290549249968,2132.0145068948104,2168.1800670433345,2103.64557131058,-41.31557197476948,3579589.0,0.0,0.08750724871551732,95,False,1.6,True,0,False,True,False,True,True
105_Step index_50 Magnets Alternating Trial 2/V,105_Step index_50 Magnets Alternating Trial 2,step-index,105,50,Alternating,2,V,image_01.png,1,10.0,1041.2532308872644,519.8603115952641,369.05869757918,368.45774700223154,1273.252506648171,1271.179227157699,1298.044520890506,1245.8527180326066,-43.86144565883336,1686611.0,0.0,0.06662496186566333,102,False,2.155466172301227,False,0,False,True,False,True,True
105_Step index_50 Magnets Alternating Trial 2/V,105_Step index_50 Magnets Alternating Trial 2,step-index,105,50,Alternating,2,V,image_02.png,2,20.0,1188.0523959125328,540.6870741981224,336.9185095046918,337.45973097435717,1162.3688577911869,1164.2360718615323,1139.9196101380135,1186.2252210306267,-46.15573118860909,1733494.0,0.0,0.2475346890737212,162,False,1.6,True,0,False,True,False,True,True
105_Step index_50 Magnets Alternating Trial 2/V,105_Step index_50 Magnets Alternating Trial 2,step-index,105,50,Alternating,2,V,image_03.png,3,30.0,1088.7098006479252,544.092209533083,319.4709914901218,322.3197512776828,1102.1749206409202,1112.0031419080058,1089.790323349063,1124.143048921195,-53.313170029383656,1698653.0,0.0,0.06883899647780027,216,False,2.1929390065633294,False,0,False,True,False,True,True
105_Step index_50 Magnets Alternating Trial 2/V,105_Step index_50 Magnets Alternating Trial 2,step-index,105,50,Alternating,2,V,image_04.png,4,40.0,1191.0568067174809,536.0182622328783,320.22297391317437,323.4754757219251,1104.7692600004516,1115.9903912406417,1096.148925955731,1124.4586267664467,-56.676586275180576,1742558.0,0.0,0.2039754756345683,175,False,1.6,True,0,False,True,False,True,True
105_Step index_50 Magnets Alternating Trial 2/V,105_Step index_50 Magnets Alternating Trial 2,step-index,105,50,Alternating,2,V,image_05.png,5,50.0,1133.9229910038914,549.3391476912515,340.90053552955067,342.054667878401,1176.1068475769498,1180.0886041804836,1169.4756252356203,1186.6605212164884,-51.69878878751387,1768209.0,0.0,0.07462192933267069,153,False,1.7898306671317918,False,0,False,True,False,True,True
105_Step index_50 Magnets Alternating Trial 2/V,105_Step index_50 Magnets Alternating Trial 2,step-index,105,50,Alternating,2,V,image_06.png,6,60.0,1082.4774087966387,549.7583494130164,367.1062195274523,368.6323229182067,1266.5164573697105,1271.781514067813,1263.399024634849,1274.8784494471042,-58.65018574497867,1774496.0,0.0,0.06993572246984273,129,False,1.9423408552670471,False,0,False,True,False,True,True
105_Step index_50 Magnets Alternating Trial 2/V,105_Step index_50 Magnets Alternating Trial 2,step-index,105,50,Alternating,2,V,image_07.png,7,70.0,863.1694993836365,556.2852720133425,415.5648913936762,416.6167263537772,1433.698875308183,1437.3277059205313,1432.548117971907,1438.474639665877,-63.878157450954895,2661579.0,0.0,0.06880548420271053,133,False,2.509331873602006,False,0,False,True,False,True,True
105_Step index_50 Magnets Alternating Trial 2/V,105_Step index_50 Magnets Alternating Trial 2,step-index,105,50,Alternating,2,V,image_08.png,8,80.0,924.0480321926996,556.04025114872,459.0240237821512,460.06643029596273,1583.6328820484216,1587.2291845210716,1581.7613767965472,1589.0942502492128,-59.684642161290824,2627925.0,0.0,0.06883899647780026,116,False,2.24368199103972,False,0,False,True,False,True,True
105_Step index_50 Magnets Alternating Trial 2/V,105_Step index_50 Magnets Alternating Trial 2,step-index,105,50,Alternating,2,V,image_09.png,9,90.0,732.7536716631882,563.2362591306039,512.2674440089793,514.3539911401301,1767.3226818309786,1774.521269433449,1762.570795313774,1779.2412396560828,-57.79159912007256,3063598.0,0.0,0.07471431724239168,101,False,2.0054816323137343,False,0,False,True,False,True,True
105_Step index_50 Magnets Alternating Trial 2/V,105_Step index_50 Magnets Alternating Trial 2,step-index,105,50,Alternating,2,V,image_10.png,10,100.0,806.9420846568663,554.9393700976618,564.5230343249558,566.1849625794805,1947.6044684210976,1953.3381208992078,1935.0803161353572,1965.7459525781458,-50.388260904208416,3370713.0,0.0,0.07049391554122536,85,False,1.85119650863386,False,0,False,True,False,True,True
105_Step index_50 Magnets Alternating Trial 2/V,105_Step index_50 Magnets Alternating Trial 2,step-index,105,50,Alternating,2,V,image_11.png,11,110.0,979.4760220233393,554.7071118784854,624.9344849606658,628.1942385810185,2156.0239731142974,2167.270123104514,2140.3536176987313,2182.7472483888205,-52.69212517889179,4091296.0,0.0,0.09422858239651401,103,False,1.6,True,0,False,True,False,True,True
105_Step index_50 Magnets Norrmal Trial 1/H,105_Step index_50 Magnets Norrmal Trial 1,step-index,105,50,Normal,1,H,image_01.png,1,10.0,408.06633568456994,551.7222799852408,362.9423797425757,376.2667616091293,1252.1512101118863,1298.120327551496,1250.3676142593004,1299.8384003400465,-79.15842888380622,1577326.0,0.0,0.06734795292695309,86,False,2.2486563072298105,False,0,False,True,False,True,True
105_Step index_50 Magnets Norrmal Trial 1/H,105_Step index_50 Magnets Norrmal Trial 1,step-index,105,50,Normal,1,H,image_02.png,2,20.0,502.6888842377873,559.33407316515,330.7268943327319,341.00936657563966,1141.007785447925,1176.482314685957,1133.2762908591556,1183.931692201083,-67.22939801926266,1739134.0,0.0,0.10093336871603881,149,False,3.0,False,0,False,True,False,True,True
105_Step index_50 Magnets Norrmal Trial 1/H,105_Step index_50 Magnets Norrmal Trial 1,step-index,105,50,Normal,1,H,image_03.png,3,30.0,512.7631360739506,574.275353902431,318.9275271506912,326.9963170362826,1100.2999686698847,1128.137293775175,1093.3948133566194,1134.831069713096,-66.10595422178193,1670305.0,0.0,0.07049391554122536,146,False,3.0,False,0,False,True,False,True,True
105_Step index_50 Magnets Norrmal Trial 1/H,105_Step index_50 Magnets Norrmal Trial 1,step-index,105,50,Normal,1,H,image_04.png,4,40.0,536.4473898900073,577.1250287482251,320.60755181225966,327.72796150438654,1106.0960537522958,1130.6614671901336,1098.6227546961156,1137.9243719944075,-64.34502840122336,1747934.0,0.0,0.06917320934465855,211,False,3.0,False,0,False,True,False,True,True
105_Step index_50 Magnets Norrmal Trial 1/H,105_Step index_50 Magnets Norrmal Trial 1,step-index,105,50,Normal,1,H,image_05.png,5,50.0,534.4384047792676,581.8375320091957,343.61656448206224,346.39868496247954,1185.4771474631148,1195.0754631205546,1177.7231445593782,1202.7175996381118,-56.291948743510844,1726457.0,0.0,0.06880548420271053,124,False,2.870463945581404,False,0,False,True,False,True,True
105_Step index_50 Magnets Norrmal Trial 1/H,105_Step index_50 Magnets Norrmal Trial 1,step-index,105,50,Normal,1,H,image_06.png,6,60.0,620.7788665308608,587.5820765972202,374.65690021018133,377.3397706067587,1292.5663057251256,1301.8222085933176,1291.7408166819678,1302.64130903349,-74.05853773275899,1753484.0,0.0,0.06920654017022294,123,False,2.6046442049433836,False,0,False,True,False,True,True
105_Step index_50 Magnets Norrmal Trial 1/H,105_Step index_50 Magnets Norrmal Trial 1,step-index,105,50,Normal,1,H,image_07.png,7,70.0,632.5885081581272,590.8484160647048,414.3324159789006,417.9873901928356,1429.4468351272071,1442.0564961652829,1429.4185092548544,1442.0845737983996,87.29543807391794,2263571.0,0.0,0.06980372141927574,103,False,2.3357239734437436,False,0,False,True,False,True,True
105_Step index_50 Magnets Norrmal Trial 1/H,105_Step index_50 Magnets Norrmal Trial 1,step-index,105,50,Normal,1,H,image_08.png,8,80.0,442.3487828828363,595.9213296983479,474.4805811177911,466.53450556182435,1636.9580048563794,1609.544044188294,1637.8807551024045,1608.605039128799,-10.271357376106597,2321880.0,0.0,0.07246075689334182,111,False,1.8645709717536734,False,0,False,True,False,True,True
105_Step index_50 Magnets Norrmal Trial 1/H,105_Step index_50 Magnets Norrmal Trial 1,step-index,105,50,Normal,1,H,image_09.png,9,90.0,422.80463614808195,600.3394658043412,528.2257877454408,519.079892418311,1822.378967721771,1790.8256288431733,1823.5719943927188,1789.6107722582524,-10.852162895605261,2698749.0,0.0,0.08386884005870415,88,False,1.6007493746366874,False,0,False,True,False,True,True
105_Step index_50 Magnets Norrmal Trial 1/H,105_Step index_50 Magnets Norrmal Trial 1,step-index,105,50,Normal,1,H,image_10.png,10,100.0,822.2780998565328,595.0089713149483,584.7051361487115,590.7556017916062,2017.2327197130548,2038.1068261810415,2016.3600204183956,2038.970217650325,-78.70062408827933,3575730.0,0.0,0.5268175607135097,100,False,1.6385388785889223,False,0,False,True,False,True,False
105_Step index_50 Magnets Norrmal Trial 1/H,105_Step index_50 Magnets Norrmal Trial 1,step-index,105,50,Normal,1,H,image_11.png,11,110.0,842.9315176560384,594.037489588225,639.6555040680972,644.9779272889119,2206.8114890349357,2225.1738491467463,2203.602571227129,2228.3517036465146,-68.9486713990417,3473231.0,0.0,0.5222113417309152,80,False,1.6,True,0,False,True,False,True,True
105_Step index_50 Magnets Norrmal Trial 1/V,105_Step index_50 Magnets Norrmal Trial 1,step-index,105,50,Normal,1,V,image_01.png,1,10.0,884.796727551725,525.3245237010809,391.63487590081803,372.97023415948206,1351.1403218578223,1286.7473078502132,1351.439945294779,1286.4326169183817,-3.940344127247942,1719141.0,0.0,3.0382448658695678,113,False,2.817266804635141,False,1,False,True,False,False,True
105_Step index_50 Magnets Norrmal Trial 1/V,105_Step index_50 Magnets Norrmal Trial 1,step-index,105,50,Normal,1,V,image_02.png,2,20.0,1060.310430316373,527.6678783380236,333.37244669764647,335.517602504201,1150.1349411068804,1157.5357286394935,1136.4541575905905,1170.9702359697076,-51.19129487027201,1743322.0,0.0,0.06877195528764408,133,False,2.271870836566653,False,0,False,True,False,True,True
105_Step index_50 Magnets Norrmal Trial 1/V,105_Step index_50 Magnets Norrmal Trial 1,step-index,105,50,Normal,1,V,image_03.png,3,30.0,1064.001174096179,540.307226248161,320.00356506079936,322.9700465534863,1104.0122994597577,1114.246660609528,1092.175300012366,1125.8516296922987,-53.84706596483572,1736655.0,0.0,0.06877195528764408,179,False,2.3437165509863784,False,0,False,True,False,True,True
105_Step index_50 Magnets Norrmal Trial 1/V,105_Step index_50 Magnets Norrmal Trial 1,step-index,105,50,Normal,1,V,image_04.png,4,40.0,1162.4368324375396,538.9754997413588,321.06569862673945,324.6761468062233,1107.676660262251,1120.1327064814704,1098.6503700772764,1128.9872577439935,-57.12197041974152,1649003.0,0.0,0.09084562931685881,154,False,1.7227865602649375,False,0,False,True,False,True,True
105_Step index_50 Magnets Norrmal Trial 1/V,105_Step index_50 Magnets Norrmal Trial 1,step-index,105,50,Normal,1,V,image_05.png,5,50.0,1044.1353689240057,542.8419972922792,344.33103954792574,344.59389125485075,1187.942086440344,1188.848924829235,1181.6419199626528,1195.111099350534,-46.93026527965268,1694414.0,0.0,0.06877195528764408,123,False,2.2935174917394288,False,0,False,True,False,True,True
105_Step index_50 Magnets Norrmal Trial 1/V,105_Step index_50 Magnets Norrmal Trial 1,step-index,105,50,Normal,1,V,image_06.png,6,60.0,1118.4713691421152,544.6089933008428,377.3328854055374,376.8225182678824,1301.798454649104,1300.0376880241943,1308.2934763201501,1293.5012124571915,-41.58179829297075,1676181.0,0.0,0.07535863648762305,88,False,1.6989170900587838,False,0,False,True,False,True,True
105_Step index_50 Magnets Norrmal Trial 1/V,105_Step index_50 Magnets Norrmal Trial 1,step-index,105,50,Normal,1,V,image_07.png,7,70.0,984.4676453630598,547.6545543666665,419.34012718620414,418.9818701727904,1446.7234387924043,1445.487452096127,1452.3719594859144,1439.811923071107,-42.17627081752845,2199252.0,0.0,0.0689729031238046,113,False,2.1678457422468864,False,0,False,True,False,True,True
105_Step index_50 Magnets Norrmal Trial 1/V,105_Step index_50 Magnets Norrmal Trial 1,step-index,105,50,Normal,1,V,image_08.png,8,80.0,1070.856017330873,544.34128755061,468.2468140384846,471.1702500463257,1615.451508432772,1625.5373626598237,1611.8633929338512,1629.0953612421063,-62.912250906349,2599292.0,0.0,0.08625117917034092,107,False,1.6,True,0,False,True,False,True,True
105_Step index_50 Magnets Norrmal Trial 1/V,105_Step index_50 Magnets Norrmal Trial 1,step-index,105,50,Normal,1,V,image_09.png,9,90.0,829.7011701629835,552.2298272156415,526.8505070099769,525.1569785591082,1817.6342491844205,1811.7915760289234,1819.851107308096,1809.5648443775315,-27.694251125697107,2897716.0,0.0,0.06890597120515131,105,False,2.0061436648130484,False,0,False,True,False,True,True
105_Step index_50 Magnets Norrmal Trial 1/V,105_Step index_50 Magnets Norrmal Trial 1,step-index,105,50,Normal,1,V,image_10.png,10,100.0,885.212405789825,550.2697974618242,585.2441423958386,588.7214057375793,2019.0922912656433,2031.0888497946487,2016.4197365880734,2033.7421277798667,-66.91613733017151,3330187.0,0.0,0.06986975372680604,84,False,1.7961991388614507,False,0,False,True,False,True,True
105_Step index_50 Magnets Norrmal Trial 1/V,105_Step index_50 Magnets Norrmal Trial 1,step-index,105,50,Normal,1,V,image_11.png,11,110.0,531.9399605871429,555.0507843059781,645.7030557247973,644.690369594052,2227.6755422505507,2224.181775099479,2235.6133658563745,2216.203007088992,-39.81521806535664,4049440.0,0.0,1.614062761776826,76,False,1.625429233072184,False,1,False,True,False,True,True
105_Step index_50 Magnets Norrmal Trial 2/H,105_Step index_50 Magnets Norrmal Trial 2,step-index,105,50,Normal,2,H,image_01.png,1,10.0,429.8607380705228,554.6588991816476,364.9563543422032,373.66268906780465,1259.099422480601,1289.1362772839261,1258.6917429778387,1289.5343319430676,-83.43783084407801,2027855.0,0.0,0.0993872164439221,141,False,2.3556829278631635,False,0,False,True,False,True,True
105_Step index_50 Magnets Norrmal Trial 2/H,105_Step index_50 Magnets Norrmal Trial 2,step-index,105,50,Normal,2,H,image_02.png,2,20.0,302.6098576168614,563.3939539962922,330.87211108292274,338.98042670562216,1141.5087832360834,1169.4824721343966,1138.4925975892706,1172.418935393462,-72.77248032345791,2050313.0,0.0,0.07095024147365096,155,False,1.8291791153409285,False,0,False,True,False,True,True
105_Step index_50 Magnets Norrmal Trial 2/H,105_Step index_50 Magnets Norrmal Trial 2,step-index,105,50,Normal,2,H,image_03.png,3,30.0,284.6478998643993,585.011965579496,318.48191133322183,323.0911042345016,1098.7625940996154,1114.6643096090306,1096.7939184394822,1116.6014784975252,-71.7002098511883,2029488.0,0.0,0.07971990046070958,181,False,1.7875275962627306,False,0,False,True,False,True,True
105_Step index_50 Magnets Norrmal Trial 2/H,105_Step index_50 Magnets Norrmal Trial 2,step-index,105,50,Normal,2,H,image_04.png,4,40.0,607.044346153095,581.449902402039,323.1654946512193,334.04959362173287,1114.9209565467067,1152.4710979949784,1114.6162549430433,1152.7657937662445,-84.91570803029508,2355582.0,0.0,0.11674461776160676,228,False,2.9789006631133486,False,0,False,True,False,True,True
105_Step index_50 Magnets Norrmal Trial 2/H,105_Step index_50 Magnets Norrmal Trial 2,step-index,105,50,Normal,2,H,image_05.png,5,50.0,610.5198453742279,589.0475969252045,348.2755237180219,355.01788813690155,1201.5505568271756,1224.8117140723105,1201.2424127400582,1225.113929957084,-83.50812628281498,2595945.0,0.0,0.07365534390608142,189,False,2.76015614675653,False,0,False,True,False,True,True
105_Step index_50 Magnets Norrmal Trial 2/H,105_Step index_50 Magnets Norrmal Trial 2,step-index,105,50,Normal,2,H,image_06.png,6,60.0,676.8235576708228,587.8301544377557,383.8531976458032,392.228822841645,1324.2935318780212,1353.1894388036753,1324.2041614560358,1353.2768950389595,-86.83893416158892,3669828.0,0.0,0.12625216799902378,219,False,2.5044998409939216,False,0,False,True,False,True,True
105_Step index_50 Magnets Norrmal Trial 2/H,105_Step index_50 Magnets Norrmal Trial 2,step-index,105,50,Normal,2,H,image_07.png,7,70.0,848.9483196933419,583.8440499684356,431.04788711759744,437.1916590989899,1487.1152105557112,1508.311223891515,1486.5339498175144,1508.8840954901796,-80.75363978343339,3516620.0,0.0,4.033999368989945,154,False,2.265166499525784,False,1,False,True,False,True,True
105_Step index_50 Magnets Norrmal Trial 2/H,105_Step index_50 Magnets Norrmal Trial 2,step-index,105,50,Normal,2,H,image_08.png,8,80.0,827.7333133420315,590.7742879179972,477.20329719750214,483.1798922716709,1646.3513753313825,1666.9706283372648,1646.008513515992,1667.3091795547532,-82.73438667021621,3468175.0,0.0,1.6343867453641592,189,False,2.0208974434014073,False,1,False,True,False,True,True
105_Step index_50 Magnets Norrmal Trial 2/H,105_Step index_50 Magnets Norrmal Trial 2,step-index,105,50,Normal,2,H,image_09.png,9,90.0,850.2789784017397,591.1724059513942,537.6171142252584,542.8177878575682,1854.7790440771416,1872.7213681086102,1851.4493008882926,1876.0133558049513,-68.46154001660584,4779922.0,0.0,1.8944457586143337,148,False,1.797364040107901,False,1,False,True,False,True,True
105_Step index_50 Magnets Norrmal Trial 2/H,105_Step index_50 Magnets Norrmal Trial 2,step-index,105,50,Normal,2,H,image_10.png,10,100.0,897.219481130327,593.6472516582672,588.1950295178348,593.1290223870634,2029.27285183653,2046.295127235369,2024.263299871117,2051.2508739164196,-64.55285904466753,4694358.0,0.0,1.7641820692669299,157,False,1.6365761709608877,False,1,False,True,False,True,True
105_Step index_50 Magnets Norrmal Trial 2/H,105_Step index_50 Magnets Norrmal Trial 2,step-index,105,50,Normal,2,H,image_11.png,11,110.0,923.8767225805011,594.7750520048443,653.0502833468578,655.7209661832441,2253.0234775466593,2262.237333332192,2244.523546148491,2270.6709566741274,-55.3166729241035,4298638.0,0.0,1.4532204643027287,99,False,1.6,True,1,False,True,False,True,True
105_Step index_50 Magnets Norrmal Trial 2/V,105_Step index_50 Magnets Norrmal Trial 2,step-index,105,50,Normal,2,V,image_01.png,1,10.0,921.21124538516,529.9355237868741,380.34360857536535,374.568443654648,1312.1854495850105,1292.2611306085355,1318.1223093081385,1286.204906493692,-25.685508066009568,2215949.0,0.0,1.892406096385642,125,False,2.7220569319381975,False,1,False,True,False,True,True
105_Step index_50 Magnets Norrmal Trial 2/V,105_Step index_50 Magnets Norrmal Trial 2,step-index,105,50,Normal,2,V,image_02.png,2,20.0,1095.3295911966438,529.5606956141121,337.87910479550794,340.13687547669866,1165.6829115445025,1173.4722203946105,1156.2674997795511,1182.7506800920773,-53.55299015404017,2083569.0,0.0,0.06980372141927574,141,False,2.0342883128426763,False,0,False,True,False,True,True
105_Step index_50 Magnets Norrmal Trial 2/V,105_Step index_50 Magnets Norrmal Trial 2,step-index,105,50,Normal,2,V,image_03.png,3,30.0,985.2995512198503,551.8009716350152,324.75537495485315,327.6931810119979,1120.4060435942433,1130.5414744913928,1114.4367687526699,1136.426159730489,-58.72392249522254,2308480.0,0.0,0.06877195528764408,209,False,2.7941058641029253,False,0,False,True,False,True,True
105_Step index_50 Magnets Norrmal Trial 2/V,105_Step index_50 Magnets Norrmal Trial 2,step-index,105,50,Normal,2,V,image_04.png,4,40.0,1075.9326532322991,546.1407120191544,329.77994731077894,335.2316304309415,1137.7408182221875,1156.5491249867482,1135.4018623947752,1158.845399018774,-71.67496054803124,2290444.0,0.0,0.07033021007822907,222,False,2.2018764314105033,False,0,False,True,False,True,True
105_Step index_50 Magnets Norrmal Trial 2/V,105_Step index_50 Magnets Norrmal Trial 2,step-index,105,50,Normal,2,V,image_05.png,5,50.0,812.1899874022471,557.1323909649024,355.0244187115562,356.78464842703806,1224.834244554869,1230.9070370732813,1224.674486570808,1231.0659862466146,-80.91505803006471,2618721.0,0.0,0.09593562069086414,165,False,2.9254375342446095,False,0,False,True,False,True,True
105_Step index_50 Magnets Norrmal Trial 2/V,105_Step index_50 Magnets Norrmal Trial 2,step-index,105,50,Normal,2,V,image_06.png,6,60.0,884.0477890100331,553.9077422966494,392.5079341608396,395.2278343111626,1354.1523728548968,1363.536028373511,1353.3424674498133,1364.3398826458188,74.28412722323901,3660193.0,0.0,0.07162917053354532,182,False,2.6571623358386534,False,0,False,True,False,True,True
105_Step index_50 Magnets Norrmal Trial 2/V,105_Step index_50 Magnets Norrmal Trial 2,step-index,105,50,Normal,2,V,image_07.png,7,70.0,774.2089616898223,552.8622907290239,434.7663662147299,435.58296907946897,1499.9439634408182,1502.761243324168,1499.8211876977389,1502.8837788840142,-78.45579256888348,3679440.0,0.0,0.11786787561843304,161,False,2.4157864132423694,False,0,False,True,False,True,True
105_Step index_50 Magnets Norrmal Trial 2/V,105_Step index_50 Magnets Norrmal Trial 2,step-index,105,50,Normal,2,V,image_08.png,8,80.0,820.3665890890854,554.8708210782371,483.80868783232245,481.38701045473937,1669.1399730215126,1660.7851860688509,1669.579561913374,1660.3432687986997,-12.61787262282378,3469645.0,0.0,0.07169348829523489,150,False,2.177578212494695,False,0,False,True,False,True,True
105_Step index_50 Magnets Norrmal Trial 2/V,105_Step index_50 Magnets Norrmal Trial 2,step-index,105,50,Normal,2,V,image_09.png,9,90.0,759.8325212313857,554.7055826256204,539.8614465864725,541.6357127391041,1862.5219907233304,1868.6432089499092,1860.3855902790272,1870.770179301768,-63.05912286089519,4758639.0,0.0,0.11225406971046445,159,False,1.935966609793526,False,0,False,True,False,True,True
105_Step index_50 Magnets Norrmal Trial 2/V,105_Step index_50 Magnets Norrmal Trial 2,step-index,105,50,Normal,2,V,image_10.png,10,100.0,805.2258994753411,553.4430151101784,587.6376012441999,591.4032589879461,2027.3497242924898,2040.341243508414,2022.4362080206677,2045.2117443035768,-62.38981331102054,4765000.0,0.0,0.0763900380525679,116,False,1.7772973797328553,False,0,False,True,False,True,True
105_Step index_50 Magnets Norrmal Trial 2/V,105_Step index_50 Magnets Norrmal Trial 2,step-index,105,50,Normal,2,V,image_11.png,11,110.0,522.244913902518,557.8641604012519,647.9642431447402,644.4217199242701,2235.4766388493535,2223.254933738732,2250.0690428291455,2208.4853646190986,-36.45366693199098,4020617.0,0.0,1.726258227944463,72,False,1.611993175402924,False,1,False,True,False,True,True
105_Step index_50 Magnets Norrmal Trial 3/H,105_Step index_50 Magnets Norrmal Trial 3,step-index,105,50,Normal,3,H,image_01.png,1,10.0,427.2647706224638,556.286445079834,365.0045524303035,375.0220950660379,1259.265705884547,1293.8262279778307,1258.4178096088738,1294.6509346845012,-81.26234115441888,2212466.0,0.0,0.1015921361009078,151,False,2.3411355537794374,False,0,False,True,False,True,True
105_Step index_50 Magnets Norrmal Trial 3/H,105_Step index_50 Magnets Norrmal Trial 3,step-index,105,50,Normal,3,H,image_02.png,2,20.0,631.7216393840376,565.678391999557,336.14479163486385,345.4394871572199,1159.6995311402804,1191.7662306924087,1157.9962622638398,1193.4213035339842,-77.42627634434554,2275074.0,0.0,4.8547959084116235,174,False,2.9718976553878216,False,1,False,True,False,True,True
105_Step index_50 Magnets Norrmal Trial 3/H,105_Step index_50 Magnets Norrmal Trial 3,step-index,105,50,Normal,3,H,image_03.png,3,30.0,653.0557968638408,571.2054188807388,315.7953407624416,328.9733515464558,1089.4939256304235,1134.9580628352726,1088.7862517589956,1135.6369650381157,-83.01436691431067,2226290.0,0.0,2.7649350785940072,179,False,3.0,False,1,False,True,False,True,True
105_Step index_50 Magnets Norrmal Trial 3/H,105_Step index_50 Magnets Norrmal Trial 3,step-index,105,50,Normal,3,H,image_04.png,4,40.0,575.9158406219631,573.5779662514357,314.7133105966323,326.1356688319801,1085.7609215583816,1125.1680574703314,1085.327002202163,1125.586618002245,-84.09507716231192,1697850.0,0.0,0.07236212836691067,180,False,3.0,False,0,False,True,False,True,True
105_Step index_50 Magnets Norrmal Trial 3/H,105_Step index_50 Magnets Norrmal Trial 3,step-index,105,50,Normal,3,H,image_05.png,5,50.0,567.0374063132073,579.2842358518938,331.63442355783155,341.6819167465233,1144.1387612745189,1178.8026127755054,1143.9020318784028,1179.0323347566048,-85.32692451782759,1695810.0,0.0,0.06887249213720352,155,False,2.925034891552779,False,0,False,True,False,True,True
105_Step index_50 Magnets Norrmal Trial 3/H,105_Step index_50 Magnets Norrmal Trial 3,step-index,105,50,Normal,3,H,image_06.png,6,60.0,631.5189781594322,581.6949194331268,361.3299997751069,369.48910460595164,1246.5884992241188,1274.7374108905333,1246.5250952237077,1274.7994117112182,-87.30100428546777,1683198.0,0.0,0.06853568704649753,101,False,2.691852476122311,False,0,False,True,False,True,True
105_Step index_50 Magnets Norrmal Trial 3/H,105_Step index_50 Magnets Norrmal Trial 3,step-index,105,50,Normal,3,H,image_07.png,7,70.0,640.1602777267691,586.795266147568,405.3247905252614,412.33782891831095,1398.3705273121518,1422.565509768173,1397.9125101650416,1423.015592030291,82.27119381683349,2298086.0,0.0,0.06950415122431987,115,False,2.3873857760935326,False,0,False,True,False,True,True
105_Step index_50 Magnets Norrmal Trial 3/H,105_Step index_50 Magnets Norrmal Trial 3,step-index,105,50,Normal,3,H,image_08.png,8,80.0,584.3229380843882,590.3729813097708,450.89633700502685,454.6049154706989,1555.5923626673427,1568.3869583739113,1555.1443487176334,1568.8311906122797,79.59882099194641,2158454.0,0.0,0.06662496186566333,124,False,2.149677674225338,False,0,False,True,False,True,False
105_Step index_50 Magnets Norrmal Trial 3/H,105_Step index_50 Magnets Norrmal Trial 3,step-index,105,50,Normal,3,H,image_09.png,9,90.0,579.3529302167548,595.3952101271557,508.2609538763299,512.5492424531534,1753.5002908733381,1768.2948864633793,1753.4872178002024,1768.3078500636486,88.30165162253726,2860744.0,0.0,0.07133900824035266,103,False,1.8870565378057413,False,0,False,True,False,True,True
105_Step index_50 Magnets Norrmal Trial 3/H,105_Step index_50 Magnets Norrmal Trial 3,step-index,105,50,Normal,3,H,image_10.png,10,100.0,716.0232448770585,591.4007887560483,562.4441749241639,569.2167197371851,1940.4324034883657,1963.797683093289,1940.4182984088995,1963.8116202503015,-88.59717460335419,3410687.0,0.0,0.07188316938400723,119,False,1.7131740923048462,False,0,False,True,False,True,True
105_Step index_50 Magnets Norrmal Trial 3/H,105_Step index_50 Magnets Norrmal Trial 3,step-index,105,50,Normal,3,H,image_11.png,11,110.0,733.9906670947412,593.4400564970352,624.9669659441811,632.3321364596688,2156.1360325074247,2181.5458707858575,2152.715539739693,2184.9212301552034,-71.04580811360773,3634881.0,0.0,0.09518522058472688,81,False,1.6,True,0,False,True,False,True,True
105_Step index_50 Magnets Norrmal Trial 3/V,105_Step index_50 Magnets Norrmal Trial 3,step-index,105,50,Normal,3,V,image_01.png,1,10.0,1074.832669060154,522.3212718402625,371.69842117286237,374.69816380589367,1282.3595530463751,1292.7086651303332,1273.7314851720885,1301.2109052239202,-56.06259566359286,2154736.0,0.0,0.06880548420271053,146,False,1.9594774160769757,False,0,False,True,False,True,True
105_Step index_50 Magnets Norrmal Trial 3/V,105_Step index_50 Magnets Norrmal Trial 3,step-index,105,50,Normal,3,V,image_02.png,2,20.0,1214.9409558143977,534.6205937095024,340.67794682700554,347.0961270083117,1175.3389165531692,1197.4816381786754,1167.3874505163033,1205.2345758882411,-62.90523404280734,2335014.0,0.0,0.9910417128556283,165,False,1.6,True,0,True,True,False,True,True
105_Step index_50 Magnets Norrmal Trial 3/V,105_Step index_50 Magnets Norrmal Trial 3,step-index,105,50,Normal,3,V,image_03.png,3,30.0,976.6318471468471,543.9795696955521,321.63676386486486,326.5445497633057,1109.6468353337839,1126.5786966834048,1105.4040941355445,1130.7419898701635,-65.96670046444918,1654503.0,0.0,0.06880548420271053,208,False,2.8750983720083956,False,0,False,True,False,True,True
105_Step index_50 Magnets Norrmal Trial 3/V,105_Step index_50 Magnets Norrmal Trial 3,step-index,105,50,Normal,3,V,image_04.png,4,40.0,1080.637369739648,540.0439092872442,321.2546250205369,329.34048258888026,1108.3284563208522,1136.2246649316369,1107.256718751704,1137.269104068507,-79.17859640218519,1689597.0,0.0,0.06883899647780026,206,False,2.231019274741604,False,0,False,True,False,True,True
105_Step index_50 Magnets Norrmal Trial 3/V,105_Step index_50 Magnets Norrmal Trial 3,step-index,105,50,Normal,3,V,image_05.png,5,50.0,1112.267378701957,543.1634977595354,340.0540589585075,345.8150207370313,1173.186503406851,1193.061821542758,1173.1185875006126,1193.1286022300717,-86.67424105599733,1647203.0,0.0,0.07072250872285986,132,False,1.9216510592388485,False,0,False,True,False,True,True
105_Step index_50 Magnets Norrmal Trial 3/V,105_Step index_50 Magnets Norrmal Trial 3,step-index,105,50,Normal,3,V,image_06.png,6,60.0,1095.5738217545706,542.6261016553626,367.1018603430451,376.0448962778367,1266.5014181835056,1297.3548921585366,1266.4922826665122,1297.3638103533976,89.02028099450804,1671235.0,0.0,0.07162917053354532,102,False,1.871015013901315,False,0,False,True,False,True,True
105_Step index_50 Magnets Norrmal Trial 3/V,105_Step index_50 Magnets Norrmal Trial 3,step-index,105,50,Normal,3,V,image_07.png,7,70.0,884.5637385754259,551.7076703952861,410.9305319576683,418.49898201931825,1417.7103352539557,1443.821487966648,1417.313115370431,1444.211416932809,83.05263658279297,2315513.0,0.0,0.06887249213720352,121,False,2.5199216832521407,False,0,False,True,False,True,True
105_Step index_50 Magnets Norrmal Trial 3/V,105_Step index_50 Magnets Norrmal Trial 3,step-index,105,50,Normal,3,V,image_08.png,8,80.0,961.8226012700161,547.8741798835046,455.0853985515257,460.8749509412083,1570.0446250027637,1590.0185807471687,1570.043802389977,1590.0193930258001,89.63348094089923,2200602.0,0.0,0.06877195528764408,109,False,2.097089470454442,False,0,False,True,False,True,True
105_Step index_50 Magnets Norrmal Trial 3/V,105_Step index_50 Magnets Norrmal Trial 3,step-index,105,50,Normal,3,V,image_09.png,9,90.0,728.4559420069982,556.1546944543674,510.3588682191479,517.8469842643037,1760.7380953560603,1786.5720957118479,1760.2885133919283,1787.01506519524,-82.57567260389368,2992499.0,0.0,0.07943099068441399,105,False,2.019304240183729,False,0,False,True,False,True,True
105_Step index_50 Magnets Norrmal Trial 3/V,105_Step index_50 Magnets Norrmal Trial 3,step-index,105,50,Normal,3,V,image_10.png,10,100.0,786.866877844005,550.1262226444866,563.7173482636395,572.9256710118398,1944.8248515095563,1976.5935649908472,1942.0239209692745,1979.3455773551825,-74.17255396274138,3443867.0,0.0,0.06920654017022293,95,False,1.8462186459375431,False,0,False,True,False,True,True
105_Step index_50 Magnets Norrmal Trial 3/V,105_Step index_50 Magnets Norrmal Trial 3,step-index,105,50,Normal,3,V,image_11.png,11,110.0,766.4187389393176,551.0784518543486,626.5029549535734,638.5697663208505,2161.4351945898284,2203.065693806934,2157.601367630212,2206.820538702873,-73.88070587713362,3744118.0,0.0,0.07255608308862502,76,False,1.653448131785517,False,0,False,True,False,True,True
105_Step index_50 Magnets_Alternating/H,105_Step index_50 Magnets_Alternating,step-index,105,50,Alternating,1,H,image_01.png,1,10.0,265.1252123344774,556.2992135693906,453.0532449580558,466.81016115929845,1563.0336951052927,1610.4950559995798,1556.9512822605868,1616.3759965121696,-71.50455624843177,3357321.0,0.0,0.9275351795963939,101,False,1.6,True,0,False,True,False,True,True
105_Step index_50 Magnets_Alternating/H,105_Step index_50 Magnets_Alternating,step-index,105,50,Alternating,1,H,image_02.png,2,20.0,339.45156093446127,548.7413473831892,377.0320876258867,390.8970693855502,1300.7607023093092,1348.5948893801483,1297.1181924174862,1352.098729839672,-75.23314931704604,1590906.0,0.0,0.06665957101922729,114,False,1.8006507778790701,False,0,False,True,False,True,True
105_Step index_50 Magnets_Alternating/H,105_Step index_50 Magnets_Alternating,step-index,105,50,Alternating,1,H,image_03.png,3,30.0,442.7090431611604,549.5133830274661,333.1825599761317,337.44924876429417,1149.4798319176543,1164.199908236815,1143.096110565778,1170.4685353880466,-61.266899134636084,1616824.0,0.0,0.18401269783938756,116,False,2.656868489728903,False,0,False,True,False,True,True
105_Step index_50 Magnets_Alternating/H,105_Step index_50 Magnets_Alternating,step-index,105,50,Alternating,1,H,image_04.png,4,40.0,454.24516072822274,558.1331892615111,290.69251561452813,301.04493153419463,1002.8891788701221,1038.6050137929715,1002.4192500361221,1039.0585772360023,-83.55534984812526,1641311.0,0.0,0.07523314390946635,173,False,3.0,False,0,False,True,False,True,True
105_Step index_50 Magnets_Alternating/H,105_Step index_50 Magnets_Alternating,step-index,105,50,Alternating,1,H,image_05.png,5,50.0,544.8704062200437,569.953925299227,280.34131953473576,286.0956664180578,967.1775523948385,987.0300491422995,966.9498586730857,987.2531117086543,83.95244612677155,1712914.0,0.0,0.3615762075860926,191,False,3.0,False,0,False,True,False,True,True
105_Step index_50 Magnets_Alternating/H,105_Step index_50 Magnets_Alternating,step-index,105,50,Alternating,1,H,image_06.png,6,60.0,546.9800020061127,567.4053746120532,292.32241306677156,294.5988924210399,1008.512325080362,1016.3661788525877,1003.8797935345232,1020.9420549117818,58.70382885581266,1694820.0,0.0,0.09461334382279832,184,False,3.0,False,0,False,True,False,True,True
105_Step index_50 Magnets_Alternating/H,105_Step index_50 Magnets_Alternating,step-index,105,50,Alternating,1,H,image_07.png,7,70.0,553.9034547979103,569.0316115828798,332.4025652520345,332.78931333573684,1146.788850119519,1148.1231310082921,1140.802640348185,1154.071369755503,47.88570832896427,2829659.0,0.0,0.11440077105281009,179,False,3.0,False,0,False,True,False,True,True
105_Step index_50 Magnets_Alternating/H,105_Step index_50 Magnets_Alternating,step-index,105,50,Alternating,1,H,image_08.png,8,80.0,553.8929879188446,572.2551241375329,389.63646888303583,386.74449815995087,1344.2458176464736,1334.2685186518306,1345.6154182890211,1332.8872586187665,19.19142159558749,3967253.0,0.0,0.12368201704410843,213,False,2.620553546071535,False,0,False,True,False,True,True
105_Step index_50 Magnets_Alternating/H,105_Step index_50 Magnets_Alternating,step-index,105,50,Alternating,1,H,image_09.png,9,90.0,562.792290419658,571.23385230618,454.8900519037099,450.5079367268953,1569.3706790677993,1554.2523817077888,1569.4465341602615,1554.1757850302533,4.051357304006915,5277797.0,0.0,0.1617102231802747,196,False,2.254149449621181,False,0,False,True,False,True,True
105_Step index_50 Magnets_Alternating/H,105_Step index_50 Magnets_Alternating,step-index,105,50,Alternating,1,H,image_10.png,10,100.0,570.4869506882674,568.716892207543,512.4577214041973,505.34934407831565,1767.9791388444808,1743.455237070189,1770.2777975789143,1741.1211670805371,-16.3708487309313,5100997.0,0.0,0.17652769688297784,159,False,2.0194849993926387,False,0,False,True,False,True,True
105_Step index_50 Magnets_Alternating/H,105_Step index_50 Magnets_Alternating,step-index,105,50,Alternating,1,H,image_11.png,11,110.0,574.8531428252201,569.2976892293041,570.0421043676891,561.0722102138919,1966.6452600685277,1935.6991252379273,1972.8039116429673,1929.4220400428444,-22.245350408495828,4958389.0,0.0,0.23044024530155907,148,False,1.816891902918535,False,0,False,True,False,True,True
105_Step index_50 Magnets_Alternating/V,105_Step index_50 Magnets_Alternating,step-index,105,50,Alternating,1,V,image_01.png,1,10.0,1181.1529942609825,514.842406663384,462.19495388526116,460.44244680376414,1594.5725909041512,1588.5264414729863,1597.2643418446778,1585.8198589982076,-29.05449878278994,2416790.0,0.0,0.24688549066244972,83,False,1.6,True,0,False,True,False,True,True
105_Step index_50 Magnets_Alternating/V,105_Step index_50 Magnets_Alternating,step-index,105,50,Alternating,1,V,image_02.png,2,20.0,1216.572405249311,531.0786660990418,392.3948443438511,388.5738030903768,1353.7622129862864,1340.5796206618002,1354.717513447551,1339.6142382797175,-14.60521172220479,2297292.0,0.0,0.6950758262254608,114,False,1.6,True,0,False,True,False,True,True
105_Step index_50 Magnets_Alternating/V,105_Step index_50 Magnets_Alternating,step-index,105,50,Alternating,1,V,image_03.png,3,30.0,1255.9568818915154,529.4906915390504,335.9294560467611,336.7616906280654,1158.956623361326,1161.8278326668258,1148.2207020463202,1172.439161314836,-48.404528998757655,2301562.0,0.0,1.6564410336857351,156,False,1.6,True,0,True,True,False,True,True
105_Step index_50 Magnets_Alternating/V,105_Step index_50 Magnets_Alternating,step-index,105,50,Alternating,1,V,image_04.png,4,40.0,1193.1732975561883,525.2197487911181,305.1609399478872,303.0181843614966,1052.8052428202109,1045.4127360471632,1059.1103111039934,1039.0245506784436,-34.201935802218394,2280413.0,0.0,0.09651064617348032,183,False,1.7159686764672728,False,0,False,True,False,True,True
105_Step index_50 Magnets_Alternating/V,105_Step index_50 Magnets_Alternating,step-index,105,50,Alternating,1,V,image_05.png,5,50.0,1177.4046736103967,531.2615525892165,288.082319999094,289.77561149229,993.8840039968744,999.7258596484006,987.7395092804817,1005.7971314618799,-54.438081370443705,2274858.0,0.0,0.05821468136611186,239,False,1.927159678740045,False,0,False,True,False,True,True
105_Step index_50 Magnets_Alternating/V,105_Step index_50 Magnets_Alternating,step-index,105,50,Alternating,1,V,image_06.png,6,60.0,1288.4921059985202,526.3182984728437,291.241082496624,300.7062631795882,1004.7817346133529,1037.4366079695792,1003.7337035907469,1038.4506257131573,-80.07793550185215,2215163.0,0.0,2.4188739623304567,205,False,1.6,True,0,True,True,False,True,True
105_Step index_50 Magnets_Alternating/V,105_Step index_50 Magnets_Alternating,step-index,105,50,Alternating,1,V,image_07.png,7,70.0,1211.5672365511318,533.894778441085,329.64053158399173,331.9411553943319,1137.2598339647716,1145.196986110445,1133.28519965324,1149.1304204453654,-60.030667096864576,2278649.0,0.0,0.19636849657101657,187,False,1.6,True,0,False,True,False,True,True
105_Step index_50 Magnets_Alternating/V,105_Step index_50 Magnets_Alternating,step-index,105,50,Alternating,1,V,image_08.png,8,80.0,954.3027218699392,542.0665280976036,377.2154384790551,381.1103465212439,1301.3932627527402,1314.8306954982916,1294.6412802271159,1321.4795260217381,-60.02322646164912,2341552.0,0.0,0.03565709230452464,128,False,2.6546861125441716,False,0,False,True,False,True,True
105_Step index_50 Magnets_Alternating/V,105_Step index_50 Magnets_Alternating,step-index,105,50,Alternating,1,V,image_09.png,9,90.0,1025.9634093170573,537.6676891454044,435.5086915888458,440.0170435863309,1502.504985981518,1518.0588003728417,1492.0767872412302,1528.3097249133245,-57.711508510689434,2722469.0,0.0,0.014942959146502833,111,False,1.970277971342931,False,0,False,True,False,True,True
105_Step index_50 Magnets_Alternating/V,105_Step index_50 Magnets_Alternating,step-index,105,50,Alternating,1,V,image_10.png,10,100.0,1089.5101158756725,534.0786781067442,493.3591183589551,503.5487596073868,1702.088958338395,1737.2432206454846,1687.5595783483288,1751.3604709770602,-61.7200731519852,3118860.0,0.0,0.14611116820817924,87,False,1.6,True,0,False,True,False,True,True
105_Step index_50 Magnets_Alternating/V,105_Step index_50 Magnets_Alternating,step-index,105,50,Alternating,1,V,image_11.png,11,110.0,1150.7749484387311,529.7695247679264,550.9900498208759,573.896945988284,1900.915671882022,1979.9444636595797,1892.2824786361834,1988.1970455237588,-72.74516857022032,3915245.0,0.0,1.402180080448842,113,False,1.6,True,0,True,True,False,True,True
50_Step index_0 Magnets Trial 2/H,50_Step index_0 Magnets Trial 2,step-index,50,0,Baseline,2,H,image_01.png,1,10.0,353.1291193789525,547.2969313222928,217.69542335068834,228.18835926028555,751.0492105598748,787.2498394479852,736.9700222225175,800.4451341215287,-62.39743544455762,642785.0,0.0,0.06662496186566333,176,False,3.0,False,0,False,True,False,True,True
50_Step index_0 Magnets Trial 2/H,50_Step index_0 Magnets Trial 2,step-index,50,0,Baseline,2,H,image_02.png,2,20.0,381.9473474204977,561.4060335774097,189.87642878476913,201.58684451267058,655.0736793074535,695.4746135687135,643.262589340625,706.4132675670458,-64.90217765595827,892207.0,0.0,0.06880548420271053,208,False,3.0,False,0,False,True,False,True,True
50_Step index_0 Magnets Trial 2/H,50_Step index_0 Magnets Trial 2,step-index,50,0,Baseline,2,H,image_03.png,3,30.0,365.1301662764944,561.4531207270127,171.8098041961881,184.4416683182333,592.743824476849,636.3237556979049,589.5744909364315,639.2613574728072,-75.65661093497447,665518.0,0.0,0.06662496186566333,208,False,3.0,False,0,False,True,False,True,True
50_Step index_0 Magnets Trial 2/H,50_Step index_0 Magnets Trial 2,step-index,50,0,Baseline,2,H,image_04.png,4,40.0,227.96103181770505,568.243893952922,167.9071103899037,178.87846889584856,579.2795308451678,617.1307176906776,578.9583934071076,617.4320013386653,84.84254173333547,390883.0,0.0,0.06662496186566333,221,False,2.7153231484759375,False,0,False,True,False,True,True
50_Step index_0 Magnets Trial 2/H,50_Step index_0 Magnets Trial 2,step-index,50,0,Baseline,2,H,image_05.png,5,50.0,186.23308215533504,573.9875836198032,185.0859827253738,191.28605296354579,638.5466404025397,659.936882724233,637.8665353614113,660.5942659569322,-80.1243349816168,640847.0,0.0,0.06986792106671315,170,False,2.012395313929994,False,0,False,True,False,True,True
50_Step index_0 Magnets Trial 2/H,50_Step index_0 Magnets Trial 2,step-index,50,0,Baseline,2,H,image_06.png,6,60.0,519.4855861915631,569.047195618585,218.19268780585628,217.15125600012172,752.7647729302042,749.17183320042,759.1773549623038,742.672863876135,-38.71279954708813,710638.0,0.0,0.06877195528764408,136,False,3.0,False,0,False,True,False,True,True
50_Step index_0 Magnets Trial 2/H,50_Step index_0 Magnets Trial 2,step-index,50,0,Baseline,2,H,image_07.png,7,70.0,516.7734455267847,575.044959748215,251.97249589560604,247.5796017992976,869.305110839841,854.1496262075767,875.5800155857576,847.7161057746017,-28.52315553704101,692019.0,0.0,0.06669416189406041,105,False,3.0,False,0,False,True,False,True,True
50_Step index_0 Magnets Trial 2/H,50_Step index_0 Magnets Trial 2,step-index,50,0,Baseline,2,H,image_08.png,8,80.0,453.4460748629863,575.6101506702765,291.79225424692623,287.941590276077,1006.6832771518956,993.3984864524658,1031.1589333770594,967.9685054277413,-38.929019738544476,836595.0,0.0,0.06877195528764408,90,False,3.0,False,0,False,True,False,True,True
50_Step index_0 Magnets Trial 2/H,50_Step index_0 Magnets Trial 2,step-index,50,0,Baseline,2,H,image_09.png,9,90.0,455.87517827762974,575.595786576379,336.9353628599995,330.5795970572567,1162.4270018669984,1140.4996098475358,1184.2553199118015,1117.8171728831494,-35.360615312185026,1259973.0,0.0,0.06665957101922729,101,False,2.7060096892652443,False,0,False,True,False,True,True
50_Step index_0 Magnets Trial 2/H,50_Step index_0 Magnets Trial 2,step-index,50,0,Baseline,2,H,image_10.png,10,100.0,460.44073230680635,575.9420490047004,383.20237824584535,375.61867207604604,1322.0482049481666,1295.884418662359,1350.0378243090754,1266.6987627977567,-35.84713661558825,1903246.0,0.0,0.06662496186566333,107,False,2.4031204316347345,False,0,False,True,False,True,True
50_Step index_0 Magnets Trial 2/H,50_Step index_0 Magnets Trial 2,step-index,50,0,Baseline,2,H,image_11.png,11,110.0,469.51300195664345,569.9815334724985,423.40246438693487,414.9272249499523,1460.7385021349253,1431.4989260773355,1503.342094721241,1386.6898330986285,-37.73617543699842,2216551.0,0.0,0.06880548420271053,101,False,2.2178094907240293,False,0,False,True,False,True,True
50_Step index_0 Magnets Trial 2/H,50_Step index_0 Magnets Trial 2,step-index,50,0,Baseline,2,H,image_12.png,12,120.0,516.6714718235338,567.6530506256017,472.0606145443761,464.98473591850075,1628.6091201780976,1604.1973389188277,1680.9620915445762,1549.2524698420234,-39.655027061275014,2408801.0,0.0,0.06662496186566333,78,False,2.1890047841513542,False,0,False,True,False,True,True
50_Step index_0 Magnets Trial 2/V,50_Step index_0 Magnets Trial 2,step-index,50,0,Baseline,2,V,image_01.png,1,10.0,1215.339941539984,511.12266936718186,233.50759875001606,233.29866991566527,805.6012156875554,804.8804112090452,811.7251567546451,798.7039908232309,-43.413294016038435,868970.0,0.0,0.06665957101922729,124,False,1.918427330606088,False,0,False,True,False,True,True
50_Step index_0 Magnets Trial 2/V,50_Step index_0 Magnets Trial 2,step-index,50,0,Baseline,2,V,image_02.png,2,20.0,1228.87984450095,521.9947177359264,202.15448406354136,204.56495609680624,697.4329700192177,705.7490985339816,696.6925915318711,706.4799860264694,-74.0886150913363,858912.0,0.0,0.06662496186566333,153,False,2.078807763997012,False,0,False,True,False,True,True
50_Step index_0 Magnets Trial 2/V,50_Step index_0 Magnets Trial 2,step-index,50,0,Baseline,2,V,image_03.png,3,30.0,878.9468895328228,529.9845988846636,179.0357526854376,183.35174801970518,617.6733467647597,632.563530667983,616.6563247062377,633.5550180012141,75.8914329051511,662939.0,0.0,1.5605520113430047,165,False,3.0,False,1,False,True,False,True,True
50_Step index_0 Magnets Trial 2/V,50_Step index_0 Magnets Trial 2,step-index,50,0,Baseline,2,V,image_04.png,4,40.0,999.4307158004457,528.5200665540459,174.97668217436475,174.9704665186244,603.6695535015584,603.6481094892541,615.6173084960953,591.458620188044,44.97456613534367,667728.0,0.0,0.06662496186566333,238,False,3.0,False,0,False,True,False,True,True
50_Step index_0 Magnets Trial 2/V,50_Step index_0 Magnets Trial 2,step-index,50,0,Baseline,2,V,image_05.png,5,50.0,1286.5484180292854,525.6690131883913,181.81051816957097,180.28161026295763,627.2462876850199,621.9715554072038,641.8348128367401,606.9057539528868,40.6555173804574,660126.0,0.0,0.254697076229688,214,False,1.6773223292922952,False,0,False,True,False,True,True
50_Step index_0 Magnets Trial 2/V,50_Step index_0 Magnets Trial 2,step-index,50,0,Baseline,2,V,image_06.png,6,60.0,1142.6721017710836,531.30591472745,200.96476317225031,202.16445343754228,693.3284329442636,697.4673643595208,668.1868548123344,721.5894728525114,47.22419660938993,641754.0,0.0,0.06665957101922729,169,False,2.9490557998001043,False,1,False,True,False,True,True
50_Step index_0 Magnets Trial 2/V,50_Step index_0 Magnets Trial 2,step-index,50,0,Baseline,2,V,image_07.png,7,70.0,1021.5286961858077,538.5973596917307,230.13861384322226,229.2749552936992,793.9782177591169,790.9985957632623,815.6420391116438,768.6405224870703,43.18187480446011,671361.0,0.0,0.06883899647780026,110,False,3.0,False,1,False,True,False,True,True
50_Step index_0 Magnets Trial 2/V,50_Step index_0 Magnets Trial 2,step-index,50,0,Baseline,2,V,image_08.png,8,80.0,1116.7609359731946,533.9478454799621,267.0399805219929,259.9822475602988,921.2879328008755,896.9387540830309,931.8732468622219,885.9361351039876,28.991315901897494,648822.0,0.0,0.06877195528764408,98,False,2.413414376356026,False,0,False,True,False,True,True
50_Step index_0 Magnets Trial 2/V,50_Step index_0 Magnets Trial 2,step-index,50,0,Baseline,2,V,image_09.png,9,90.0,1032.1201145903644,538.2469035095631,310.1445688388941,299.02296531858207,1069.9987624941846,1031.6292303491082,1078.046698715143,1023.2162704136217,22.7902306732476,1285972.0,0.0,0.06662496186566333,136,False,2.6238079030878727,False,0,False,True,False,False,True
50_Step index_0 Magnets Trial 2/V,50_Step index_0 Magnets Trial 2,step-index,50,0,Baseline,2,V,image_10.png,10,100.0,1107.1853244890333,534.4871522884117,351.3753226318214,333.3226760957893,1212.244863079784,1149.963232530473,1216.24121145937,1145.7357285967403,13.96960893410359,1276453.0,0.0,0.06900630910168704,121,False,1.8886592490608578,False,2,False,True,False,False,True
50_Step index_0 Magnets Trial 2/V,50_Step index_0 Magnets Trial 2,step-index,50,0,Baseline,2,V,image_11.png,11,110.0,952.7290155359182,536.508117023847,378.8464581860415,372.35450892569065,1307.0202807418432,1284.6230557936328,1310.230738117205,1281.348439199854,19.57550340705635,2168652.0,0.0,0.06877195528764408,169,False,2.5671137948202065,False,5,False,True,False,True,True
50_Step index_0 Magnets Trial 2/V,50_Step index_0 Magnets Trial 2,step-index,50,0,Baseline,2,V,image_12.png,12,120.0,1011.0571124278765,535.263435461321,419.74345450410635,415.70719323479057,1448.114918039167,1434.1898166600274,1448.7342092646722,1433.5642423572,11.68656237422208,2005588.0,0.0,0.06877195528764408,116,False,2.039060100428215,False,6,False,True,False,True,True
50_Step index_0 Magnets Trial 3/H,50_Step index_0 Magnets Trial 3,step-index,50,0,Baseline,3,H,image_01.png,1,10.0,386.2595388724226,554.3441476438943,213.54017836147517,222.93609828487442,736.7136153470893,769.1295390828168,718.2757085925725,786.3759949116983,-59.22460923132833,654873.0,0.0,0.06662496186566333,175,False,3.0,False,0,False,True,False,True,True
50_Step index_0 Magnets Trial 3/H,50_Step index_0 Magnets Trial 3,step-index,50,0,Baseline,3,H,image_02.png,2,20.0,295.2082298097278,550.8705125686108,185.00735867898234,197.93774989042817,638.2753874424891,682.8852371219772,634.5128168738516,686.3826939228649,-74.66988594747656,631096.0,0.0,0.06665957101922729,158,False,3.0,False,0,False,True,False,True,True
50_Step index_0 Magnets Trial 3/H,50_Step index_0 Magnets Trial 3,step-index,50,0,Baseline,3,H,image_03.png,3,30.0,270.12593842596897,557.481428134841,168.739560637279,179.8604984890321,582.1514841986126,620.5187197871608,578.8766920181155,623.5748612629508,-74.57533117014643,376295.0,0.0,0.06662496186566333,116,False,3.0,False,0,False,True,False,True,True
50_Step index_0 Magnets Trial 3/H,50_Step index_0 Magnets Trial 3,step-index,50,0,Baseline,3,H,image_04.png,4,40.0,507.1136125422578,566.6584301510209,168.2617817439479,178.67758471398872,580.5031470166202,616.4376672632611,579.9026408198395,617.0026162726923,-82.80365322955066,338695.0,0.0,0.06880548420271053,200,False,3.0,False,0,False,True,False,True,True
50_Step index_0 Magnets Trial 3/H,50_Step index_0 Magnets Trial 3,step-index,50,0,Baseline,3,H,image_05.png,5,50.0,561.5384913074121,558.4968171668195,184.50644359539,191.39296342536508,636.5472304040956,660.3057238175096,635.9196741296246,660.9101251275866,-80.96884023985234,708017.0,0.0,0.0892508035896678,174,False,3.0,False,0,False,True,False,True,True
50_Step index_0 Magnets Trial 3/H,50_Step index_0 Magnets Trial 3,step-index,50,0,Baseline,3,H,image_06.png,6,60.0,404.15244745808457,563.7674177412058,218.3023149818619,219.35859689444138,753.1429866874237,756.7871592858228,741.0439095156477,768.6384631451399,-48.79498800035472,1156077.0,0.0,0.06665957101922729,198,False,3.0,False,0,False,True,False,True,True
50_Step index_0 Magnets Trial 3/H,50_Step index_0 Magnets Trial 3,step-index,50,0,Baseline,3,H,image_07.png,7,70.0,402.2335561588156,570.2911978518954,252.43498885646034,252.45765112170838,870.9007115547882,870.978896369894,853.7955152605726,887.7530655702001,-45.065972299592175,1354124.0,0.0,0.06877195528764408,197,False,3.0,False,0,False,True,False,True,True
50_Step index_0 Magnets Trial 3/H,50_Step index_0 Magnets Trial 3,step-index,50,0,Baseline,3,H,image_08.png,8,80.0,550.6502979187211,572.0638132558261,294.38233900608236,296.8082970929607,1015.6190695709842,1023.9886249707145,993.5208448770167,1045.4430301745308,-49.639586938151766,1926700.0,0.0,0.06672873451858867,194,False,3.0,False,1,False,True,False,True,False
50_Step index_0 Magnets Trial 3/H,50_Step index_0 Magnets Trial 3,step-index,50,0,Baseline,3,H,image_09.png,9,90.0,559.6327407639258,571.3499419892519,339.26102900250123,335.43296657924583,1170.4505500586292,1157.2437346983982,1204.291148794102,1121.9850179781488,-40.38037159532617,2070306.0,0.0,0.06880548420271053,164,False,3.0,False,0,False,True,False,True,True
50_Step index_0 Magnets Trial 3/H,50_Step index_0 Magnets Trial 3,step-index,50,0,Baseline,3,H,image_10.png,10,100.0,692.6498847375761,566.3302408349692,384.8871818113623,378.4126808696751,1327.8607772492,1305.5237490003792,1362.5187873018695,1269.310465256747,-38.06298865828252,3716736.0,0.0,1.437322988140839,201,False,2.709580228584325,False,0,False,True,False,True,False
50_Step index_0 Magnets Trial 3/H,50_Step index_0 Magnets Trial 3,step-index,50,0,Baseline,3,H,image_11.png,11,110.0,711.8057353754298,567.3902221473868,434.2728731280802,427.79296787294766,1498.241412291877,1475.8857391616696,1535.7642951653754,1436.7999423240326,-38.46871478087927,3515864.0,0.0,1.3356041556906044,151,False,2.3918569821039166,False,1,False,True,False,True,True
50_Step index_0 Magnets Trial 3/H,50_Step index_0 Magnets Trial 3,step-index,50,0,Baseline,3,H,image_12.png,12,120.0,680.9688245566867,564.9202623426513,463.29082416052387,478.64553421360125,1598.3533433538075,1651.3270930369245,1555.0075935417362,1692.2074229938876,-56.365330667868975,3302856.0,0.0,0.3549742143085265,110,False,2.1480708421348935,False,1,False,True,False,True,True
50_Step index_0 Magnets Trial 3/V,50_Step index_0 Magnets Trial 3,step-index,50,0,Baseline,3,V,image_01.png,1,10.0,937.8993778589161,524.0145844030269,227.86881897369778,228.3346688552616,786.1474254592574,787.7546075506526,786.1454012756025,787.7566275993643,-87.9698035374641,683607.0,0.0,3.380068033150809,90,False,3.0,False,1,False,True,False,True,True
50_Step index_0 Magnets Trial 3/V,50_Step index_0 Magnets Trial 3,step-index,50,0,Baseline,3,V,image_02.png,2,20.0,1084.07377253456,515.977935347882,201.23203627140592,201.83455753883888,694.2505251363505,696.3292235089941,693.6001184399892,696.9770834573904,-63.996069889472984,666088.0,0.0,0.06877195528764408,124,False,3.0,False,0,False,True,False,True,True
50_Step index_0 Magnets Trial 3/V,50_Step index_0 Magnets Trial 3,step-index,50,0,Baseline,3,V,image_03.png,3,30.0,1049.8230711350948,517.7309867276201,178.50385048561515,177.70004417350057,615.8382841753723,613.065152398577,624.0399299679366,604.7146758159339,40.874346493497704,386743.0,0.0,0.06662496186566333,111,False,3.0,False,0,False,True,False,True,True
50_Step index_0 Magnets Trial 3/V,50_Step index_0 Magnets Trial 3,step-index,50,0,Baseline,3,V,image_04.png,4,40.0,1207.5974329236735,527.1672403150078,172.40147354980732,171.4548772576839,594.7850837468353,591.5193265390095,603.0224847361567,583.1194495294467,40.277352234114986,320754.0,0.0,0.06665957101922729,140,False,2.684461592023151,False,0,False,True,False,True,True
50_Step index_0 Magnets Trial 3/V,50_Step index_0 Magnets Trial 3,step-index,50,0,Baseline,3,V,image_05.png,5,50.0,1061.5364562418938,524.0184531309858,184.633893542298,180.94709640992875,636.9869327209282,624.2674826142542,648.1134986107751,612.7080342424566,34.46910995828204,649971.0,0.0,0.06877195528764408,202,False,3.0,False,0,False,True,False,True,True
50_Step index_0 Magnets Trial 3/V,50_Step index_0 Magnets Trial 3,step-index,50,0,Baseline,3,V,image_06.png,6,60.0,1174.4208511863037,523.6742388019516,205.72286227593088,201.26091452015766,709.7438748519616,694.350155094544,723.3218784211101,680.1940649307746,34.53952545919725,861668.0,0.0,0.06686684307959392,215,False,2.5721900413656793,False,0,False,True,False,True,True
50_Step index_0 Magnets Trial 3/V,50_Step index_0 Magnets Trial 3,step-index,50,0,Baseline,3,V,image_07.png,7,70.0,1000.028799721989,533.9182190749389,241.36411344388412,233.12404849875452,832.7061913814002,804.2779673207032,837.6249668114979,799.1539681791468,21.174948024007513,1571161.0,0.0,0.06880548420271053,250,False,3.0,False,0,False,True,False,True,True
50_Step index_0 Magnets Trial 3/V,50_Step index_0 Magnets Trial 3,step-index,50,0,Baseline,3,V,image_08.png,8,80.0,1080.1607166870872,536.0247618015918,276.81382943884495,267.9479072253623,955.0077115640152,924.4202799275,960.0124792055936,919.2217484685101,20.707425716860758,1606224.0,0.0,0.06662496186566333,200,False,2.5926398550271084,False,0,False,True,False,True,True
50_Step index_0 Magnets Trial 3/V,50_Step index_0 Magnets Trial 3,step-index,50,0,Baseline,3,V,image_09.png,9,90.0,917.3692535339262,535.5927370739901,319.1609837233805,308.0641223895885,1101.1053938456628,1062.8212222440802,1102.447784652716,1061.4287168353474,10.518577434386899,2101770.0,0.0,0.0695721051579015,197,False,3.0,False,1,False,True,False,True,True
50_Step index_0 Magnets Trial 3/V,50_Step index_0 Magnets Trial 3,step-index,50,0,Baseline,3,V,image_10.png,10,100.0,986.6337425837604,533.3722738318388,355.3101159594204,339.9211364734156,1225.8199000600005,1172.7279208332839,1235.4665909474486,1162.5607538265501,21.624422378017407,2325471.0,0.0,0.06880548420271053,203,False,2.5463217282509323,False,2,False,True,False,True,True
50_Step index_0 Magnets Trial 3/V,50_Step index_0 Magnets Trial 3,step-index,50,0,Baseline,3,V,image_11.png,11,110.0,832.5091930495904,537.159402571953,395.65254372578124,389.67917536175077,1365.0012758539453,1344.3931549980402,1382.0167556051722,1326.8952956111636,34.02077714753249,3370046.0,0.0,0.13788988447172185,234,False,2.756955746709946,False,3,False,True,False,True,True
50_Step index_0 Magnets Trial 3/V,50_Step index_0 Magnets Trial 3,step-index,50,0,Baseline,3,V,image_12.png,12,120.0,893.1346893387869,537.3331216313144,430.0368959792114,421.75257031948735,1483.6272911282795,1455.0463676022314,1484.029312450276,1454.6363362165284,6.749350871982553,3116015.0,0.0,0.08335508223271722,183,False,2.538648618205496,False,6,False,True,False,True,True
50_Step index_0 Magnets/H,50_Step index_0 Magnets,step-index,50,0,Baseline,1,H,image_01.png,1,10.0,486.875683159659,539.8643606128146,209.37642381932048,224.3865531912145,722.3486621766557,774.13360850969,701.9957807265685,792.6363336453446,-62.445927210886666,795934.0,0.0,3.1719583665333637,141,False,3.0,False,1,False,True,False,True,True
50_Step index_0 Magnets/H,50_Step index_0 Magnets,step-index,50,0,Baseline,1,H,image_02.png,2,20.0,503.5632447689449,537.6228793019874,185.9510908658161,201.72322529312711,641.5312634870655,695.9451272612886,622.8258169835063,712.7341607421871,-63.653416749217854,792192.0,0.0,1.2531399991863421,131,False,3.0,False,1,False,True,False,True,True
50_Step index_0 Magnets/H,50_Step index_0 Magnets,step-index,50,0,Baseline,1,H,image_03.png,3,30.0,519.0490752781095,539.3031200446769,173.0972728047512,188.47097971964615,597.1855911763918,650.2248800327793,579.9095176383898,665.678583307852,-64.13256254234494,490634.0,0.0,0.12883331945315096,132,False,3.0,False,0,False,True,False,True,True
50_Step index_0 Magnets/H,50_Step index_0 Magnets,step-index,50,0,Baseline,1,H,image_04.png,4,40.0,543.9182043251017,539.6117436983915,177.27994982738716,193.0827615312549,611.6158269044857,666.1355272828295,602.0667920781095,674.7785105538006,-69.30984573942548,1036045.0,0.0,0.1399725417574134,177,False,3.0,False,0,False,True,False,True,True
50_Step index_0 Magnets/H,50_Step index_0 Magnets,step-index,50,0,Baseline,1,H,image_05.png,5,50.0,556.8586083305266,543.8914621228264,194.4322906118963,205.27772743645482,670.7914026110423,708.2081596557692,661.8554837539467,716.5662717744467,-66.58587400086087,1309377.0,0.0,0.10818751894238236,250,False,3.0,False,0,False,True,False,True,True
50_Step index_0 Magnets/H,50_Step index_0 Magnets,step-index,50,0,Baseline,1,H,image_06.png,6,60.0,568.0524279483581,548.0297186780098,218.04220498991936,226.70350041251822,752.2456072152219,782.1270764231879,741.4120888130685,792.4041467652247,-62.944435705225196,1321795.0,0.0,0.08190975007753627,234,False,3.0,False,0,False,True,False,True,True
50_Step index_0 Magnets/H,50_Step index_0 Magnets,step-index,50,0,Baseline,1,H,image_07.png,7,70.0,574.6800417624985,559.8099057317517,245.5234355483862,254.97028155315795,847.0558526419325,879.6474713583949,845.8476234519911,880.8093376337403,-79.39287731995374,1321760.0,0.0,0.06772352691909618,168,False,3.0,False,0,False,True,False,True,True
50_Step index_0 Magnets/H,50_Step index_0 Magnets,step-index,50,0,Baseline,1,H,image_08.png,8,80.0,590.6580255744982,559.7088953935743,278.9620167576978,286.0802405443115,962.4189578140575,986.9768298778747,954.0974813021037,995.0233712072588,-63.44002600539898,1293085.0,0.0,0.06880548420271053,141,False,3.0,False,1,False,True,False,True,True
50_Step index_0 Magnets/H,50_Step index_0 Magnets,step-index,50,0,Baseline,1,H,image_09.png,9,90.0,585.6879374377509,561.2135702857386,317.41921978483515,322.1789399572267,1095.0963082576814,1111.5173428524322,1094.240733929802,1112.3596289105885,-77.49939344887835,2066294.0,0.0,0.06809699171607611,194,False,3.0,False,2,False,True,False,True,True
50_Step index_0 Magnets/H,50_Step index_0 Magnets,step-index,50,0,Baseline,1,H,image_10.png,10,100.0,592.0453030792594,560.3968199433854,344.5665761225572,360.46137905530645,1188.7546876228223,1243.5917577408072,1183.9752129734604,1248.14296550137,-74.36161733186825,2639953.0,0.0,0.06900630910168704,227,False,2.8774593337369336,False,2,False,True,False,True,True
50_Step index_0 Magnets/H,50_Step index_0 Magnets,step-index,50,0,Baseline,1,H,image_11.png,11,110.0,589.6050230165714,562.782394304786,384.6100422778254,403.4178514453548,1326.9046458584978,1391.791587486474,1325.912207920715,1392.737081823343,-83.0858811463566,3027384.0,0.0,0.06990089535279725,195,False,2.5592204944644954,False,3,False,True,False,True,True
50_Step index_0 Magnets/H,50_Step index_0 Magnets,step-index,50,0,Baseline,1,H,image_12.png,12,120.0,609.2745059103748,559.2819343116942,428.6416791268245,448.65393818041593,1478.8137929875445,1547.856086722435,1474.955050341791,1551.5335313827875,-77.1874210625186,3026627.0,0.0,0.06731370402998525,162,False,2.3167880097539335,False,2,False,True,False,True,True
50_Step index_0 Magnets/V,50_Step index_0 Magnets,step-index,50,0,Baseline,1,V,image_01.png,1,10.0,1204.2493019855497,514.2914958896865,222.5393408685733,214.3976278524511,767.7607259965779,739.6718160909563,767.8734995200226,739.5547421502753,3.6518149117946526,1028632.0,0.0,0.06880548420271053,144,False,2.1097456036152167,False,0,False,True,False,True,True
50_Step index_0 Magnets/V,50_Step index_0 Magnets,step-index,50,0,Baseline,1,V,image_02.png,2,20.0,1209.7702134100566,529.9305071525266,196.0021490977459,186.2834465576733,676.2074143872234,642.6778906239729,676.3907245959766,642.4849617303609,4.270353399850942,819221.0,0.0,0.06662496186566333,183,False,2.3390538077786784,False,0,False,True,False,True,True
50_Step index_0 Magnets/V,50_Step index_0 Magnets,step-index,50,0,Baseline,1,V,image_03.png,3,30.0,1166.1301127541649,532.3809835081297,182.72960924071765,170.64439790729548,630.4171518804759,588.7231727801694,630.7227219958603,588.3957915481492,4.95758759702749,619578.0,0.0,0.06880548420271053,195,False,2.9865973925043727,False,0,False,True,False,True,True
50_Step index_0 Magnets/V,50_Step index_0 Magnets,step-index,50,0,Baseline,1,V,image_04.png,4,40.0,1059.1654811492044,528.7430376522975,177.993565943393,173.7863867739241,614.0778025047059,599.5630343700382,620.0700300745756,593.3637480629662,28.535848427569867,608595.0,0.0,0.06662496186566333,155,False,3.0,False,0,False,True,False,True,True
50_Step index_0 Magnets/V,50_Step index_0 Magnets,step-index,50,0,Baseline,1,V,image_05.png,5,50.0,1153.2743291566564,523.7838052759616,191.55845447482804,188.6904097637392,660.8766679381567,650.9819136849003,672.2613691292107,639.2183302647187,36.28510172371302,594811.0,0.0,0.06665957101922729,179,False,2.9831695147748194,False,0,False,True,False,True,True
50_Step index_0 Magnets/V,50_Step index_0 Magnets,step-index,50,0,Baseline,1,V,image_06.png,6,60.0,1120.5941027711715,530.9398077146293,213.47247320838483,216.0498844128239,736.4800325689276,745.3721012242424,721.6212493789876,759.766529995156,51.74228980206565,809838.0,0.0,0.06662496186566333,148,False,2.983109648221587,False,0,False,True,False,True,True
50_Step index_0 Magnets/V,50_Step index_0 Magnets,step-index,50,0,Baseline,1,V,image_07.png,7,70.0,1220.5275681964515,532.8993616021598,241.7052550128503,245.87409122031156,833.8831297943336,848.2656147100749,823.3240375414397,858.5180000800896,57.06278940434788,804514.0,0.0,0.08464346808250738,116,False,1.8077590558958543,False,0,False,True,False,True,True
50_Step index_0 Magnets/V,50_Step index_0 Magnets,step-index,50,0,Baseline,1,V,image_08.png,8,80.0,936.2746920263351,537.463852718849,282.0553091050354,288.59528742856713,973.0908164123722,995.6537416285566,963.1146964713666,1005.3070136261408,61.16692192076548,1025250.0,0.0,0.06883899647780026,111,False,3.0,False,0,False,True,False,True,True
50_Step index_0 Magnets/V,50_Step index_0 Magnets,step-index,50,0,Baseline,1,V,image_09.png,9,90.0,1011.3054500476871,536.0692024320458,321.1099354243541,335.85563033168313,1107.8292772140217,1158.701924644307,1101.2289545596923,1164.9766724129415,71.47668832222314,1677600.0,0.0,0.06880548420271053,126,False,2.6638512407727575,False,0,False,True,False,True,False
50_Step index_0 Magnets/V,50_Step index_0 Magnets,step-index,50,0,Baseline,1,V,image_10.png,10,100.0,674.1043915943244,542.6739454442654,360.4947840972121,373.4047992329952,1243.707005135382,1288.2465573538334,1237.9809776606562,1293.7501327950429,71.50361775114673,2079928.0,0.0,2.8720729271363945,117,False,2.8726648044843013,False,1,False,True,False,True,True
50_Step index_0 Magnets/V,50_Step index_0 Magnets,step-index,50,0,Baseline,1,V,image_11.png,11,110.0,719.4759412549633,538.125108476437,400.03286995779484,415.8650009376009,1380.1134013543922,1434.7342532347232,1375.720467523448,1438.9470362873178,74.88129064302369,2464821.0,0.0,1.07119236372514,116,False,2.5879939963395793,False,2,False,True,False,True,False
50_Step index_0 Magnets/V,50_Step index_0 Magnets,step-index,50,0,Baseline,1,V,image_12.png,12,120.0,770.1711791755974,536.6569594934031,440.01802814314044,469.7218485615803,1518.0621970938346,1620.5403775374523,1517.4451019562346,1621.1182288851185,85.6485563214366,2486237.0,0.0,0.195993023529044,103,False,2.2849989249458877,False,0,False,True,False,True,True
50_Step index_25 Alternating/H,50_Step index_25 Alternating,step-index,50,25,Alternating,1,H,image_01.png,1,10.0,288.5043894552023,547.0030357766915,228.83931209953545,219.54673903894118,789.4956267433973,757.4362496843471,789.5172253723279,757.4137362255976,-1.5016429882395128,712503.0,0.0,0.06665957101922729,105,False,2.5214582827422154,False,0,False,True,False,True,True
50_Step index_25 Alternating/H,50_Step index_25 Alternating,step-index,50,25,Alternating,1,H,image_02.png,2,20.0,455.31466442381105,561.202486077991,195.8590063587067,190.85011647570414,675.7135719375382,658.4329018411793,679.3955745945239,654.6330046285166,-22.869973057499543,721699.0,0.0,0.06662496186566333,128,False,3.0,False,0,False,True,False,True,True
50_Step index_25 Alternating/H,50_Step index_25 Alternating,step-index,50,25,Alternating,1,H,image_03.png,3,30.0,443.87624096981483,558.2863901883112,182.77275647913473,177.31152194034667,630.5660098530149,611.724750694196,639.3309307590395,602.5583991353941,-29.583456612438468,711641.0,0.0,0.06665957101922729,147,False,3.0,False,0,False,True,False,True,True
50_Step index_25 Alternating/H,50_Step index_25 Alternating,step-index,50,25,Alternating,1,H,image_04.png,4,40.0,400.79172169108455,556.2565411380203,186.05076192453868,178.20076415105908,641.8751286396584,614.7926363211539,648.6277634164513,607.6641267725657,-24.29920166277033,708019.0,0.0,0.06880548420271053,182,False,3.0,False,0,False,True,False,True,True
50_Step index_25 Alternating/H,50_Step index_25 Alternating,step-index,50,25,Alternating,1,H,image_05.png,5,50.0,379.33606342228836,561.4364940638953,203.94837728360721,195.42262902787098,703.6219016284449,674.2080701461549,712.3736976221755,664.9541467180583,-25.82311451074265,693384.0,0.0,0.06877195528764408,134,False,3.0,False,0,False,True,False,True,True
50_Step index_25 Alternating/H,50_Step index_25 Alternating,step-index,50,25,Alternating,1,H,image_06.png,6,60.0,399.024530106594,567.0800497254676,223.82144578899633,217.6186626516517,772.1839879720374,750.7843861481985,776.850228979087,745.955110914502,-23.076804514140715,652382.0,0.0,0.06662496186566333,124,False,3.0,False,0,False,True,False,True,True
50_Step index_25 Alternating/H,50_Step index_25 Alternating,step-index,50,25,Alternating,1,H,image_07.png,7,70.0,395.8045873165202,568.2856470241252,255.63085357336044,251.81966259527908,881.9264448280935,868.7778359537128,881.9450001081077,868.758999444522,-2.157891580716078,1125669.0,0.0,0.06662496186566333,123,False,3.0,False,0,False,True,False,True,True
50_Step index_25 Alternating/H,50_Step index_25 Alternating,step-index,50,25,Alternating,1,H,image_08.png,8,80.0,447.95207512939277,564.8686473445958,290.9203444570427,291.0638178585396,1003.6751883767973,1004.1701716119617,1002.1751468990029,1005.6672373386529,-49.07439742652065,1599587.0,0.0,0.06665957101922729,142,False,3.0,False,0,False,True,False,True,True
50_Step index_25 Alternating/H,50_Step index_25 Alternating,step-index,50,25,Alternating,1,H,image_09.png,9,90.0,439.6116152518461,566.7032829178646,329.2223957444664,330.1598443903973,1135.817265318409,1139.051463146871,1132.127830636118,1142.7185440831765,53.890620166165725,1592699.0,0.0,0.06883899647780026,110,False,2.670605772476432,False,0,False,True,False,True,True
50_Step index_25 Alternating/H,50_Step index_25 Alternating,step-index,50,25,Alternating,1,H,image_10.png,10,100.0,401.69402344005624,560.433832687068,362.14429064014865,365.99555344832714,1249.397802708513,1262.6846593967286,1246.6165537469337,1265.4305932815166,-67.46450919843682,1925422.0,0.0,0.06880548420271053,121,False,2.2184197504812078,False,1,False,True,False,True,True
50_Step index_25 Alternating/H,50_Step index_25 Alternating,step-index,50,25,Alternating,1,H,image_11.png,11,110.0,406.1048379142733,558.4329556443226,402.0972885060288,402.84374035283867,1387.2356453457994,1389.8109042172935,1357.0968047290824,1419.2552088308091,46.18753573641495,1865556.0,0.0,0.06883899647780026,114,False,2.0199332326916917,False,2,False,True,False,True,True
50_Step index_25 Alternating/H,50_Step index_25 Alternating,step-index,50,25,Alternating,1,H,image_12.png,12,120.0,682.1592280476173,539.2382180720309,443.4618228937335,419.8626606576782,1529.9432889833806,1448.5261792689898,1532.297666561818,1446.0354147053627,-9.643524292562995,1903848.0,0.0,0.22596293514088703,120,False,2.56865318327146,False,6,False,True,False,True,True
50_Step index_25 Alternating/V,50_Step index_25 Alternating,step-index,50,25,Alternating,1,V,image_01.png,1,10.0,1069.9197543973326,516.3975697054907,236.3357906083003,217.310515761027,815.3584775986361,749.7212793755432,826.8942742202258,736.9784956172554,21.533792706987793,645107.0,0.0,0.06880548420271053,100,False,3.0,False,0,False,True,False,True,True
50_Step index_25 Alternating/V,50_Step index_25 Alternating,step-index,50,25,Alternating,1,V,image_02.png,2,20.0,1241.5669378368286,530.5665082821447,204.02163269415377,186.97942387131272,703.8746327948305,645.0790123560289,710.1060301928514,638.2130183238484,17.54719612869156,605278.0,0.0,0.06880548420271053,101,False,1.9354130202373272,False,0,False,True,False,True,True
50_Step index_25 Alternating/V,50_Step index_25 Alternating,step-index,50,25,Alternating,1,V,image_03.png,3,30.0,1005.9794283307716,535.7546289157385,188.4873544710626,171.82097193250385,650.281372925166,592.7823531671384,653.8501211112542,588.8436136382961,13.888071153112687,603111.0,0.0,0.06880548420271053,118,False,3.0,False,0,False,True,False,True,True
50_Step index_25 Alternating/V,50_Step index_25 Alternating,step-index,50,25,Alternating,1,V,image_04.png,4,40.0,1131.7269472649298,526.483284457478,184.08715036051433,171.4133203075917,635.1006687437745,591.3759550611915,635.239992942472,591.2262942645344,3.2825539725334636,589930.0,0.0,0.06662496186566333,170,False,3.0,False,0,False,True,False,True,True
50_Step index_25 Alternating/V,50_Step index_25 Alternating,step-index,50,25,Alternating,1,V,image_05.png,5,50.0,1133.1041278848484,533.2388879277534,194.46908664370218,187.71512139547127,670.9183489207726,647.6171688143759,670.9206030797516,647.6148335429218,0.5684530472413215,578020.0,0.0,0.06662496186566333,116,False,3.0,False,0,False,True,False,True,True
50_Step index_25 Alternating/V,50_Step index_25 Alternating,step-index,50,25,Alternating,1,V,image_06.png,6,60.0,1178.0514638331802,535.6320188590942,214.07382482763273,212.7573386060217,738.5546956553329,734.012818190775,738.8726178405078,733.6927901706682,14.368209207022057,576910.0,0.0,0.06665957101922729,108,False,2.4379303390027207,False,0,False,True,False,True,True
50_Step index_25 Alternating/V,50_Step index_25 Alternating,step-index,50,25,Alternating,1,V,image_07.png,7,70.0,1191.9162378447056,535.945412574439,249.44589116934878,243.26066915377965,860.5883245342534,839.2493085805398,861.915175667844,837.8865652527538,-13.68315987770813,988561.0,0.0,0.06993572246984273,118,False,1.9810609907985957,False,0,False,True,False,True,True
50_Step index_25 Alternating/V,50_Step index_25 Alternating,step-index,50,25,Alternating,1,V,image_08.png,8,80.0,1108.002595231411,534.5429088294575,283.82720146307895,281.3300265983694,979.2038450476224,970.5885917643744,983.1399114649935,966.6014168745072,29.302507991918933,1428389.0,0.0,0.06877195528764408,139,False,2.3323867695721616,False,0,False,True,False,True,True
50_Step index_25 Alternating/V,50_Step index_25 Alternating,step-index,50,25,Alternating,1,V,image_09.png,9,90.0,1058.2553472744457,539.5388552741423,317.86595573411955,320.11896630294234,1096.6375472827126,1104.410433745151,1090.5702467780022,1110.4021132535565,56.538028252873694,1449430.0,0.0,0.06880548420271053,124,False,2.395630270289341,False,0,False,True,False,True,True
50_Step index_25 Alternating/V,50_Step index_25 Alternating,step-index,50,25,Alternating,1,V,image_10.png,10,100.0,1137.0166610163237,528.1422600679887,354.31112921498067,356.70514745696113,1222.3733957916834,1230.632758726516,1216.8742876631968,1236.0706588275261,57.742259521467396,1734408.0,0.0,0.08872319972778865,122,False,1.7046256801848718,False,0,False,True,False,True,True
50_Step index_25 Alternating/V,50_Step index_25 Alternating,step-index,50,25,Alternating,1,V,image_11.png,11,110.0,861.2207503452797,536.9550593593247,392.29851487652485,390.0000638226993,1353.4298763240108,1345.5002201883126,1360.9862881150552,1337.8563436393417,34.97494487081043,1805782.0,0.0,0.07016611508696806,114,False,2.7536149064573063,False,1,False,True,False,True,True
50_Step index_25 Alternating/V,50_Step index_25 Alternating,step-index,50,25,Alternating,1,V,image_12.png,12,120.0,916.8952339008453,532.0847265145028,431.02673595839764,428.7701360309071,1487.042239056472,1479.2569693066296,1492.4893317397984,1473.7609699755283,32.718266238568404,1718848.0,0.0,0.06880548420271053,93,False,2.422609655237479,False,1,False,True,False,True,True
50_Step index_25 Magnets Alternating Trial 2/H,50_Step index_25 Magnets Alternating Trial 2,step-index,50,25,Alternating,2,H,image_01.png,1,10.0,261.3298221228969,556.9105269692454,206.29760743199256,208.82210945165815,711.7267456403744,720.4362776082206,679.9443487417715,750.5058781701551,-48.549366401517254,660456.0,0.0,0.06665957101922729,207,False,2.5335225684480718,False,0,False,True,False,True,True
50_Step index_25 Magnets Alternating Trial 2/H,50_Step index_25 Magnets Alternating Trial 2,step-index,50,25,Alternating,2,H,image_02.png,2,20.0,249.31917369003807,572.0108430020185,180.84591100304937,185.66206767361456,623.9183929605204,640.5341334739703,609.359768519236,654.3995795611971,-55.830513075246145,658397.0,0.0,0.06669416189406041,142,False,2.757255304332915,False,0,False,True,False,True,True
50_Step index_25 Magnets Alternating Trial 2/H,50_Step index_25 Magnets Alternating Trial 2,step-index,50,25,Alternating,2,H,image_03.png,3,30.0,395.21270943052707,570.1333725828755,169.06895250074294,173.52147322123272,583.2878861275632,598.649082613253,575.7156776588263,605.9347660554631,-60.28034838656051,404251.0,0.0,0.06880548420271053,244,False,3.0,False,0,False,True,False,True,True
50_Step index_25 Magnets Alternating Trial 2/H,50_Step index_25 Magnets Alternating Trial 2,step-index,50,25,Alternating,2,H,image_04.png,4,40.0,382.0230042215071,568.6828329980374,180.13822652051616,184.15225420058204,621.4768814957807,635.3252769920081,617.5210288876933,639.1709479475559,-64.8849957758336,651663.0,0.0,0.06662496186566333,186,False,3.0,False,0,False,True,False,True,True
50_Step index_25 Magnets Alternating Trial 2/H,50_Step index_25 Magnets Alternating Trial 2,step-index,50,25,Alternating,2,H,image_05.png,5,50.0,328.7436419748474,575.6130440955591,202.17158193675354,204.0712294084428,697.4919576817997,704.0457414591277,693.0903822922987,708.379248052509,-57.69205687776672,669115.0,0.0,0.06662496186566333,138,False,3.0,False,0,False,True,False,True,True
50_Step index_25 Magnets Alternating Trial 2/H,50_Step index_25 Magnets Alternating Trial 2,step-index,50,25,Alternating,2,H,image_06.png,6,60.0,315.7482044216118,576.959089803858,236.23112922040133,236.1899735079208,814.9973958103847,814.8554086023267,828.8507003160362,800.7600194139255,-44.85517419502739,641576.0,0.0,0.06665957101922729,109,False,2.673214198853715,False,0,False,True,False,True,True
50_Step index_25 Magnets Alternating Trial 2/H,50_Step index_25 Magnets Alternating Trial 2,step-index,50,25,Alternating,2,H,image_07.png,7,70.0,497.77527621405983,574.863053727475,273.9073600460264,269.0047435409615,944.9803921587911,928.0663652163172,958.8898402687065,913.6877989991241,-34.01006004784744,865814.0,0.0,0.06880548420271053,128,False,3.0,False,0,False,True,False,True,True
50_Step index_25 Magnets Alternating Trial 2/H,50_Step index_25 Magnets Alternating Trial 2,step-index,50,25,Alternating,2,H,image_08.png,8,80.0,506.9718566080049,576.38361159537,320.644829821473,318.00980581828014,1106.224662884082,1097.1338300730665,1124.1973872289618,1078.7102856705194,-39.23455896948736,1107649.0,0.0,0.06877195528764408,118,False,3.0,False,0,False,True,False,True,True
50_Step index_25 Magnets Alternating Trial 2/H,50_Step index_25 Magnets Alternating Trial 2,step-index,50,25,Alternating,2,H,image_09.png,9,90.0,305.01819476124234,577.9015610679212,371.2865838992873,362.0519183257226,1280.9387144525413,1249.079118223743,1304.0360219078805,1224.9459936391497,-33.11732306230087,1685705.0,0.0,0.07701445048819083,125,False,1.6430301801263014,False,0,False,True,False,False,True
50_Step index_25 Magnets Alternating Trial 2/H,50_Step index_25 Magnets Alternating Trial 2,step-index,50,25,Alternating,2,H,image_10.png,10,100.0,301.62677574411344,572.9440195520722,412.90403017885535,399.3032312482877,1424.518904117051,1377.5961478065926,1454.0521857624938,1346.3868298961195,-32.072943398249734,1661205.0,0.0,0.2398239126250466,80,False,1.6,True,0,False,True,False,True,True
50_Step index_25 Magnets Alternating Trial 2/H,50_Step index_25 Magnets Alternating Trial 2,step-index,50,25,Alternating,2,H,image_11.png,11,110.0,357.0107907395767,570.5322299960271,453.48908254968165,457.9338315232033,1564.5373347964019,1579.8717187550515,1512.1390177764395,1630.094264333193,-48.737446495504884,2144524.0,0.0,0.16096981628244222,90,False,1.6,True,1,False,True,False,True,False
50_Step index_25 Magnets Alternating Trial 2/H,50_Step index_25 Magnets Alternating Trial 2,step-index,50,25,Alternating,2,H,image_12.png,12,120.0,349.36767014930894,557.6938495500567,505.796724501192,469.8344936182067,1744.9986995291124,1620.9290029828132,1810.7529064830535,1547.1280508517468,-30.925778468306024,1973693.0,0.0,0.3365096146798716,64,False,1.6,True,2,False,True,False,True,False
50_Step index_25 Magnets Alternating Trial 2/V,50_Step index_25 Magnets Alternating Trial 2,step-index,50,25,Alternating,2,V,image_01.png,1,10.0,1167.3923791988504,518.2555655349979,215.30101419508077,212.42084797182892,742.7884989730287,732.8519255028098,746.4234527624814,729.1493181001521,27.441260676842262,668040.0,0.0,0.06662496186566333,116,False,2.523050082384194,False,0,False,True,False,True,True
50_Step index_25 Magnets Alternating Trial 2/V,50_Step index_25 Magnets Alternating Trial 2,step-index,50,25,Alternating,2,V,image_02.png,2,20.0,940.5969116888633,537.1241634559962,188.90022324934063,188.27389751481888,651.7057702102252,649.5449464261252,660.0063111722677,641.1089747974182,41.71672124047199,659260.0,0.0,0.09608722149377709,166,False,3.0,False,0,False,True,False,True,True
50_Step index_25 Magnets Alternating Trial 2/V,50_Step index_25 Magnets Alternating Trial 2,step-index,50,25,Alternating,2,V,image_03.png,3,30.0,1087.8565872093202,534.0421790597019,178.66780864494123,172.1808914450371,616.4039398250472,594.024075485378,621.9351356416698,588.2304874302899,24.19168178331919,652006.0,0.0,0.06877195528764408,240,False,3.0,False,0,False,True,False,True,True
50_Step index_25 Magnets Alternating Trial 2/V,50_Step index_25 Magnets Alternating Trial 2,step-index,50,25,Alternating,2,V,image_04.png,4,40.0,1175.1075109484577,530.8578248278181,183.3797734780957,174.74515933710546,632.6602184994302,602.8707997130139,635.2107402907797,600.1828626657009,15.864585674763852,636391.0,0.0,0.06877195528764408,202,False,2.878098102603051,False,0,False,True,False,True,True
50_Step index_25 Magnets Alternating Trial 2/V,50_Step index_25 Magnets Alternating Trial 2,step-index,50,25,Alternating,2,V,image_05.png,5,50.0,1140.5716109817147,533.2264078667622,197.8421329399077,188.41235498294358,682.5553586426817,650.0226246911554,686.3762403178175,645.9867544690031,18.165624075836227,650026.0,0.0,0.06662496186566333,223,False,3.0,False,0,False,True,False,True,True
50_Step index_25 Magnets Alternating Trial 2/V,50_Step index_25 Magnets Alternating Trial 2,step-index,50,25,Alternating,2,V,image_06.png,6,60.0,1204.4274706893377,532.8891274323246,223.92524018629817,214.00059252678125,772.5420786427287,738.3020442173953,773.9318595258817,736.8450641620827,11.294674135191972,651640.0,0.0,0.06880548420271053,121,False,2.0950968199521047,False,0,False,True,False,True,True
50_Step index_25 Magnets Alternating Trial 2/V,50_Step index_25 Magnets Alternating Trial 2,step-index,50,25,Alternating,2,V,image_07.png,7,70.0,1197.6924289059039,533.8608341594589,261.61083358815523,249.50733598049035,902.5573758791356,860.8003091326917,902.7150069665863,860.6350011207336,-3.5504692892919354,828163.0,0.0,0.0709827216793113,94,False,1.8447874949695158,False,0,False,True,False,True,True
50_Step index_25 Magnets Alternating Trial 2/V,50_Step index_25 Magnets Alternating Trial 2,step-index,50,25,Alternating,2,V,image_08.png,8,80.0,1005.282311943935,540.2278116076777,303.28560024415907,291.8804217729406,1046.335320842349,1006.9874551166452,1046.385943551107,1006.9348516876443,2.0724678715369134,1088452.0,0.0,0.06880548420271053,109,False,2.860127138953527,False,0,False,True,False,True,True
50_Step index_25 Magnets Alternating Trial 2/V,50_Step index_25 Magnets Alternating Trial 2,step-index,50,25,Alternating,2,V,image_09.png,9,90.0,1093.0649376824042,533.3931397502887,346.6421297355623,336.18469646857983,1195.9153475876901,1159.8372028166004,1197.5754271753506,1158.1230296730132,-11.933028468525013,1270187.0,0.0,0.06927315278786131,96,False,1.9959221452854572,False,0,False,True,False,False,True
50_Step index_25 Magnets Alternating Trial 2/V,50_Step index_25 Magnets Alternating Trial 2,step-index,50,25,Alternating,2,V,image_10.png,10,100.0,1236.3399998245332,524.2445570775226,375.1099470355103,382.9947579685069,1294.1293172725107,1321.3319149913489,1290.888866411266,1324.4978874933538,-72.01901043804172,1595742.0,0.0,1.1005450611525442,95,False,1.6,True,0,True,True,False,True,True
50_Step index_25 Magnets Alternating Trial 2/V,50_Step index_25 Magnets Alternating Trial 2,step-index,50,25,Alternating,2,V,image_11.png,11,110.0,353.1173231669481,570.93536557068,451.44129833877787,454.66092962537624,1557.4724792687837,1568.580207207548,1504.1183980921883,1619.8124072384176,-47.75659063099398,2115993.0,0.0,0.18779393996742896,86,False,1.6,True,1,False,True,False,False,False
50_Step index_25 Magnets Alternating Trial 2/V,50_Step index_25 Magnets Alternating Trial 2,step-index,50,25,Alternating,2,V,image_12.png,12,120.0,1064.6408485441461,524.7545106657299,458.2306075117719,465.41677775265697,1580.895595915613,1605.6878832466666,1561.5272537345977,1624.5298087245515,-56.588640736224654,1968501.0,0.0,0.10752156485024242,102,False,1.6338289606518148,False,3,False,True,False,False,False
50_Step index_25 Magnets Alternating Trial 3/H,50_Step index_25 Magnets Alternating Trial 3,step-index,50,25,Alternating,3,H,image_01.png,1,10.0,261.61633674548034,556.7861098813729,206.2594348827453,208.64196587991,711.5950503454713,719.8147822856896,679.5478402123196,750.1436991243347,-48.347197091830694,664098.0,0.0,0.06877195528764408,220,False,2.536751060747646,False,0,False,True,False,True,True
50_Step index_25 Magnets Alternating Trial 3/H,50_Step index_25 Magnets Alternating Trial 3,step-index,50,25,Alternating,3,H,image_02.png,2,20.0,249.24574329905454,571.8964404921652,180.61778716483593,186.00284679652054,623.131365718684,641.7098214479959,609.5290916587651,654.643781232887,-57.165981376569654,651326.0,0.0,0.06665957101922729,144,False,2.7599246697844566,False,0,False,True,False,True,True
50_Step index_25 Magnets Alternating Trial 3/H,50_Step index_25 Magnets Alternating Trial 3,step-index,50,25,Alternating,3,H,image_03.png,3,30.0,394.9904998275787,570.2894589855797,164.31321001885325,168.98986252889065,566.8805745650437,583.0150257246728,559.5235564486593,590.0792284252846,-60.94091467484793,205891.0,0.0,0.06662496186566333,133,False,3.0,False,0,False,True,False,True,True
50_Step index_25 Magnets Alternating Trial 3/H,50_Step index_25 Magnets Alternating Trial 3,step-index,50,25,Alternating,3,H,image_04.png,4,40.0,381.966896371182,568.8135759218337,179.6710426278212,183.3292879625119,619.8650970659832,632.4860434706661,615.131220663822,637.0909786760714,-62.54245824530046,649385.0,0.0,0.06877195528764408,187,False,3.0,False,0,False,True,False,True,True
50_Step index_25 Magnets Alternating Trial 3/H,50_Step index_25 Magnets Alternating Trial 3,step-index,50,25,Alternating,3,H,image_05.png,5,50.0,328.8114159766306,575.6918063722345,202.59728876053748,203.71450249177678,698.9606462238544,702.81503359663,694.1656664413667,707.5514002198804,-53.367915337711665,662405.0,0.0,0.06665957101922729,137,False,3.0,False,0,False,True,False,True,True
50_Step index_25 Magnets Alternating Trial 3/H,50_Step index_25 Magnets Alternating Trial 3,step-index,50,25,Alternating,3,H,image_06.png,6,60.0,315.6096033114019,577.0948522277696,236.53521575804277,236.26236064333548,816.0464943652476,815.1051442195075,830.2853461602208,800.5963533832244,-44.09135746330797,650359.0,0.0,0.06880548420271053,106,False,2.6686056222109955,False,0,False,True,False,True,True
50_Step index_25 Magnets Alternating Trial 3/H,50_Step index_25 Magnets Alternating Trial 3,step-index,50,25,Alternating,3,H,image_07.png,7,70.0,498.08238633449037,575.2708764370273,274.2630924174983,269.06293296514497,946.2076688403691,928.2671187297502,959.6146346766322,914.4006502631063,-33.30806977204113,877245.0,0.0,0.06877195528764408,131,False,3.0,False,0,False,True,False,True,True
50_Step index_25 Magnets Alternating Trial 3/H,50_Step index_25 Magnets Alternating Trial 3,step-index,50,25,Alternating,3,H,image_08.png,8,80.0,507.06277392885943,576.7096774953058,317.3691169732054,315.3428957162086,1094.9234535575586,1087.9329902209197,1113.6465986341675,1068.7594742092313,-40.519376091611974,849445.0,0.0,0.06662496186566333,94,False,3.0,False,0,False,True,False,True,True
50_Step index_25 Magnets Alternating Trial 3/H,50_Step index_25 Magnets Alternating Trial 3,step-index,50,25,Alternating,3,H,image_09.png,9,90.0,304.90873623086196,578.2319562509214,371.17840261245533,363.1499346389107,1280.565489012971,1252.867274504242,1303.9190311364407,1228.543666059503,-34.2158171288476,1729865.0,0.0,0.0826912315533259,126,False,1.6429120222477631,False,0,False,True,False,True,False
50_Step index_25 Magnets Alternating Trial 3/H,50_Step index_25 Magnets Alternating Trial 3,step-index,50,25,Alternating,3,H,image_10.png,10,100.0,302.4634654283792,572.6119065552492,414.96704028621747,403.62259496999997,1431.6362889874504,1392.4979526465,1455.937750097349,1367.0692301094052,-31.929455610188448,1688784.0,0.0,0.23781906644033357,84,False,1.6,True,0,False,True,False,True,False
50_Step index_25 Magnets Alternating Trial 3/H,50_Step index_25 Magnets Alternating Trial 3,step-index,50,25,Alternating,3,H,image_11.png,11,110.0,353.3315450187272,570.9318734025144,465.2289449227943,455.0930452278482,1605.0398599836406,1570.0710060360764,1649.7691946869372,1523.0027972375678,-36.98752089945619,2185857.0,0.0,0.16206364769433704,90,False,1.6,True,0,False,True,False,True,True
50_Step index_25 Magnets Alternating Trial 3/H,50_Step index_25 Magnets Alternating Trial 3,step-index,50,25,Alternating,3,H,image_12.png,12,120.0,349.1038969249136,556.9319858099121,502.6543238948878,470.6662462794694,1734.157417437363,1623.7985496641695,1801.451343494046,1548.804937804623,-32.01770958126463,2056365.0,0.0,0.3231707619008564,71,False,1.6,True,2,False,True,False,True,False
50_Step index_25 Magnets Alternating Trial 3/V,50_Step index_25 Magnets Alternating Trial 3,step-index,50,25,Alternating,3,V,image_01.png,1,10.0,1167.580486998027,518.0748056497442,215.2266410070452,213.0226682682955,742.531911474306,734.9282055256194,747.4494125889153,729.9263541312092,32.14073414292121,677128.0,0.0,0.06880548420271053,122,False,2.5221739440062008,False,0,False,True,False,True,True
50_Step index_25 Magnets Alternating Trial 3/V,50_Step index_25 Magnets Alternating Trial 3,step-index,50,25,Alternating,3,V,image_02.png,2,20.0,940.6283916187617,537.0504511566043,188.79089934357285,188.47823828584825,651.3286027353264,650.2499220861765,660.3784460298704,641.0571097284586,43.39962417518829,660857.0,0.0,0.09461138149926109,169,False,3.0,False,0,False,True,False,True,True
50_Step index_25 Magnets Alternating Trial 3/V,50_Step index_25 Magnets Alternating Trial 3,step-index,50,25,Alternating,3,V,image_03.png,3,30.0,1087.877262917162,534.2432038651148,178.46126187039135,172.57990240818876,615.6913534528502,595.4006633082513,621.0602721104923,589.798212095077,24.760218264739486,660265.0,0.0,0.06880548420271053,226,False,3.0,False,0,False,True,False,True,True
50_Step index_25 Magnets Alternating Trial 3/V,50_Step index_25 Magnets Alternating Trial 3,step-index,50,25,Alternating,3,V,image_04.png,4,40.0,1175.2176081895866,530.7457414181724,183.7597767908132,174.57182570230006,633.9712299283055,602.2727986729352,636.2153901476149,599.9016767249918,14.595722537144784,622449.0,0.0,0.06880548420271053,208,False,2.8709481086352824,False,0,False,True,False,True,True
50_Step index_25 Magnets Alternating Trial 3/V,50_Step index_25 Magnets Alternating Trial 3,step-index,50,25,Alternating,3,V,image_05.png,5,50.0,1140.7474998639925,533.3978264417584,199.6353831452832,189.63506857512596,688.7420718512271,654.2409865841846,692.1133158629597,650.6735495390506,16.812407568525327,624966.0,0.0,0.06669416189406041,215,False,2.98797232671882,False,0,False,True,False,True,True
50_Step index_25 Magnets Alternating Trial 3/V,50_Step index_25 Magnets Alternating Trial 3,step-index,50,25,Alternating,3,V,image_06.png,6,60.0,1203.9083965248988,532.7767928656697,223.70499661086853,214.1470072657876,771.7822383074965,738.8071750669673,772.9617882008398,737.5730060670076,10.63921377442499,651722.0,0.0,0.06880548420271053,119,False,2.101800201486242,False,0,False,True,False,True,True
50_Step index_25 Magnets Alternating Trial 3/V,50_Step index_25 Magnets Alternating Trial 3,step-index,50,25,Alternating,3,V,image_07.png,7,70.0,1197.9168431247804,533.9737211930151,260.9438095835553,247.921625517755,900.2561430632659,855.3296080362547,900.2879465144766,855.2961328495225,-1.5428956702087446,842504.0,0.0,0.07016611508696806,100,False,1.8477792973831273,False,0,False,True,False,True,True
50_Step index_25 Magnets Alternating Trial 3/V,50_Step index_25 Magnets Alternating Trial 3,step-index,50,25,Alternating,3,V,image_08.png,8,80.0,1005.5781110693742,540.946888364915,303.51408936537155,293.50983360405576,1047.1236083105318,1012.6089259339924,1047.38197838223,1012.3416811149228,4.967528307643622,1104805.0,0.0,0.06877195528764408,109,False,2.856034502199129,False,0,False,True,False,True,True
50_Step index_25 Magnets Alternating Trial 3/V,50_Step index_25 Magnets Alternating Trial 3,step-index,50,25,Alternating,3,V,image_09.png,9,90.0,1092.9243399973102,533.1668570660042,346.78420184338233,336.3639697661939,1196.405496359669,1160.455695693369,1198.626888259458,1158.1610924773188,-13.661859130775653,1264010.0,0.0,0.06893943370581554,94,False,1.9959188388377376,False,0,False,True,False,False,True
50_Step index_25 Magnets Alternating Trial 3/V,50_Step index_25 Magnets Alternating Trial 3,step-index,50,25,Alternating,3,V,image_10.png,10,100.0,1236.59588384037,524.5194991791091,376.4262875601141,381.8499890568224,1298.6706920823935,1317.3824622460372,1296.7689578537727,1319.2544819912632,-73.16161842590199,1614709.0,0.0,1.1381044757502472,88,False,1.6,True,0,True,True,False,True,True
50_Step index_25 Magnets Alternating Trial 3/V,50_Step index_25 Magnets Alternating Trial 3,step-index,50,25,Alternating,3,V,image_11.png,11,110.0,352.1700315742079,570.6801702352026,451.76127732088736,453.2516421153942,1558.5764067570615,1563.71816529811,1506.042664756117,1614.3761668574446,-46.36102436805276,2116601.0,0.0,0.18555762402721146,90,False,1.6,True,1,False,True,False,False,False
50_Step index_25 Magnets Alternating Trial 3/V,50_Step index_25 Magnets Alternating Trial 3,step-index,50,25,Alternating,3,V,image_12.png,12,120.0,1064.358764352266,524.4727009063198,457.05429338805715,463.2529679947455,1576.8373121887973,1598.222739581872,1557.1287271294718,1617.4306666981206,-55.38737823896348,1968069.0,0.0,0.09833892888942025,103,False,1.639353890821301,False,3,False,True,False,False,False
50_Step index_25 Magnets Normal Trial 2/H,50_Step index_25 Magnets Normal Trial 2,step-index,50,25,Normal,2,H,image_01.png,1,10.0,453.3422013211093,553.2275219378615,210.1606977500091,225.1892448753542,725.0544072375314,776.9028948199721,717.6363979473216,783.7601685307912,-70.83286552498166,682154.0,0.0,1.0728859972202607,176,False,3.0,False,1,False,True,False,True,True
50_Step index_25 Magnets Normal Trial 2/H,50_Step index_25 Magnets Normal Trial 2,step-index,50,25,Normal,2,H,image_02.png,2,20.0,470.2883243299412,566.4390350760175,181.67407779848944,195.61811467846277,626.7755684047886,674.8824956406966,623.9025696237908,677.5393565603342,-76.88653064507353,712139.0,0.0,0.0703957388544919,153,False,3.0,False,0,False,True,False,True,True
50_Step index_25 Magnets Normal Trial 2/H,50_Step index_25 Magnets Normal Trial 2,step-index,50,25,Normal,2,H,image_03.png,3,30.0,367.97989693204255,569.9462192361412,169.68746078261404,180.2794901767863,585.4217397000185,621.9642411099128,582.4619009014598,624.7369562712646,-74.91469149912794,415260.0,0.0,0.06669416189406041,123,False,3.0,False,0,False,True,False,True,True
50_Step index_25 Magnets Normal Trial 2/H,50_Step index_25 Magnets Normal Trial 2,step-index,50,25,Normal,2,H,image_04.png,4,40.0,372.22383403608654,570.9216358810813,170.19762334519675,178.1461592440928,587.1818005409287,614.6042493921201,584.1343185885012,617.5013749818587,-72.6399785703924,373768.0,0.0,0.06665957101922729,184,False,3.0,False,0,False,True,False,True,True
50_Step index_25 Magnets Normal Trial 2/H,50_Step index_25 Magnets Normal Trial 2,step-index,50,25,Normal,2,H,image_05.png,5,50.0,391.05446833692685,567.4696666592007,194.98960196542194,199.1622941020217,672.7141267807058,687.1099146519749,669.4167251878961,690.3228079833988,-66.76111913755007,848291.0,0.0,0.06877195528764408,176,False,3.0,False,0,False,True,False,True,True
50_Step index_25 Magnets Normal Trial 2/H,50_Step index_25 Magnets Normal Trial 2,step-index,50,25,Normal,2,H,image_06.png,6,60.0,379.0985633570027,571.0584172267245,221.0115056096182,222.83622270704168,762.4896943531828,768.7849683392939,756.5401072785563,774.6405150895544,-55.17697800460724,831313.0,0.0,0.06877195528764408,158,False,3.0,False,0,False,True,False,True,True
50_Step index_25 Magnets Normal Trial 2/H,50_Step index_25 Magnets Normal Trial 2,step-index,50,25,Normal,2,H,image_07.png,7,70.0,543.9949134304999,570.9021735747378,252.66380202949438,250.85405704517302,871.6901170017557,865.446496805847,890.6788499424282,845.8915327494897,-40.99194756589481,899624.0,0.0,0.06883899647780026,136,False,3.0,False,0,False,True,False,True,True
50_Step index_25 Magnets Normal Trial 2/H,50_Step index_25 Magnets Normal Trial 2,step-index,50,25,Normal,2,H,image_08.png,8,80.0,558.2788174260619,574.0716777182174,299.63584303202356,296.59354945979254,1033.7436584604814,1023.2477456362843,1062.0939625777444,993.7898746781952,-40.57792526921045,1378992.0,0.0,0.06880548420271053,153,False,3.0,False,0,False,True,False,True,True
50_Step index_25 Magnets Normal Trial 2/H,50_Step index_25 Magnets Normal Trial 2,step-index,50,25,Normal,2,H,image_09.png,9,90.0,245.69241957852722,577.1753275818531,337.6902531486778,329.54514010777655,1165.0313733629384,1136.930733371829,1191.9526054820262,1108.6742441718168,-35.13384511543761,1271209.0,0.0,0.27835203129825803,100,False,1.6,True,0,False,True,False,True,True
50_Step index_25 Magnets Normal Trial 2/H,50_Step index_25 Magnets Normal Trial 2,step-index,50,25,Normal,2,H,image_10.png,10,100.0,456.0073496313613,574.5837731828527,390.8080204816645,380.0458992904154,1348.2876706617426,1311.1583525519331,1382.3000401976094,1275.2499626327603,-34.8453433470231,2203784.0,0.0,0.06877195528764408,116,False,2.3336642327316603,False,0,False,True,False,True,True
50_Step index_25 Magnets Normal Trial 2/H,50_Step index_25 Magnets Normal Trial 2,step-index,50,25,Normal,2,H,image_11.png,11,110.0,629.0497470135841,569.3952573404728,432.0662946736909,428.9999718403008,1490.6287166242337,1480.0499028490378,1554.6266385730953,1412.6774934100051,-42.86058916669642,2482742.0,0.0,0.11829059425844975,108,False,2.375782378658304,False,0,False,True,False,True,True
50_Step index_25 Magnets Normal Trial 2/H,50_Step index_25 Magnets Normal Trial 2,step-index,50,25,Normal,2,H,image_12.png,12,120.0,645.9248909442882,566.9850291387172,457.82939308681824,472.59610603990023,1579.511406149523,1630.456565837656,1534.7322693623491,1672.6750301889067,-55.845964209730695,2476945.0,0.0,0.11344927175576738,93,False,2.1668232510878163,False,1,False,True,False,True,True
50_Step index_25 Magnets Normal Trial 2/V,50_Step index_25 Magnets Normal Trial 2,step-index,50,25,Normal,2,V,image_01.png,1,10.0,1018.6912070098992,523.0205649974961,227.26860267053388,227.97382794470462,784.0766792133419,786.509706409231,783.5258285778802,787.0584686752966,-66.76477712566115,842694.0,0.0,0.06662496186566333,123,False,3.0,False,0,False,True,False,True,True
50_Step index_25 Magnets Normal Trial 2/V,50_Step index_25 Magnets Normal Trial 2,step-index,50,25,Normal,2,V,image_02.png,2,20.0,1058.608914537378,533.7606894718858,198.70619486140842,196.72488008668844,685.5363722718591,678.7008362990751,686.2840108421229,677.9448350442492,17.472880115494,658475.0,0.0,0.06877195528764408,120,False,3.0,False,0,False,True,False,True,True
50_Step index_25 Magnets Normal Trial 2/V,50_Step index_25 Magnets Normal Trial 2,step-index,50,25,Normal,2,V,image_03.png,3,30.0,1199.8664445882898,530.6796147927404,182.79565571384867,179.8350639746025,630.6450122127779,620.4309707123787,634.7328677895158,616.2482514341575,28.226812726086308,655024.0,0.0,0.06877195528764408,176,False,2.6164030482874687,False,0,False,True,False,True,True
50_Step index_25 Magnets Normal Trial 2/V,50_Step index_25 Magnets Normal Trial 2,step-index,50,25,Normal,2,V,image_04.png,4,40.0,1197.9914618287771,531.4635349446595,173.85555579170332,171.32693761221046,599.8016674813765,591.0779347621261,605.1837081522673,585.566259840141,31.79661723174343,409104.0,0.0,0.06877195528764408,178,False,2.7725146553265825,False,0,False,True,False,True,True
50_Step index_25 Magnets Normal Trial 2/V,50_Step index_25 Magnets Normal Trial 2,step-index,50,25,Normal,2,V,image_05.png,5,50.0,1166.033800439239,526.2552613257277,184.13503427984006,178.95564737331344,635.2658682654483,617.3969834379315,643.4193764959603,608.8951178083635,29.41032371065592,372007.0,0.0,0.06662496186566333,109,False,2.9648480597768194,False,0,False,True,False,True,True
50_Step index_25 Magnets Normal Trial 2/V,50_Step index_25 Magnets Normal Trial 2,step-index,50,25,Normal,2,V,image_06.png,6,60.0,1170.831181156111,530.4982173637609,211.75400744206988,205.95183736945137,730.5513256751411,710.5338389246073,739.9174321393159,700.7751203624504,29.616697271124988,814524.0,0.0,0.06883899647780026,194,False,2.532833471095018,False,0,False,True,False,True,True
50_Step index_25 Magnets Normal Trial 2/V,50_Step index_25 Magnets Normal Trial 2,step-index,50,25,Normal,2,V,image_07.png,7,70.0,1258.3497192700152,529.6312587786231,239.98232611645707,232.11708770631955,827.9390251017769,800.8039525868026,829.0511393474628,799.6525546209431,11.313550247176236,806647.0,0.0,0.27603822873391265,107,False,1.6,True,0,False,True,False,True,True
50_Step index_25 Magnets Normal Trial 2/V,50_Step index_25 Magnets Normal Trial 2,step-index,50,25,Normal,2,V,image_08.png,8,80.0,1019.7091598949447,538.108388704617,278.8261482395938,270.91474188279307,961.9502114265987,934.6558594956362,964.0261916957338,932.5144967655058,14.990243059924211,1393171.0,0.0,0.06880548420271053,179,False,3.0,False,0,False,True,False,True,True
50_Step index_25 Magnets Normal Trial 2/V,50_Step index_25 Magnets Normal Trial 2,step-index,50,25,Normal,2,V,image_09.png,9,90.0,1096.978543181968,530.7206461255254,311.26905059286827,303.2079477086476,1073.8782245453956,1046.0674195948343,1074.5075748797856,1045.4209482388078,8.515649975181718,1334168.0,0.0,0.06880548420271053,132,False,2.197593729068728,False,0,False,True,False,True,True
50_Step index_25 Magnets Normal Trial 2/V,50_Step index_25 Magnets Normal Trial 2,step-index,50,25,Normal,2,V,image_10.png,10,100.0,1194.7829464651613,530.9267694757267,364.60866539660265,350.54973257055957,1257.8998956182793,1209.3965773684306,1257.93758154669,1209.3573788088524,-1.6116495357673475,2042427.0,0.0,0.4963829464004899,173,False,1.6,True,1,False,True,False,True,True
50_Step index_25 Magnets Normal Trial 2/V,50_Step index_25 Magnets Normal Trial 2,step-index,50,25,Normal,2,V,image_11.png,11,110.0,1096.5127686411663,533.972459793563,388.6346201589953,385.04985774949307,1340.789439548534,1328.4220092357511,1357.3777737609978,1311.4674739109848,-37.185138452207696,1943159.0,0.0,0.07599736973495293,125,False,1.76237240837958,False,5,False,True,False,True,True
50_Step index_25 Magnets Normal Trial 2/V,50_Step index_25 Magnets Normal Trial 2,step-index,50,25,Normal,2,V,image_12.png,12,120.0,1056.4907291380957,526.3460362874962,431.6131379384927,437.7173337267475,1489.0653258877999,1510.1248013572788,1473.9591616735186,1524.8727324450388,57.21814894554492,2231292.0,0.0,0.07879156519355572,116,False,1.7722738867066177,False,3,False,True,False,True,True
50_Step index_25 Magnets Normal Trial 3/H,50_Step index_25 Magnets Normal Trial 3,step-index,50,25,Normal,3,H,image_01.png,1,10.0,426.5880477950361,553.6837369377752,199.3024217967289,212.82193202971803,687.5933551987148,734.2356655025272,678.5181206165402,742.630321630058,-68.35360565771802,696474.0,0.0,0.06662496186566333,207,False,3.0,False,0,False,True,False,True,False
50_Step index_25 Magnets Normal Trial 3/H,50_Step index_25 Magnets Normal Trial 3,step-index,50,25,Normal,3,H,image_02.png,2,20.0,437.2483564992104,556.6277993398695,174.6839425567388,188.0641085052495,602.6596018207489,648.8211743431108,600.7870202547342,650.5555074212764,-79.03406244948918,695923.0,0.0,0.06665957101922729,182,False,3.0,False,0,False,True,False,True,True
50_Step index_25 Magnets Normal Trial 3/H,50_Step index_25 Magnets Normal Trial 3,step-index,50,25,Normal,3,H,image_03.png,3,30.0,414.90087038565866,551.4917985611511,158.10959140978431,172.01048413137133,545.4780903637559,593.4361702532311,545.0143087284058,593.8621376321357,-84.52870632754319,211975.0,0.0,0.06662496186566333,158,False,3.0,False,0,False,True,False,True,False
50_Step index_25 Magnets Normal Trial 3/H,50_Step index_25 Magnets Normal Trial 3,step-index,50,25,Normal,3,H,image_04.png,4,40.0,555.6553172540293,562.4322832183549,179.61236093951436,184.72777434751822,619.6626452413245,637.3108214989379,616.378088333054,640.4880399586058,-68.52925301528661,716366.0,0.0,0.12147410641728347,230,False,3.0,False,0,False,True,False,True,True
50_Step index_25 Magnets Normal Trial 3/H,50_Step index_25 Magnets Normal Trial 3,step-index,50,25,Normal,3,H,image_05.png,5,50.0,467.6331713465744,576.5054712808283,200.58583215660855,204.17132293134068,692.0211209402995,704.3910641131254,688.7308314235078,707.6085392903153,-65.47125348228379,1212239.0,0.0,0.06662496186566333,220,False,3.0,False,0,False,True,False,True,True
50_Step index_25 Magnets Normal Trial 3/H,50_Step index_25 Magnets Normal Trial 3,step-index,50,25,Normal,3,H,image_06.png,6,60.0,472.7288197848485,573.7412808851988,235.92552641491812,236.25377818798,813.9430661314676,815.075534748531,803.1044303277848,825.7570564257884,-46.432924305482906,1135293.0,0.0,0.06883899647780026,192,False,3.0,False,0,False,True,False,True,True
50_Step index_25 Magnets Normal Trial 3/H,50_Step index_25 Magnets Normal Trial 3,step-index,50,25,Normal,3,H,image_07.png,7,70.0,544.22382425363,572.8412840981782,269.8278446856724,265.60992739224343,930.9060641655699,916.3542495032399,949.1248602246068,897.4704510937945,-36.81568106248548,1141190.0,0.0,0.06877195528764408,187,False,3.0,False,0,False,True,False,True,True
50_Step index_25 Magnets Normal Trial 3/H,50_Step index_25 Magnets Normal Trial 3,step-index,50,25,Normal,3,H,image_08.png,8,80.0,557.101863463261,572.5951393888105,311.9205515313949,309.6327919577535,1076.1259027833125,1068.2331322542498,1104.9599798903562,1038.3797120165764,-41.594298991018974,1819730.0,0.0,0.06883899647780027,187,False,3.0,False,0,False,True,False,True,False
50_Step index_25 Magnets Normal Trial 3/H,50_Step index_25 Magnets Normal Trial 3,step-index,50,25,Normal,3,H,image_09.png,9,90.0,486.05313466555276,572.4821511352621,357.5501402499418,349.27747553429833,1233.5479838622994,1205.0072905933293,1258.6018613494168,1178.8148936459884,-34.51502378525818,2420322.0,0.0,0.06890597120515132,180,False,2.7187970578100304,False,0,False,True,False,True,True
50_Step index_25 Magnets Normal Trial 3/H,50_Step index_25 Magnets Normal Trial 3,step-index,50,25,Normal,3,H,image_10.png,10,100.0,487.90066040674895,574.1362725527379,398.1053180922602,390.30476441261686,1373.4633474182976,1346.5514372235282,1409.4700922116817,1308.8148833777136,-37.24110901111749,2882466.0,0.0,0.06877195528764408,145,False,2.451113503053877,False,0,False,True,False,True,True
50_Step index_25 Magnets Normal Trial 3/H,50_Step index_25 Magnets Normal Trial 3,step-index,50,25,Normal,3,H,image_11.png,11,110.0,720.685084150113,561.9986621264156,441.6078483051786,435.75412163593796,1523.5470766528663,1503.3517196439861,1567.005127097162,1457.9976060972233,-39.6583021888839,2950204.0,0.0,1.128999100762826,118,False,2.372903138244782,False,1,False,True,False,True,True
50_Step index_25 Magnets Normal Trial 3/H,50_Step index_25 Magnets Normal Trial 3,step-index,50,25,Normal,3,H,image_12.png,12,120.0,727.721354686479,570.3122634908696,467.81443025434453,481.6932371619691,1613.9597843774886,1661.8416682087934,1565.7026143781252,1707.3837410237688,-54.88470728343581,2855598.0,0.0,0.9886355694142546,95,False,2.1120942102532,False,2,False,True,False,True,True
50_Step index_25 Magnets Normal Trial 3/V,50_Step index_25 Magnets Normal Trial 3,step-index,50,25,Normal,3,V,image_01.png,1,10.0,1173.1972175963822,520.8006419725209,213.3451753479692,214.0851512230005,736.0408549504938,738.5937717193518,732.5233786195943,742.0824749006047,52.74505272308392,637722.0,0.0,0.06880548420271053,120,False,2.491762768669031,False,0,False,True,False,True,True
50_Step index_25 Magnets Normal Trial 3/V,50_Step index_25 Magnets Normal Trial 3,step-index,50,25,Normal,3,V,image_02.png,2,20.0,925.5456005846885,527.9868605883428,187.717445565458,190.12609255044285,647.6251872008302,655.9350192990279,645.3887848074544,658.1355856390717,65.34375172562342,684125.0,0.0,0.5950265073979988,163,False,3.0,False,0,False,True,False,True,True
50_Step index_25 Magnets Normal Trial 3/V,50_Step index_25 Magnets Normal Trial 3,step-index,50,25,Normal,3,V,image_03.png,3,30.0,1062.3800644666155,516.2741688411359,174.98587836296082,174.9266629844305,603.7012803522149,603.4969872962853,614.7043420138145,592.2857599874909,44.73889270269935,651500.0,0.0,0.06662496186566333,204,False,3.0,False,0,False,True,False,True,True
50_Step index_25 Magnets Normal Trial 3/V,50_Step index_25 Magnets Normal Trial 3,step-index,50,25,Normal,3,V,image_04.png,4,40.0,833.8521037222127,534.8911714968987,179.70553410230494,174.5791097523946,619.9840926529521,602.2979286457614,627.4940887608251,594.4697120660571,28.804701351013136,633924.0,0.0,1.2292366628721334,224,False,3.0,False,1,False,True,False,True,True
50_Step index_25 Magnets Normal Trial 3/V,50_Step index_25 Magnets Normal Trial 3,step-index,50,25,Normal,3,V,image_05.png,5,50.0,916.0023449838579,543.2736145144116,197.7005145526924,190.55348668882013,682.0667752067887,657.4095290764295,684.5030428634778,654.8724754271788,16.83635311522097,645207.0,0.0,0.06883899647780026,214,False,3.0,False,0,False,True,False,True,True
50_Step index_25 Magnets Normal Trial 3/V,50_Step index_25 Magnets Normal Trial 3,step-index,50,25,Normal,3,V,image_06.png,6,60.0,866.1402585279326,540.7310502057884,226.44034453010826,219.36383020177738,781.2191886288736,756.8052141961319,782.0196226897332,755.9780834419846,10.180628385792435,1094814.0,0.0,0.0737526596154914,209,False,3.0,False,0,False,True,False,True,True
50_Step index_25 Magnets Normal Trial 3/V,50_Step index_25 Magnets Normal Trial 3,step-index,50,25,Normal,3,V,image_07.png,7,70.0,934.7767116311422,540.3994119484133,256.2290919914217,246.9645264365591,883.9903673704049,852.027616206129,885.1890892992025,850.7821722198997,10.861199630889011,1127112.0,0.0,0.06880548420271053,149,False,3.0,False,0,False,True,False,True,True
50_Step index_25 Magnets Normal Trial 3/V,50_Step index_25 Magnets Normal Trial 3,step-index,50,25,Normal,3,V,image_08.png,8,80.0,793.9384208485734,540.425732113322,288.3506618008645,281.06700201142195,994.8097832129826,969.6811569394058,995.3718254306671,969.1042152619231,8.466451887121082,1735831.0,0.0,0.35528503524501126,208,False,3.0,False,0,False,True,False,True,True
50_Step index_25 Magnets Normal Trial 3/V,50_Step index_25 Magnets Normal Trial 3,step-index,50,25,Normal,3,V,image_09.png,9,90.0,869.0229844843823,537.0617846417775,336.5583905279715,328.62983401625155,1161.1264473215017,1133.7729273560678,1162.0795482243796,1132.7960103538599,-10.458246543893889,2429552.0,0.0,0.0898719141199316,189,False,3.0,False,0,False,True,False,True,False
50_Step index_25 Magnets Normal Trial 3/V,50_Step index_25 Magnets Normal Trial 3,step-index,50,25,Normal,3,V,image_10.png,10,100.0,1000.2868173307231,536.7221812616579,368.5104096759955,356.7695157891314,1271.3609133821847,1230.8548294725033,1275.2194738348128,1226.8567466759237,16.556527745921215,2792659.0,0.0,0.0691064985417924,189,False,2.3810177743494316,False,2,False,True,False,True,True
50_Step index_25 Magnets Normal Trial 3/V,50_Step index_25 Magnets Normal Trial 3,step-index,50,25,Normal,3,V,image_11.png,11,110.0,1085.565548214102,530.7478180811648,398.6914912189159,395.46760387623146,1375.48564470526,1364.3632333729986,1397.6067435577272,1341.6941461198348,-39.261786327140136,2680668.0,0.0,0.09743568869222678,172,False,1.7731094477692548,False,4,False,True,False,True,True
50_Step index_25 Magnets Normal Trial 3/V,50_Step index_25 Magnets Normal Trial 3,step-index,50,25,Normal,3,V,image_12.png,12,120.0,1094.9941643475254,532.8725661639032,436.1045301047532,434.2541969354276,1504.5606288613988,1498.1769794272254,1533.3603143004157,1468.6875413558946,-42.16699043333826,2376598.0,0.0,0.15129289596130333,131,False,1.6,True,4,False,True,False,True,True
50_Step index_25 Magnets Normal/H,50_Step index_25 Magnets Normal,step-index,50,25,Normal,1,H,image_01.png,1,10.0,331.54869927670825,541.889043823613,219.9917443410105,221.27461368083303,758.9715179764863,763.397417198874,731.0343968957759,790.1911744892324,-47.146953069288145,732208.0,0.0,0.06662496186566333,120,False,3.0,False,0,False,True,False,True,True
50_Step index_25 Magnets Normal/H,50_Step index_25 Magnets Normal,step-index,50,25,Normal,1,H,image_02.png,2,20.0,403.3433597143278,551.281375899614,193.94554489385422,196.1272015677001,669.1121298837971,676.6388454085653,638.4938254116853,705.6038579717521,-48.223751283685985,998067.0,0.0,0.06665957101922729,203,False,3.0,False,0,False,True,False,True,True
50_Step index_25 Magnets Normal/H,50_Step index_25 Magnets Normal,step-index,50,25,Normal,1,H,image_03.png,3,30.0,377.45736188731297,552.6714748091347,183.618277867764,184.65546690485476,633.4830586437859,637.061360821749,595.1613157295931,673.0014645598957,-46.319880149833516,954076.0,0.0,0.06662496186566333,179,False,3.0,False,0,False,True,False,True,True
50_Step index_25 Magnets Normal/H,50_Step index_25 Magnets Normal,step-index,50,25,Normal,1,H,image_04.png,4,40.0,528.0862242908198,551.9956001099653,185.42681791899145,188.55730913926692,639.7225218205206,650.5227165304709,615.1244703360974,673.8297972339348,-50.30600122416223,782065.0,0.0,0.08121065513933994,186,False,3.0,False,0,False,True,False,True,True
50_Step index_25 Magnets Normal/H,50_Step index_25 Magnets Normal,step-index,50,25,Normal,1,H,image_05.png,5,50.0,508.69912603953986,559.7099048852149,196.9082693597035,198.31464392990907,679.3335292909771,684.1855215581863,653.8488234529191,708.5799799585196,-47.545053557243584,803240.0,0.0,0.06883899647780026,164,False,3.0,False,0,False,True,False,True,True
50_Step index_25 Magnets Normal/H,50_Step index_25 Magnets Normal,step-index,50,25,Normal,1,H,image_06.png,6,60.0,440.8546502310425,565.0598359998932,218.2301599230206,223.31668389118576,752.8940517344212,770.442559424591,744.6661138146926,778.3980790353423,-60.67708849918946,748780.0,0.0,0.06877195528764408,165,False,3.0,False,0,False,True,False,True,True
50_Step index_25 Magnets Normal/H,50_Step index_25 Magnets Normal,step-index,50,25,Normal,1,H,image_07.png,7,70.0,438.5867000705373,565.2772602339893,251.29634512552056,254.8620255574079,866.972390683046,879.2739881730573,864.1066348877066,882.0904692986279,-66.58069464349566,945599.0,0.0,0.06665957101922729,102,False,3.0,False,0,False,True,False,True,True
50_Step index_25 Magnets Normal/H,50_Step index_25 Magnets Normal,step-index,50,25,Normal,1,H,image_08.png,8,80.0,378.19019673597137,568.8632697959091,288.5012445291734,285.71106858218775,995.3292936256482,985.7031866085478,997.3176542197444,983.6913496728556,-22.526839492012176,1234548.0,0.0,0.06662496186566333,135,False,2.621757818432763,False,0,False,True,False,True,True
50_Step index_25 Magnets Normal/H,50_Step index_25 Magnets Normal,step-index,50,25,Normal,1,H,image_09.png,9,90.0,371.4431912033678,567.5085122496815,317.5727733055377,320.2357123320342,1095.626067904105,1104.813207545518,1084.3085009379515,1115.9228374003817,-53.44777529780485,1196276.0,0.0,0.06669416189406041,124,False,2.3392634534573356,False,2,False,True,False,False,True
50_Step index_25 Magnets Normal/H,50_Step index_25 Magnets Normal,step-index,50,25,Normal,1,H,image_10.png,10,100.0,465.341657870678,562.8699480226173,367.7666201423895,361.23486214456517,1268.794839491244,1246.26027439875,1269.8490227337204,1245.1861209177823,11.98839398177121,1953542.0,0.0,0.06669416189406041,149,False,2.530635638930526,False,1,False,True,False,True,True
50_Step index_25 Magnets Normal/H,50_Step index_25 Magnets Normal,step-index,50,25,Normal,1,H,image_11.png,11,110.0,466.6130380529864,561.5900774409414,398.17016507104177,405.562571337182,1373.6870694950942,1399.190871113278,1370.929296431798,1401.8930497330277,72.72759006703114,2352115.0,0.0,0.06877195528764408,125,False,2.3437870487846975,False,3,False,True,False,False,True
50_Step index_25 Magnets Normal/H,50_Step index_25 Magnets Normal,step-index,50,25,Normal,1,H,image_12.png,12,120.0,637.5323304451766,553.5846728678706,452.8504147562512,449.91519259465093,1562.3339309090668,1552.207414451546,1574.18120027413,1540.1911302989733,36.33298465051091,3276138.0,0.0,0.08896654556076578,164,False,2.3356213606159635,False,0,False,True,False,True,True
50_Step index_25 Magnets Normal/V,50_Step index_25 Magnets Normal,step-index,50,25,Normal,1,V,image_01.png,1,10.0,1090.5543385638575,515.1347004283718,227.67188725736543,226.85924378109644,785.4680110379107,782.6643910447827,808.9022595585867,758.4198572389604,43.40735137000306,866070.0,0.0,0.06662496186566333,116,False,3.0,False,0,False,True,False,True,True
50_Step index_25 Magnets Normal/V,50_Step index_25 Magnets Normal,step-index,50,25,Normal,1,V,image_02.png,2,20.0,1193.9012865280324,522.0640252526238,196.75353795714847,197.0154710622743,678.7997059521623,679.7033751648463,654.7431178859147,702.9062302983643,45.53788088151945,820192.0,0.0,0.06665957101922729,202,False,2.4914287795459957,False,0,False,True,False,True,True
50_Step index_25 Magnets Normal/V,50_Step index_25 Magnets Normal,step-index,50,25,Normal,1,V,image_03.png,3,30.0,1054.9076069770601,528.4414708722046,181.0952702927972,183.70371285019058,624.7786825101504,633.7778093331575,614.8183139021078,643.4447564576346,54.16342802495327,831697.0,0.0,0.06665957101922729,222,False,3.0,False,0,False,True,False,True,True
50_Step index_25 Magnets Normal/V,50_Step index_25 Magnets Normal,step-index,50,25,Normal,1,V,image_04.png,4,40.0,1215.4423274128392,525.7361581803771,178.86040500593506,180.811061030673,617.068397270476,623.7981605558218,608.4201317731056,632.2361072225928,53.20836002821158,627031.0,0.0,0.06662496186566333,255,True,2.499800585599061,False,0,False,True,False,True,True
50_Step index_25 Magnets Normal/V,50_Step index_25 Magnets Normal,step-index,50,25,Normal,1,V,image_05.png,5,50.0,1099.4554997274727,533.9722538952618,188.72423232673063,191.60293547498603,651.0986015272207,661.0301273887018,649.7282540221107,662.3770936193413,70.86898261717324,638468.0,0.0,0.06662496186566333,110,False,3.0,False,0,False,True,False,True,True
50_Step index_25 Magnets Normal/V,50_Step index_25 Magnets Normal,step-index,50,25,Normal,1,V,image_06.png,6,60.0,1213.711524394372,534.7869424432515,212.77315767746947,215.77109581564457,734.0673939872697,744.4102805639739,730.5575351487364,747.855128057566,63.362116642198835,605611.0,0.0,0.06893943370581555,177,False,2.1176400074593036,False,0,False,True,False,True,True
50_Step index_25 Magnets Normal/V,50_Step index_25 Magnets Normal,step-index,50,25,Normal,1,V,image_07.png,7,70.0,900.7178879919142,545.0837182193416,241.13234745079737,246.33365306208842,831.906598705251,849.8511030642051,830.1880899614404,851.5299299701455,73.61410454256325,838993.0,0.0,0.06880548420271053,124,False,3.0,False,0,False,True,False,True,True
50_Step index_25 Magnets Normal/V,50_Step index_25 Magnets Normal,step-index,50,25,Normal,1,V,image_08.png,8,80.0,970.2994166877056,540.474714655533,279.51384940905433,283.2714742037777,964.3227804612375,977.2865860030331,963.7865680992286,977.8153952814749,78.76553140488829,1061524.0,0.0,0.06887249213720352,87,False,3.0,False,0,False,True,False,True,True
50_Step index_25 Magnets Normal/V,50_Step index_25 Magnets Normal,step-index,50,25,Normal,1,V,image_09.png,9,90.0,1105.8700430438041,539.0565735842162,316.9922546686432,327.27300716269446,1093.6232786068192,1129.091874711296,1093.2335125437369,1129.4692665588916,-84.09534571008929,1488716.0,0.0,0.06887249213720352,105,False,2.1018176441214416,False,0,False,True,False,True,False
50_Step index_25 Magnets Normal/V,50_Step index_25 Magnets Normal,step-index,50,25,Normal,1,V,image_10.png,10,100.0,1067.3874678252594,536.0270907995038,356.5111572849747,365.2732419172466,1229.9634926331628,1260.1926846145009,1229.1963442506787,1260.9409751638018,81.11307167861688,1655802.0,0.0,0.06927315278786131,100,False,2.0847219908912025,False,0,False,True,False,True,False
50_Step index_25 Magnets Normal/V,50_Step index_25 Magnets Normal,step-index,50,25,Normal,1,V,image_11.png,11,110.0,937.5818560938521,538.1976964980257,391.0850978472937,404.89385502225974,1349.2435875731633,1396.8837998267961,1343.5937333592965,1402.318968175029,72.11169848995793,2168177.0,0.0,0.06883899647780026,109,False,2.5642406047490756,False,0,False,True,False,True,True
50_Step index_25 Magnets Normal/V,50_Step index_25 Magnets Normal,step-index,50,25,Normal,1,V,image_12.png,12,120.0,998.88941513858,532.4541153117556,433.9523832604146,448.50160510720895,1497.1357222484305,1547.330537619871,1492.6039728770925,1551.7024662076324,74.07249123424677,2779838.0,0.0,0.07062460127176204,126,False,2.028381923172017,False,0,False,True,False,True,True
50_Step index_50 Alternating/H,50_Step index_50 Alternating,step-index,50,50,Alternating,1,H,image_01.png,1,10.0,355.1022198348468,546.6673922138183,221.16183306097392,224.67650950107085,763.0083240603601,775.1339577786945,761.598964108033,776.518752482278,72.18198527113607,1178421.0,0.0,0.06662496186566333,206,False,3.0,False,0,False,True,False,True,True
50_Step index_50 Alternating/H,50_Step index_50 Alternating,step-index,50,50,Alternating,1,H,image_02.png,2,20.0,490.88220212664845,541.432515884956,190.64099351595692,195.12320454992562,657.7114276300514,673.1750556972435,657.6067975270288,673.2772664321828,-85.34055632005519,431383.0,0.0,0.21992636303900626,160,False,3.0,False,0,False,True,False,True,True
50_Step index_50 Alternating/H,50_Step index_50 Alternating,step-index,50,50,Alternating,1,H,image_03.png,3,30.0,505.9714188237366,554.8992200131265,181.08141184918009,185.4875551214442,624.7308708796713,639.9320651689825,619.3548408447159,645.1366445829349,-63.06748374287091,999504.0,0.0,0.12787196883127558,219,False,3.0,False,0,False,True,False,True,True
50_Step index_50 Alternating/H,50_Step index_50 Alternating,step-index,50,50,Alternating,1,H,image_04.png,4,40.0,565.665314743109,555.8333562905258,181.29036827830552,184.13046309926253,625.451770560154,635.2500976924557,619.7736488453759,640.7910955311372,-58.89558802627789,980085.0,0.0,0.2782099726110711,237,False,3.0,False,0,False,True,False,True,True
50_Step index_50 Alternating/H,50_Step index_50 Alternating,step-index,50,50,Alternating,1,H,image_05.png,5,50.0,574.9702060699225,567.7909771702778,194.92935331123533,198.54204371078976,672.5062689237619,684.9700508022247,664.9517914824572,692.3061224935342,-58.55548407922902,962780.0,0.0,0.1359054842180309,206,False,3.0,False,0,False,True,False,True,True
50_Step index_50 Alternating/H,50_Step index_50 Alternating,step-index,50,50,Alternating,1,H,image_06.png,6,60.0,409.75511620665253,566.0004302901627,223.2055201095535,222.72116942679256,770.0590443779596,768.3880345224344,784.1392818941393,754.0137200449935,-43.40983366767059,883125.0,0.0,0.06877195528764408,145,False,3.0,False,0,False,True,False,True,True
50_Step index_50 Alternating/H,50_Step index_50 Alternating,step-index,50,50,Alternating,1,H,image_07.png,7,70.0,402.71673438921187,569.3342883695179,265.0413457396463,263.00982328377376,914.3926428017799,907.3838903290196,914.7504485991705,907.0231785496255,-12.451852454870917,2022960.0,0.0,0.06665957101922729,229,False,3.0,False,0,False,True,False,True,True
50_Step index_50 Alternating/H,50_Step index_50 Alternating,step-index,50,50,Alternating,1,H,image_08.png,8,80.0,641.5589840297757,565.7327111105494,288.1795879233535,292.0315694061202,994.2195783355696,1007.5089144511147,992.6109991312242,1009.0937454210757,-71.86639532471435,2215498.0,0.0,0.5206226310733728,220,False,3.0,False,0,False,True,False,True,True
50_Step index_50 Alternating/H,50_Step index_50 Alternating,step-index,50,50,Alternating,1,H,image_09.png,9,90.0,652.1640422159616,564.5999360116259,323.2762784519573,327.8921653944184,1115.3031606592526,1131.2279706107436,1104.539643539783,1141.7399167575902,-57.67450631596023,2444194.0,0.0,0.4785258796938453,181,False,3.0,False,1,False,True,False,True,True
50_Step index_50 Alternating/H,50_Step index_50 Alternating,step-index,50,50,Alternating,1,H,image_10.png,10,100.0,508.0133114542787,563.480969886619,364.7242214091596,359.4516054530085,1258.2985638616008,1240.1080388128794,1261.0825294649587,1237.2768799354308,-20.084691789536283,2358420.0,0.0,0.06662496186566333,138,False,2.7857436975086847,False,1,False,True,False,True,True
50_Step index_50 Alternating/H,50_Step index_50 Alternating,step-index,50,50,Alternating,1,H,image_11.png,11,110.0,513.3500422593428,560.6251997293757,399.5905747743742,396.41122609649847,1378.587482971591,1367.6187300329198,1381.2964851707425,1364.8825806631703,-24.033296180242942,2431415.0,0.0,0.06672873451858867,128,False,2.5693941670604046,False,1,False,True,False,True,True
50_Step index_50 Alternating/H,50_Step index_50 Alternating,step-index,50,50,Alternating,1,H,image_12.png,12,120.0,680.7627467429028,547.3550629614599,444.21346796473784,431.1053816893465,1532.5364644783456,1487.3135668282455,1532.5734449841964,1487.275460954163,1.6495292981054372,1981212.0,0.0,0.2027533408728277,104,False,2.4664472510571294,False,3,False,True,False,True,True
50_Step index_50 Alternating/V,50_Step index_50 Alternating,step-index,50,50,Alternating,1,V,image_01.png,1,10.0,1087.9873739209536,516.3731063677491,229.75432989358146,226.58939737044338,792.6524381328561,781.7334209280297,795.7557158254771,778.5742545222544,25.270194921652273,1072938.0,0.0,0.06662496186566333,130,False,3.0,False,0,False,True,False,True,True
50_Step index_50 Alternating/V,50_Step index_50 Alternating,step-index,50,50,Alternating,1,V,image_02.png,2,20.0,1076.0715226494956,512.6330254487872,203.5608737289975,197.46144915953332,702.2850143650414,681.2419996003899,702.588109693466,680.9294027567075,-6.846304021635587,1065984.0,0.0,0.06877195528764408,196,False,3.0,False,0,False,True,False,True,True
50_Step index_50 Alternating/V,50_Step index_50 Alternating,step-index,50,50,Alternating,1,V,image_03.png,3,30.0,983.6224005762992,530.0564004464792,188.67673247574592,179.79767879800474,650.9347270413234,620.3019918531164,651.4715421024468,619.7381784237322,-7.564916006988311,785703.0,0.0,0.06662496186566333,136,False,3.0,False,0,False,True,False,True,True
50_Step index_50 Alternating/V,50_Step index_50 Alternating,step-index,50,50,Alternating,1,V,image_04.png,4,40.0,1139.412946023788,525.443211637954,188.56725283910993,180.70405999253435,650.5570222949293,623.4290069742435,652.1608883546422,621.7510287041111,-13.428838125580821,749960.0,0.0,0.06662496186566333,159,False,3.0,False,0,False,True,False,True,True
50_Step index_50 Alternating/V,50_Step index_50 Alternating,step-index,50,50,Alternating,1,V,image_05.png,5,50.0,1019.3882091407402,542.2645602862312,198.74391552040345,194.46839226544265,685.6665085453919,670.9159533157772,685.9225573723368,670.6541751471019,-7.4819072459615015,741778.0,0.0,0.06877195528764408,143,False,3.0,False,0,False,True,False,True,True
50_Step index_50 Alternating/V,50_Step index_50 Alternating,step-index,50,50,Alternating,1,V,image_06.png,6,60.0,1115.6244136829393,535.4012022795467,218.64672814071884,216.0144797511283,754.33121208548,745.2499551413927,754.4950641094975,745.0840700209627,-7.605748079995858,777523.0,0.0,0.06662496186566333,123,False,2.95797324814245,False,0,False,True,False,True,True
50_Step index_50 Alternating/V,50_Step index_50 Alternating,step-index,50,50,Alternating,1,V,image_07.png,7,70.0,1011.172658005089,538.9364303431114,257.7082437719031,254.2823438202508,889.0934410130657,877.2740861798652,890.0024644149298,876.3518599686563,15.009764458228041,1838849.0,0.0,0.06877195528764408,221,False,3.0,False,0,False,True,False,True,True
50_Step index_50 Alternating/V,50_Step index_50 Alternating,step-index,50,50,Alternating,1,V,image_08.png,8,80.0,1086.2224559953206,539.7416692751432,289.74689005944913,289.9575642405223,999.6267707050996,1000.3535966298019,984.2454070555928,1015.491003254316,45.66654026938546,1824181.0,0.0,0.06880548420271053,173,False,2.4350738945449795,False,0,False,True,False,True,True
50_Step index_50 Alternating/V,50_Step index_50 Alternating,step-index,50,50,Alternating,1,V,image_09.png,9,90.0,820.0666662538499,543.578397712106,321.7306142051813,325.2871151127638,1109.9706190078757,1122.240547139035,1102.701594244816,1129.3838208304512,58.68967860737713,2099398.0,0.0,0.14487741339203736,171,False,3.0,False,0,False,True,False,True,True
50_Step index_50 Alternating/V,50_Step index_50 Alternating,step-index,50,50,Alternating,1,V,image_10.png,10,100.0,773.6808044077784,540.3792516182348,349.48221399841475,355.53288427110607,1205.713638294531,1226.588450735316,1194.7243401518283,1237.2947733242377,59.68397911352606,2207189.0,0.0,0.5780675943432233,168,False,3.0,False,0,False,True,False,True,True
50_Step index_50 Alternating/V,50_Step index_50 Alternating,step-index,50,50,Alternating,1,V,image_11.png,11,110.0,930.645047425758,531.298796554731,397.76025122192215,388.1466256655842,1372.2728667156314,1339.1058585462656,1383.2831510366073,1327.7292815838264,26.668583068483105,2100968.0,0.0,0.06887249213720352,132,False,2.5560872460864164,False,1,False,True,False,True,True
50_Step index_50 Alternating/V,50_Step index_50 Alternating,step-index,50,50,Alternating,1,V,image_12.png,12,120.0,987.9481128840716,530.3908992407836,432.2603480198383,443.7456272944299,1491.2982006684422,1530.9224141657833,1464.6043478976076,1556.4793174441952,57.77969395317421,2114417.0,0.0,0.06883899647780026,92,False,2.0869454678513684,False,0,False,True,False,True,True
50_Step index_50 Magnets Alternating Trial 2/H,50_Step index_50 Magnets Alternating Trial 2,step-index,50,50,Alternating,2,H,image_01.png,1,10.0,276.86940780578675,554.4231264208955,188.2862457682852,191.71530986772265,649.587547900584,661.4178190436431,626.5951170833905,683.2393965391597,-51.03301158277129,399396.0,0.0,0.06665957101922729,122,False,2.940941402023774,False,0,False,True,False,True,True
50_Step index_50 Magnets Alternating Trial 2/H,50_Step index_50 Magnets Alternating Trial 2,step-index,50,50,Alternating,2,H,image_02.png,2,20.0,253.41692713168698,567.5569000020631,172.68327158300866,176.09532789058838,595.7572869613799,607.5288812225299,583.6007755935117,619.2158115017209,-54.65418301403843,387768.0,0.0,0.06883899647780026,111,False,2.9350489460685223,False,0,False,True,False,True,True
50_Step index_50 Magnets Alternating Trial 2/H,50_Step index_50 Magnets Alternating Trial 2,step-index,50,50,Alternating,2,H,image_03.png,3,30.0,453.21222536123656,572.024584780379,157.77739317290585,170.55472946487694,544.3320064465252,588.4138166538255,544.211211823927,588.5255387800555,87.06625416666552,222292.0,0.0,0.06662496186566333,154,False,3.0,False,1,False,True,False,True,True
50_Step index_50 Magnets Alternating Trial 2/H,50_Step index_50 Magnets Alternating Trial 2,step-index,50,50,Alternating,2,H,image_04.png,4,40.0,608.5509203985715,568.8336509563885,184.68564778216054,188.15796636255268,637.165484848454,649.1449839508068,636.1239969137121,650.1656141485663,-74.27831854124086,752989.0,0.0,0.8927024588723883,187,False,3.0,False,1,False,True,False,True,True
50_Step index_50 Magnets Alternating Trial 2/H,50_Step index_50 Magnets Alternating Trial 2,step-index,50,50,Alternating,2,H,image_05.png,5,50.0,513.0724513334428,567.1570886110082,223.10666817523455,217.7924705386494,769.7180052045592,751.3840233583405,774.5424706818059,746.4098868613526,-24.66265980578065,1223787.0,0.0,0.06662496186566333,207,False,3.0,False,0,False,True,False,True,True
50_Step index_50 Magnets Alternating Trial 2/H,50_Step index_50 Magnets Alternating Trial 2,step-index,50,50,Alternating,2,H,image_06.png,6,60.0,526.461116638722,572.5471653094713,252.43419608292245,248.6784135874245,870.8979764860825,857.9405268766146,876.1365037064631,852.5902063581842,-28.305094071076393,1232198.0,0.0,0.06877195528764408,204,False,3.0,False,0,False,True,False,True,True
50_Step index_50 Magnets Alternating Trial 2/H,50_Step index_50 Magnets Alternating Trial 2,step-index,50,50,Alternating,2,H,image_07.png,7,70.0,556.442178769298,572.5469031415006,294.4224208327024,290.8117146412178,1015.7573518728234,1003.3004155122014,1029.8215221828077,988.8591174175076,-36.14608098553062,1691230.0,0.0,0.06665957101922729,227,False,3.0,False,0,False,True,False,True,True
50_Step index_50 Magnets Alternating Trial 2/H,50_Step index_50 Magnets Alternating Trial 2,step-index,50,50,Alternating,2,H,image_08.png,8,80.0,560.6077330047833,574.9073483080173,338.62308894250106,333.8961644108469,1168.2496568516287,1151.9417672174218,1197.3214364219118,1121.694465386415,-38.77037481455172,2400852.0,0.0,0.06890597120515132,234,False,3.0,False,0,False,True,False,True,True
50_Step index_50 Magnets Alternating Trial 2/H,50_Step index_50 Magnets Alternating Trial 2,step-index,50,50,Alternating,2,H,image_09.png,9,90.0,485.93041667508186,574.194486638597,385.0623265585841,372.55823166808625,1328.4650266271153,1285.3258992548976,1358.6477496186797,1253.378748313091,-32.895202334874476,2822271.0,0.0,0.06880548420271053,182,False,2.5239052649891027,False,0,False,True,False,True,True
50_Step index_50 Magnets Alternating Trial 2/H,50_Step index_50 Magnets Alternating Trial 2,step-index,50,50,Alternating,2,H,image_10.png,10,100.0,488.8036388548736,576.3092438522166,418.12171319845356,409.43172154847224,1442.5199105346649,1412.5394393422293,1481.0669398392465,1372.0685404532119,-37.0118503121203,2856558.0,0.0,0.06880548420271053,133,False,2.3380901434803905,False,0,False,True,False,True,True
50_Step index_50 Magnets Alternating Trial 2/H,50_Step index_50 Magnets Alternating Trial 2,step-index,50,50,Alternating,2,H,image_11.png,11,110.0,746.2250083562934,564.0369845502591,451.89406122830417,457.5146679690883,1559.0345112376494,1578.4256044933547,1505.0315163343967,1629.998813186812,-49.4667963959159,2845161.0,0.0,1.1119141224779359,133,False,2.251131555498993,False,1,False,True,False,True,True
50_Step index_50 Magnets Alternating Trial 2/H,50_Step index_50 Magnets Alternating Trial 2,step-index,50,50,Alternating,2,H,image_12.png,12,120.0,760.5502601939611,566.3836510103937,496.06849220926114,508.4290440459704,1711.436298121951,1754.0802019585979,1658.2023255763065,1804.4879065501696,-53.48135537139055,2763131.0,0.0,1.0027890696954058,100,False,2.0164716611027034,False,3,False,True,False,True,True
50_Step index_50 Magnets Alternating Trial 2/V,50_Step index_50 Magnets Alternating Trial 2,step-index,50,50,Alternating,2,V,image_01.png,1,10.0,928.267408928796,519.465890173292,200.9568320204356,197.8370349216467,693.3010704705029,682.5377704796812,700.6999900335713,674.9397798425221,32.649370920185504,683586.0,0.0,1.3558201347008187,136,False,3.0,False,1,False,True,False,True,True
50_Step index_50 Magnets Alternating Trial 2/V,50_Step index_50 Magnets Alternating Trial 2,step-index,50,50,Alternating,2,V,image_02.png,2,20.0,1023.5427841818304,529.9680939239754,182.5115126567622,173.79321241961014,629.6647186658296,599.586582847655,635.0278384170506,593.9035045348819,21.490260888126713,417444.0,0.0,0.06669416189406041,132,False,3.0,False,0,False,True,False,True,True
50_Step index_50 Magnets Alternating Trial 2/V,50_Step index_50 Magnets Alternating Trial 2,step-index,50,50,Alternating,2,V,image_03.png,3,30.0,1174.2009596720957,533.9721360093799,175.76079217274588,167.86742797403693,606.3747329959733,579.1426265104275,609.6417980786362,575.7025071100367,18.315530033183723,405972.0,0.0,0.06662496186566333,177,False,3.0,False,0,False,True,False,True,True
50_Step index_50 Magnets Alternating Trial 2/V,50_Step index_50 Magnets Alternating Trial 2,step-index,50,50,Alternating,2,V,image_04.png,4,40.0,887.3095946099701,538.7708868272073,188.18872102358938,177.5082705781192,649.2510875313834,612.4035334945113,654.0738252036556,607.2499433352835,19.040214382983606,650386.0,0.0,0.07055928926604604,199,False,3.0,False,0,False,True,False,True,True
50_Step index_50 Magnets Alternating Trial 2/V,50_Step index_50 Magnets Alternating Trial 2,step-index,50,50,Alternating,2,V,image_05.png,5,50.0,983.5121236767726,535.3328721319036,210.44727379831755,201.39294372094108,726.0430946041956,694.8056558372467,727.7952150470364,692.9701289092492,13.114576702986685,641802.0,0.0,0.06877195528764408,174,False,3.0,False,0,False,True,False,True,True
50_Step index_50 Magnets Alternating Trial 2/V,50_Step index_50 Magnets Alternating Trial 2,step-index,50,50,Alternating,2,V,image_06.png,6,60.0,1136.4634208656892,534.7682115167092,241.00725734973383,233.82971788200808,831.4750378565818,806.7125266929279,834.5710547823547,803.5091746964436,18.565777206900172,1639965.0,0.0,0.06973762536669029,237,False,2.5106014557387284,False,0,False,True,False,True,True
50_Step index_50 Magnets Alternating Trial 2/V,50_Step index_50 Magnets Alternating Trial 2,step-index,50,50,Alternating,2,V,image_07.png,7,70.0,1229.2008372883965,531.0234874467155,273.8064949490991,263.7806677352988,944.6324075743919,910.0433036867809,945.539663074125,909.1006245617772,9.165978563259902,1572457.0,0.0,0.2928274160927225,186,False,1.6,True,0,False,True,False,True,True
50_Step index_50 Magnets Alternating Trial 2/V,50_Step index_50 Magnets Alternating Trial 2,step-index,50,50,Alternating,2,V,image_08.png,8,80.0,836.322776484873,540.9382933898036,317.92648080677833,309.1528262007337,1096.8463587833853,1066.5772503925314,1097.4155803494425,1065.9915618041073,-7.790161312930859,2767240.0,0.0,0.20649744543217893,251,False,3.0,False,0,False,True,False,True,True
50_Step index_50 Magnets Alternating Trial 2/V,50_Step index_50 Magnets Alternating Trial 2,step-index,50,50,Alternating,2,V,image_09.png,9,90.0,894.3370109277655,536.4499786266633,368.3868663872426,353.66599694981994,1270.934689035987,1220.147689476879,1277.7900977698896,1212.9665428081619,-19.20580104212352,2704304.0,0.0,0.07538917789407934,177,False,2.9593111351838317,False,1,False,True,False,True,True
50_Step index_50 Magnets Alternating Trial 2/V,50_Step index_50 Magnets Alternating Trial 2,step-index,50,50,Alternating,2,V,image_10.png,10,100.0,1038.7907860339155,536.0229257096684,398.2083434220848,395.71345621679393,1373.8187848061925,1365.2114239479392,1378.8860932738437,1360.0931686249737,-31.37031699939634,2683014.0,0.0,0.07016611508696807,149,False,2.009994463683887,False,0,False,True,False,True,True
50_Step index_50 Magnets Alternating Trial 2/V,50_Step index_50 Magnets Alternating Trial 2,step-index,50,50,Alternating,2,V,image_11.png,11,110.0,1110.255052914216,532.0534707332586,413.82362722647446,415.125710293245,1427.6915139313369,1432.1837005116954,1411.7234221553292,1447.9261688017702,-48.56421712292499,2440176.0,0.0,0.2208074138662524,153,False,1.6,True,5,False,True,False,True,False
50_Step index_50 Magnets Alternating Trial 2/V,50_Step index_50 Magnets Alternating Trial 2,step-index,50,50,Alternating,2,V,image_12.png,12,120.0,1030.547296512952,526.4857122285456,453.1437267701834,471.24856503230484,1563.3458573571327,1625.8075493614517,1552.930084782568,1635.759337143947,69.47826321864758,2041641.0,0.0,0.06996868306086773,89,False,1.802750435851406,False,3,False,True,False,True,True
50_Step index_50 Magnets Alternating Trial 3/H,50_Step index_50 Magnets Alternating Trial 3,step-index,50,50,Alternating,3,H,image_01.png,1,10.0,413.07435179957946,552.3897057018728,189.28037843321565,193.9094056877347,653.0173055945941,668.9874496226847,637.3505995901908,683.9298373084129,-55.031331749043886,733338.0,0.0,0.06877195528764408,223,False,3.0,False,0,False,True,False,True,True
50_Step index_50 Magnets Alternating Trial 3/H,50_Step index_50 Magnets Alternating Trial 3,step-index,50,50,Alternating,3,H,image_02.png,2,20.0,422.72474744694324,570.6077059649316,169.92903590095682,177.57172556102995,586.2551738583011,612.6224531855534,581.2430555829237,617.3798744365893,-68.43508371621775,726580.0,0.0,0.06665957101922729,229,False,3.0,False,0,False,True,False,True,True
50_Step index_50 Magnets Alternating Trial 3/H,50_Step index_50 Magnets Alternating Trial 3,step-index,50,50,Alternating,3,H,image_03.png,3,30.0,434.51885462352755,573.9958667248387,158.53980760029992,168.75374635790922,546.9623362210348,582.2004249347868,546.9589138468206,582.2036401484664,-89.44427374672121,217745.0,0.0,0.06665957101922729,131,False,3.0,False,1,False,True,False,True,True
50_Step index_50 Magnets Alternating Trial 3/H,50_Step index_50 Magnets Alternating Trial 3,step-index,50,50,Alternating,3,H,image_04.png,4,40.0,416.70308840542907,564.7055151104715,185.25524584574168,186.68783697465264,639.1305981678088,644.0730375625517,632.3265269242739,650.7543027727736,-52.7795329441976,425268.0,0.0,0.06662496186566333,116,False,3.0,False,0,False,True,False,True,True
50_Step index_50 Magnets Alternating Trial 3/H,50_Step index_50 Magnets Alternating Trial 3,step-index,50,50,Alternating,3,H,image_05.png,5,50.0,589.0129060377665,570.1923839101272,213.60681196087063,215.51122629179113,736.9435012650038,743.5137307066794,734.1707794247957,746.2517393245228,-61.47348946368669,713542.0,0.0,0.08301793728127589,118,False,3.0,False,0,False,True,False,True,True
50_Step index_50 Magnets Alternating Trial 3/H,50_Step index_50 Magnets Alternating Trial 3,step-index,50,50,Alternating,3,H,image_06.png,6,60.0,595.1046587203434,567.9396501502745,245.39550450808312,244.7888573117449,846.6144905528868,844.5215577255199,863.0046392111809,827.7655161803023,-43.29716497181614,712363.0,0.0,0.0746526569134522,120,False,3.0,False,0,False,True,False,True,True
50_Step index_50 Magnets Alternating Trial 3/H,50_Step index_50 Magnets Alternating Trial 3,step-index,50,50,Alternating,3,H,image_07.png,7,70.0,585.4037479197093,573.2050674184017,290.1842561502903,288.3044346463491,1001.1356837185016,994.6502995299044,1016.2519420527759,979.2006259410796,-39.95871747001965,1177720.0,0.0,0.067245152955878,185,False,3.0,False,0,False,True,False,True,True
50_Step index_50 Magnets Alternating Trial 3/H,50_Step index_50 Magnets Alternating Trial 3,step-index,50,50,Alternating,3,H,image_08.png,8,80.0,603.5349697010565,571.458134677326,327.9515625072607,325.1131367592345,1131.4328906500493,1121.640321819359,1163.9886223453934,1087.817946453466,-41.30469158015975,1201197.0,0.0,0.0680631266133253,127,False,3.0,False,0,False,True,False,True,True
50_Step index_50 Magnets Alternating Trial 3/H,50_Step index_50 Magnets Alternating Trial 3,step-index,50,50,Alternating,3,H,image_09.png,9,90.0,554.6893760047117,572.111129827691,363.99679276995687,369.46636082702844,1255.7889350563512,1274.6589448532482,1221.5240623148172,1307.5321182633595,-51.340388570559114,1650349.0,0.0,0.06877195528764408,136,False,2.7438972740991545,False,1,False,True,False,True,True
50_Step index_50 Magnets Alternating Trial 3/H,50_Step index_50 Magnets Alternating Trial 3,step-index,50,50,Alternating,3,H,image_10.png,10,100.0,564.3926681318495,570.2008075592023,415.3729050450909,416.13416717467027,1433.0365224055636,1435.6628767526124,1383.2947293016107,1483.6499796516032,-45.75027630617239,1892369.0,0.0,0.06672873451858867,91,False,2.445361292466195,False,0,False,True,False,True,True
50_Step index_50 Magnets Alternating Trial 3/H,50_Step index_50 Magnets Alternating Trial 3,step-index,50,50,Alternating,3,H,image_11.png,11,110.0,644.5112035853011,568.6709782103214,448.8346605714776,459.80344589305884,1548.479578971598,1586.321888331053,1497.70980661628,1634.3412969926694,-53.0468631037054,2079379.0,0.0,0.11099341609163481,94,False,2.2197764850722903,False,1,False,True,False,True,True
50_Step index_50 Magnets Alternating Trial 3/H,50_Step index_50 Magnets Alternating Trial 3,step-index,50,50,Alternating,3,H,image_12.png,12,120.0,674.6151340143128,543.1687709050534,495.82936534163014,475.7552707706151,1710.6113104286242,1641.3556841586221,1800.7894171925677,1541.8809980713188,-37.220373986944224,2230023.0,0.0,0.17894717441574953,98,False,2.2525587775496296,False,2,False,True,False,True,True
50_Step index_50 Magnets Alternating Trial 3/V,50_Step index_50 Magnets Alternating Trial 3,step-index,50,50,Alternating,3,V,image_01.png,1,10.0,927.2896782686817,519.9767514950973,200.8597279536902,198.0924895683074,692.9660614402312,683.4190890106605,699.8927701371292,676.323682745121,33.05089707736401,674538.0,0.0,1.3690032323027874,130,False,3.0,False,1,False,True,False,True,True
50_Step index_50 Magnets Alternating Trial 3/V,50_Step index_50 Magnets Alternating Trial 3,step-index,50,50,Alternating,3,V,image_02.png,2,20.0,965.2363367377591,539.566571042355,182.6429553440404,177.5031935706134,630.1181959369394,612.3860178186163,637.0832137229289,605.1368064025116,28.138196877901514,665800.0,0.0,0.06662496186566333,230,False,3.0,False,0,False,True,False,True,True
50_Step index_50 Magnets Alternating Trial 3/V,50_Step index_50 Magnets Alternating Trial 3,step-index,50,50,Alternating,3,V,image_03.png,3,30.0,1121.9071217557785,533.7491448060757,173.72837776133642,167.70161565578704,599.3629032766107,578.5705740124653,605.7842760532244,571.8436935246835,26.10501932999443,394355.0,0.0,0.06877195528764408,202,False,3.0,False,0,False,True,False,True,True
50_Step index_50 Magnets Alternating Trial 3/V,50_Step index_50 Magnets Alternating Trial 3,step-index,50,50,Alternating,3,V,image_04.png,4,40.0,919.31039522578,532.1404706841918,187.77035588010028,175.7167492647379,647.807727786346,606.2227849633458,649.7527962395674,604.1375844683783,12.125960913504104,394787.0,0.0,0.06883899647780027,112,False,3.0,False,0,False,True,False,True,True
50_Step index_50 Magnets Alternating Trial 3/V,50_Step index_50 Magnets Alternating Trial 3,step-index,50,50,Alternating,3,V,image_05.png,5,50.0,1017.9329328572005,533.3612254367913,199.08507250508558,194.38895636457312,686.8435001425453,670.6418994577773,695.344708068256,661.8234567903061,30.54496500095193,396528.0,0.0,0.06883899647780026,115,False,3.0,False,1,False,True,False,True,True
50_Step index_50 Magnets Alternating Trial 3/V,50_Step index_50 Magnets Alternating Trial 3,step-index,50,50,Alternating,3,V,image_06.png,6,60.0,1133.986884644708,530.2727467935417,236.25556195980116,229.5993855659376,815.081688761314,792.1178802024848,817.2426044737418,789.8882331845747,16.454786583100695,828952.0,0.0,0.06662496186566333,116,False,2.5820608982699134,False,0,False,True,False,True,True
50_Step index_50 Magnets Alternating Trial 3/V,50_Step index_50 Magnets Alternating Trial 3,step-index,50,50,Alternating,3,V,image_07.png,7,70.0,1235.2508895608955,533.0029047859807,273.27021993309233,267.68114683990837,942.7822587691686,923.4999565976839,943.0866272342266,923.1891305782314,7.141942026136027,1048270.0,0.0,0.32054358204746564,106,False,1.6,True,0,False,True,False,True,True
50_Step index_50 Magnets Alternating Trial 3/V,50_Step index_50 Magnets Alternating Trial 3,step-index,50,50,Alternating,3,V,image_08.png,8,80.0,1149.3295848979058,533.6752442601207,309.194831735253,298.6948720136667,1066.7221694866228,1030.4973084471503,1067.7347762167253,1029.4480740904264,-9.44305510939608,1070580.0,0.0,0.06883899647780027,99,False,1.8737080013686873,False,0,False,True,False,True,True
50_Step index_50 Magnets Alternating Trial 3/V,50_Step index_50 Magnets Alternating Trial 3,step-index,50,50,Alternating,3,V,image_09.png,9,90.0,1220.0451608761014,530.1187963474599,351.2003736611426,351.41564332635807,1211.641289130942,1212.3839694759354,1209.869246558862,1214.1523418419163,49.99273145843443,1464077.0,0.0,0.6822797774786523,101,False,1.6,True,0,False,True,False,True,True
50_Step index_50 Magnets Alternating Trial 3/V,50_Step index_50 Magnets Alternating Trial 3,step-index,50,50,Alternating,3,V,image_10.png,10,100.0,923.4559686754062,538.5540423067437,377.28102473257763,377.44149164068295,1301.619535327393,1302.1731461603563,1269.7520524226059,1333.265930973877,-45.249783253651096,1747381.0,0.0,0.06880548420271053,115,False,2.732942920463239,False,2,False,True,False,True,True
50_Step index_50 Magnets Alternating Trial 3/V,50_Step index_50 Magnets Alternating Trial 3,step-index,50,50,Alternating,3,V,image_11.png,11,110.0,986.1174391350471,535.9678562503897,415.78113509800386,410.92194898950794,1434.4449160881134,1417.6807240138025,1448.565702610724,1403.2491787815998,-34.14293644232366,1876819.0,0.0,0.06877195528764408,104,False,2.178457392482498,False,5,False,True,False,True,True
50_Step index_50 Magnets Alternating Trial 3/V,50_Step index_50 Magnets Alternating Trial 3,step-index,50,50,Alternating,3,V,image_12.png,12,120.0,835.0268347166094,519.4623492035723,450.1248104311848,459.197479776057,1552.9305959875876,1584.2313052273967,1549.039736306499,1588.0359441021349,-71.69351061424904,2103581.0,0.0,0.08089336825501592,99,False,2.2624916671454733,False,4,False,True,False,True,True
50_Step index_50 Magnets Normal Trial 2/H,50_Step index_50 Magnets Normal Trial 2,step-index,50,50,Normal,2,H,image_01.png,1,10.0,286.6383653575321,551.6150666813622,213.66819427931188,219.20768860638555,737.155270263626,756.2665256920302,714.9916519557015,777.2540691391655,-53.94494808526744,653256.0,0.0,0.06662496186566333,185,False,2.6830006242239492,False,0,False,True,False,True,True
50_Step index_50 Magnets Normal Trial 2/H,50_Step index_50 Magnets Normal Trial 2,step-index,50,50,Normal,2,H,image_02.png,2,20.0,265.31479489538367,553.8927629561484,186.89601544194315,193.0333352354761,644.7912532747039,665.9650065623925,627.6191445324201,682.1725292633853,-56.42795233854482,847860.0,0.0,0.06662496186566333,201,False,2.8391701585291456,False,0,False,True,False,True,True
50_Step index_50 Magnets Normal Trial 2/H,50_Step index_50 Magnets Normal Trial 2,step-index,50,50,Normal,2,H,image_03.png,3,30.0,367.1967337355485,552.417162005528,171.8056898376127,178.3472126215396,592.7296299397639,615.2978835443116,583.1908999777448,624.346277225857,-61.63515849865755,403764.0,0.0,0.06665957101922729,125,False,3.0,False,0,False,True,False,True,True
50_Step index_50 Magnets Normal Trial 2/H,50_Step index_50 Magnets Normal Trial 2,step-index,50,50,Normal,2,H,image_04.png,4,40.0,360.624635081078,567.3015371631209,169.23919377590886,177.56048501149763,583.8752185268856,612.5836732896669,583.3354757846059,613.0976678164967,-82.35631135605409,405227.0,0.0,0.06877195528764408,208,False,3.0,False,0,False,True,False,True,True
50_Step index_50 Magnets Normal Trial 2/H,50_Step index_50 Magnets Normal Trial 2,step-index,50,50,Normal,2,H,image_05.png,5,50.0,347.5666720907236,567.1348869084127,191.17423993733578,196.21707427888555,659.5511277838085,676.9489062621552,656.7072156215661,679.7081320691934,-69.5758056147554,639128.0,0.0,0.06665957101922729,123,False,3.0,False,0,False,True,False,True,True
50_Step index_50 Magnets Normal Trial 2/H,50_Step index_50 Magnets Normal Trial 2,step-index,50,50,Normal,2,H,image_06.png,6,60.0,335.2142112317048,579.3853156137857,226.82485542510224,223.83061919344362,782.5457512166028,772.2156362173805,788.8466931556961,765.777863523812,-31.697574889941173,638692.0,0.0,0.06665957101922729,102,False,2.9557096871369355,False,0,False,True,False,True,True
50_Step index_50 Magnets Normal Trial 2/H,50_Step index_50 Magnets Normal Trial 2,step-index,50,50,Normal,2,H,image_07.png,7,70.0,285.4604918337114,579.1611948839648,270.3561377301073,264.9003931516344,932.7286751688703,913.9063563731387,943.7224862596117,902.5494327899605,-31.39538168230264,1890761.0,0.0,0.07396690970317954,238,False,2.1117361962503076,False,0,False,True,False,True,True
50_Step index_50 Magnets Normal Trial 2/H,50_Step index_50 Magnets Normal Trial 2,step-index,50,50,Normal,2,H,image_08.png,8,80.0,274.28254789728766,578.6553472110983,315.4199039869779,307.31981087328694,1088.1986687550739,1060.25334751284,1104.4563282554293,1043.3071084628118,-31.398367613235482,2147512.0,0.0,0.10501443041238255,218,False,1.7390746271554114,False,0,False,True,False,True,True
50_Step index_50 Magnets Normal Trial 2/H,50_Step index_50 Magnets Normal Trial 2,step-index,50,50,Normal,2,H,image_09.png,9,90.0,790.9621757445576,568.436370374817,362.9713364503128,353.4260616248418,1252.251110753579,1219.3199126057043,1280.347350126458,1189.7834074673058,-34.332025031950614,3065176.0,0.0,10.967269258194603,203,False,2.88926212966446,False,2,False,True,False,True,True
50_Step index_50 Magnets Normal Trial 2/H,50_Step index_50 Magnets Normal Trial 2,step-index,50,50,Normal,2,H,image_10.png,10,100.0,825.6571846487393,565.7089722378424,397.879139930552,401.2308499005757,1372.6830327604046,1384.2464321569862,1342.4503152481661,1413.5855278184436,-49.679150793333406,3076490.0,0.0,9.78689188639679,154,False,2.5585854476100374,False,3,False,True,False,True,True
50_Step index_50 Magnets Normal Trial 2/H,50_Step index_50 Magnets Normal Trial 2,step-index,50,50,Normal,2,H,image_11.png,11,110.0,711.9505943311386,564.8378847576046,443.16673985009464,448.95030740323585,1528.9252524828266,1548.8785605411638,1485.761169662727,1590.3304592776271,-50.503252302776474,3004554.0,0.0,1.085768702113856,129,False,2.2905079104026003,False,1,False,True,False,True,True
50_Step index_50 Magnets Normal Trial 2/H,50_Step index_50 Magnets Normal Trial 2,step-index,50,50,Normal,2,H,image_12.png,12,120.0,720.6645962560922,569.789542949712,488.46190517975487,500.6117376716407,1685.1935728701544,1727.1104949671605,1647.8237775357868,1762.8002830883247,-55.69606938405312,2888960.0,0.0,0.789348362620715,89,False,2.034362521821372,False,1,False,True,False,True,True
50_Step index_50 Magnets Normal Trial 2/V,50_Step index_50 Magnets Normal Trial 2,step-index,50,50,Normal,2,V,image_01.png,1,10.0,1192.064626273136,514.1455836743964,226.7644645465949,222.0592801497782,782.3374026857524,766.1045165167349,783.3162076537466,765.1036927733272,13.480419775115967,651639.0,0.0,0.06880548420271053,118,False,2.177901852661086,False,0,False,True,False,True,True
50_Step index_50 Magnets Normal Trial 2/V,50_Step index_50 Magnets Normal Trial 2,step-index,50,50,Normal,2,V,image_02.png,2,20.0,1027.6190918209825,517.7063710147647,197.96508440027554,195.51866320821807,682.9795411809506,674.5393880683524,683.2067573739272,674.3092513127584,9.225047923927116,895242.0,0.0,0.06880548420271053,179,False,3.0,False,0,False,True,False,True,True
50_Step index_50 Magnets Normal Trial 2/V,50_Step index_50 Magnets Normal Trial 2,step-index,50,50,Normal,2,V,image_03.png,3,30.0,1012.266753061088,517.4735082820366,180.59103189760066,173.87334979329873,623.0390600467223,599.8630567868806,625.8340790149399,596.9464488420429,18.32192184910678,388914.0,0.0,0.06665957101922729,123,False,3.0,False,0,False,True,False,True,True
50_Step index_50 Magnets Normal Trial 2/V,50_Step index_50 Magnets Normal Trial 2,step-index,50,50,Normal,2,V,image_04.png,4,40.0,935.255981241655,533.5290777062926,177.68503194075578,167.07955181670565,613.0133601956074,576.4244537676345,616.1132165303414,573.1099677167219,15.84002217999198,396197.0,0.0,0.06662496186566333,175,False,3.0,False,0,False,True,False,True,True
50_Step index_50 Magnets Normal Trial 2/V,50_Step index_50 Magnets Normal Trial 2,step-index,50,50,Normal,2,V,image_05.png,5,50.0,1038.3705715842693,526.9363173988072,188.13761672888785,182.4049069188343,649.0747777146631,629.2969288699784,656.2536910744336,621.8068709026205,27.47483460868136,660620.0,0.0,0.06662496186566333,181,False,3.0,False,0,False,True,False,True,True
50_Step index_50 Magnets Normal Trial 2/V,50_Step index_50 Magnets Normal Trial 2,step-index,50,50,Normal,2,V,image_06.png,6,60.0,817.9946051759943,544.0669961518709,214.47218043960092,206.70077819343626,739.9290225166233,713.1176847673552,744.48317658342,708.361906425394,21.033493553518976,671755.0,0.0,0.28630865575028197,170,False,3.0,False,0,False,True,False,True,True
50_Step index_50 Magnets Normal Trial 2/V,50_Step index_50 Magnets Normal Trial 2,step-index,50,50,Normal,2,V,image_07.png,7,70.0,884.7153690719113,541.7680147828903,252.6875788132344,243.9876784800478,871.7721469056588,841.757490756165,871.8553285908118,841.6713345317305,3.035517499782643,1608887.0,0.0,0.07233345575819793,207,False,3.0,False,0,False,True,False,True,True
50_Step index_50 Magnets Normal Trial 2/V,50_Step index_50 Magnets Normal Trial 2,step-index,50,50,Normal,2,V,image_08.png,8,80.0,927.5081276173241,537.9330485471098,300.062233261917,290.4914878114719,1035.2147047536137,1002.1956329495782,1035.4044699134486,1001.9995785051849,-4.357688193547101,2497780.0,0.0,0.07541984215625422,255,True,3.0,False,0,False,True,False,True,True
50_Step index_50 Magnets Normal Trial 2/V,50_Step index_50 Magnets Normal Trial 2,step-index,50,50,Normal,2,V,image_09.png,9,90.0,1000.3797126828186,536.5600385002372,337.45700436552335,326.3599218284218,1164.2266650610557,1125.9417303080554,1166.5795181985613,1123.5037763211558,13.637653727510138,2565179.0,0.0,0.07078761238567577,228,False,2.599565754539221,False,0,False,True,False,True,True
50_Step index_50 Magnets Normal Trial 2/V,50_Step index_50 Magnets Normal Trial 2,step-index,50,50,Normal,2,V,image_10.png,10,100.0,1052.9453160054325,535.9949905689252,366.7683666602786,359.66363233390365,1265.3508649779612,1240.8395315519676,1271.0117430788723,1235.040365137184,-23.5214826671306,2832657.0,0.0,0.07293611571204485,215,False,2.1051534748436236,False,4,False,True,False,True,True
50_Step index_50 Magnets Normal Trial 2/V,50_Step index_50 Magnets Normal Trial 2,step-index,50,50,Normal,2,V,image_11.png,11,110.0,1127.6449670188535,529.0621863129651,407.5784949330132,416.45903866876495,1406.1458075188955,1436.783683407239,1405.4600888236178,1437.4544596724272,81.6285540910807,2662885.0,0.0,0.26020336413265777,162,False,1.6,True,4,False,True,False,True,True
50_Step index_50 Magnets Normal Trial 2/V,50_Step index_50 Magnets Normal Trial 2,step-index,50,50,Normal,2,V,image_12.png,12,120.0,1092.9028231864093,536.6963010198643,446.16426226125543,446.8739804593813,1539.2667048013313,1541.7152325848656,1534.710820102498,1546.250479564832,51.12521873566499,2110771.0,0.0,0.14876931324658932,103,False,1.6,True,5,False,True,False,True,True
50_Step index_50 Magnets Normal Trial 3/H,50_Step index_50 Magnets Normal Trial 3,step-index,50,50,Normal,3,H,image_01.png,1,10.0,278.27270388785826,552.0122397779924,213.53947089787715,218.71783995828517,736.7111745976762,754.5765478560838,710.8552664545906,778.9826130956104,-52.608935836815235,660878.0,0.0,0.06662496186566333,196,False,2.606267727753838,False,0,False,True,False,True,True
50_Step index_50 Magnets Normal Trial 3/H,50_Step index_50 Magnets Normal Trial 3,step-index,50,50,Normal,3,H,image_02.png,2,20.0,257.0267911113239,569.1686122365925,185.24732240208562,190.6441870443706,639.1032622871954,657.7224453030786,621.5497412431184,674.3350162064918,-55.33516957935628,668356.0,0.0,0.06665957101922729,132,False,2.7749582318219805,False,0,False,True,False,True,True
50_Step index_50 Magnets Normal Trial 3/H,50_Step index_50 Magnets Normal Trial 3,step-index,50,50,Normal,3,H,image_03.png,3,30.0,338.8871856423734,562.84985074318,166.28224174330293,176.9806640510687,573.6737340143951,610.583290976187,572.1901396104581,611.973816800927,-79.04945912160362,386582.0,0.0,0.06877195528764408,158,False,3.0,False,0,False,True,False,True,True
50_Step index_50 Magnets Normal Trial 3/H,50_Step index_50 Magnets Normal Trial 3,step-index,50,50,Normal,3,H,image_04.png,4,40.0,337.9428242771533,571.3031993702507,170.331174923847,178.79909186092806,587.6425534872722,616.8568669202018,587.5202160965092,616.9733872814616,-86.35013554437107,377293.0,0.0,0.06877195528764408,190,False,3.0,False,0,False,True,False,True,True
50_Step index_50 Magnets Normal Trial 3/H,50_Step index_50 Magnets Normal Trial 3,step-index,50,50,Normal,3,H,image_05.png,5,50.0,511.4768389246281,570.001722106408,196.42412651312856,198.3193675172523,677.6632364702936,684.2018179345205,672.6900392255093,689.0919393339894,-56.747596370314064,915739.0,0.0,0.06662496186566333,170,False,3.0,False,0,False,True,False,True,True
50_Step index_50 Magnets Normal Trial 3/H,50_Step index_50 Magnets Normal Trial 3,step-index,50,50,Normal,3,H,image_06.png,6,60.0,517.7425663139949,571.4884272449208,226.88823414772992,223.01573300267225,782.7644078096682,769.4042788592193,789.852367725805,762.1261704327152,-30.59461315311245,877492.0,0.0,0.06662496186566333,146,False,3.0,False,0,False,True,False,True,True
50_Step index_50 Magnets Normal Trial 3/H,50_Step index_50 Magnets Normal Trial 3,step-index,50,50,Normal,3,H,image_07.png,7,70.0,550.7645852586472,572.5694239460774,264.2142426417479,256.48225163364253,911.5391371140303,884.8637681360668,925.0212033168277,870.7601621944118,-30.271113684060328,869988.0,0.0,0.06662496186566333,116,False,3.0,False,0,False,True,False,True,True
50_Step index_50 Magnets Normal Trial 3/H,50_Step index_50 Magnets Normal Trial 3,step-index,50,50,Normal,3,H,image_08.png,8,80.0,563.0863406767953,572.8650578369127,295.79099375554483,290.98612990395605,1020.4789284566298,1003.9021481686484,1043.2164287744604,980.2531556984043,-37.364180335541946,909108.0,0.0,0.06665957101922729,110,False,3.0,False,0,False,True,False,True,True
50_Step index_50 Magnets Normal Trial 3/H,50_Step index_50 Magnets Normal Trial 3,step-index,50,50,Normal,3,H,image_09.png,9,90.0,457.4588016449076,573.6487552606235,349.8492259049357,338.3249165444324,1206.9798293720282,1167.220962078292,1227.8307473795153,1145.2671036118015,-30.599205222064864,1288583.0,0.0,0.06662496186566333,102,False,2.6151768691877146,False,0,False,True,False,True,True
50_Step index_50 Magnets Normal Trial 3/H,50_Step index_50 Magnets Normal Trial 3,step-index,50,50,Normal,3,H,image_10.png,10,100.0,460.3414619025573,573.674524883944,395.90861699310307,383.50788076406593,1365.8847286262057,1323.1021886360274,1395.6295031978207,1291.6883460307038,-32.83916279659145,1758202.0,0.0,0.06880548420271053,102,False,2.3254935212010133,False,0,False,True,False,True,True
50_Step index_50 Magnets Normal Trial 3/H,50_Step index_50 Magnets Normal Trial 3,step-index,50,50,Normal,3,H,image_11.png,11,110.0,677.1674718937136,567.0749623627856,438.00856234490425,433.4044874918391,1511.1295400899198,1495.245481846845,1559.2025057984813,1445.0463950432572,-40.998013295323716,2826325.0,0.0,0.3656974208077492,115,False,2.3623521885617302,False,0,False,True,False,True,False
50_Step index_50 Magnets Normal Trial 3/H,50_Step index_50 Magnets Normal Trial 3,step-index,50,50,Normal,3,H,image_12.png,12,120.0,695.9031011439164,564.3105328932495,479.15358075909285,475.217870928871,1653.0798536188704,1639.501654704605,1707.8632688669888,1582.3532263924792,-41.89243354717059,2764625.0,0.0,0.3731557820062746,88,False,2.166119917053696,False,0,False,True,False,True,True
50_Step index_50 Magnets Normal Trial 3/V,50_Step index_50 Magnets Normal Trial 3,step-index,50,50,Normal,3,V,image_01.png,1,10.0,1190.8446300202447,514.288284479519,226.8642506232127,221.98044110758838,782.6816646500839,765.83252182118,784.3046393662697,764.1703163084524,16.595096801375494,659928.0,0.0,0.06662496186566333,110,False,2.1876992015979098,False,0,False,True,False,True,True
50_Step index_50 Magnets Normal Trial 3/V,50_Step index_50 Magnets Normal Trial 3,step-index,50,50,Normal,3,V,image_02.png,2,20.0,920.7839182366704,536.2422158963327,193.96396602106674,193.66319452874524,669.1756827726803,668.1380211241711,672.2448179420708,665.0499337914698,40.85382176809144,690285.0,0.0,1.2605574063813056,149,False,3.0,False,1,False,True,False,True,True
50_Step index_50 Magnets Normal Trial 3/V,50_Step index_50 Magnets Normal Trial 3,step-index,50,50,Normal,3,V,image_03.png,3,30.0,1042.125322997416,527.0203694540656,181.24779950816662,175.75772916103415,625.3049083031749,606.3641656055678,628.3152031215142,603.244341212538,20.46303478170647,691182.0,0.0,0.06662496186566333,218,False,3.0,False,0,False,True,False,True,True
50_Step index_50 Magnets Normal Trial 3/V,50_Step index_50 Magnets Normal Trial 3,step-index,50,50,Normal,3,V,image_04.png,4,40.0,1070.7919033483272,535.7994296306858,171.23100736647936,171.11311713714284,590.7469754143539,590.3402541231428,602.1637650696767,578.6902493013816,44.503500394277,385715.0,0.0,0.06665957101922729,180,False,3.0,False,0,False,True,False,True,True
50_Step index_50 Magnets Normal Trial 3/V,50_Step index_50 Magnets Normal Trial 3,step-index,50,50,Normal,3,V,image_05.png,5,50.0,1196.8479867011451,530.6856351258641,185.35154812111952,181.40333953716117,639.4628410178624,625.8415214032061,648.1496555960782,616.8406268280332,32.1019933661898,378980.0,0.0,0.06662496186566333,104,False,2.6128944241740952,False,0,False,True,False,True,True
50_Step index_50 Magnets Normal Trial 3/V,50_Step index_50 Magnets Normal Trial 3,step-index,50,50,Normal,3,V,image_06.png,6,60.0,1061.796451000912,536.9175757036902,220.27022144061368,202.75462418676125,759.9322639701172,699.5034534443264,761.1231960280787,698.2074245317717,8.074591530134537,832291.0,0.0,0.06662496186566333,211,False,3.0,False,1,False,True,False,True,True
50_Step index_50 Magnets Normal Trial 3/V,50_Step index_50 Magnets Normal Trial 3,step-index,50,50,Normal,3,V,image_07.png,7,70.0,1151.5914333908368,535.7848147939754,246.32286479079377,240.47407836153178,849.8138835282385,829.6355703472847,852.4634690129454,826.912843183141,18.91785287738337,835313.0,0.0,0.06877195528764408,110,False,2.3335922700741913,False,0,False,True,False,True,True
50_Step index_50 Magnets Normal Trial 3/V,50_Step index_50 Magnets Normal Trial 3,step-index,50,50,Normal,3,V,image_08.png,8,80.0,1113.8247336995819,535.6522714114978,275.60317179387044,268.7259917787018,950.830942688853,927.1046716365213,953.0404773855897,924.8331753400081,16.368216787167377,804918.0,0.0,0.06880548420271053,103,False,2.359735297557633,False,0,False,True,False,True,True
50_Step index_50 Magnets Normal Trial 3/V,50_Step index_50 Magnets Normal Trial 3,step-index,50,50,Normal,3,V,image_09.png,9,90.0,1203.3296630400705,528.632079621383,321.8191746611305,313.7672904840588,1110.2761525809003,1082.497152170003,1110.5321548121499,1082.2345182881095,-5.492805134212865,1266293.0,0.0,0.22370220747303657,100,False,1.6,True,0,False,True,False,True,False
50_Step index_50 Magnets Normal Trial 3/V,50_Step index_50 Magnets Normal Trial 3,step-index,50,50,Normal,3,V,image_10.png,10,100.0,791.5246590147659,539.4610849098118,356.3647791751497,342.668570604774,1229.4584881542664,1182.2065685864704,1230.3456671918384,1181.283236199448,7.805359230670516,1704326.0,0.0,0.2734035838851193,129,False,3.0,False,2,False,True,False,True,False
50_Step index_50 Magnets Normal Trial 3/V,50_Step index_50 Magnets Normal Trial 3,step-index,50,50,Normal,3,V,image_11.png,11,110.0,845.8732181301966,539.5250517934461,378.4289353114492,376.3157668785774,1305.5798268244998,1298.289395731092,1308.2981253813412,1295.5500972183843,-27.558881717308008,1626171.0,0.0,0.08029473670981951,102,False,2.867238222994403,False,6,False,True,False,True,False
50_Step index_50 Magnets Normal Trial 3/V,50_Step index_50 Magnets Normal Trial 3,step-index,50,50,Normal,3,V,image_12.png,12,120.0,1124.6329218338954,527.9652945625372,434.02160987565634,435.5886821121757,1497.3745540710145,1502.7809532870062,1478.8833161454215,1520.9816849549154,-48.68959603376864,2377322.0,0.0,0.29849167186998293,129,False,1.6,True,5,False,True,False,True,True
50_Step index_50 Magnets Normal/H,50_Step index_50 Magnets Normal,step-index,50,50,Normal,1,H,image_01.png,1,10.0,289.29803648453714,545.788990526389,228.37708792219135,219.38480133675495,787.9009533315602,756.8775646118046,789.7807009092714,754.9158923646647,-13.571745859280846,705011.0,0.0,0.06665957101922729,107,False,2.53351191327128,False,0,False,True,False,True,True
50_Step index_50 Magnets Normal/H,50_Step index_50 Magnets Normal,step-index,50,50,Normal,1,H,image_02.png,2,20.0,364.3206101999527,541.3520520339555,203.3936402885953,192.33639871765487,701.7080589956538,663.5605755759093,711.9685939844546,652.5393158253984,-25.019912335723472,752278.0,0.0,0.06662496186566333,124,False,3.0,False,0,False,True,False,True,True
50_Step index_50 Magnets Normal/H,50_Step index_50 Magnets Normal,step-index,50,50,Normal,1,H,image_03.png,3,30.0,370.3640711741076,563.9051156220698,188.42512938722976,179.37636290643866,650.0666963859427,618.8484520272134,665.6119979842537,602.0969892517496,-30.26468429032164,739089.0,0.0,0.06665957101922729,138,False,3.0,False,0,False,True,False,True,True
50_Step index_50 Magnets Normal/H,50_Step index_50 Magnets Normal,step-index,50,50,Normal,1,H,image_04.png,4,40.0,387.2672516991041,547.0035030230813,185.3274210237892,181.04199099815162,639.3796025320728,624.5948689436232,656.0495291419638,607.0618104916343,-36.21078163595269,725088.0,0.0,0.06665957101922729,187,False,3.0,False,0,False,True,False,True,True
50_Step index_50 Magnets Normal/H,50_Step index_50 Magnets Normal,step-index,50,50,Normal,1,H,image_05.png,5,50.0,382.4136165413114,551.1737370945497,198.42689020888258,197.92405467021857,684.572771220645,682.8379886122541,701.2231517970312,665.7279393059753,-43.59884204609613,716364.0,0.0,0.06665957101922729,119,False,3.0,False,0,False,True,False,True,True
50_Step index_50 Magnets Normal/H,50_Step index_50 Magnets Normal,step-index,50,50,Normal,1,H,image_06.png,6,60.0,585.0242637195507,558.2019840652598,217.07776554973228,218.72027607119736,748.9182911465764,754.584952445631,734.1153819913775,768.9939292315236,-49.67633591652211,752193.0,0.0,0.07252178244172877,156,False,3.0,False,0,False,True,False,True,True
50_Step index_50 Magnets Normal/H,50_Step index_50 Magnets Normal,step-index,50,50,Normal,1,H,image_07.png,7,70.0,598.1224562874902,555.9087421230329,253.63391798954117,258.782396466381,875.0370170639171,892.7992678090145,868.7761033422069,898.8928724236061,-63.072658855608935,1583414.0,0.0,0.11559643123887481,160,False,3.0,False,0,False,True,False,True,True
50_Step index_50 Magnets Normal/H,50_Step index_50 Magnets Normal,step-index,50,50,Normal,1,H,image_08.png,8,80.0,283.70595468342424,571.1166665223453,290.1580597670778,285.91703023451925,1001.0453061964186,986.4137543090915,1001.3606259759304,986.0936550313725,8.294059127176407,1963211.0,0.0,0.07286947564754237,189,False,1.9554617985502625,False,0,False,True,False,True,True
50_Step index_50 Magnets Normal/H,50_Step index_50 Magnets Normal,step-index,50,50,Normal,1,H,image_09.png,9,90.0,629.1558169188552,559.6911979261184,316.6066648765622,326.7207892971551,1092.2929938241396,1127.186723075185,1091.8131060006374,1127.6515572638193,-83.4084271975413,2088451.0,0.0,0.11614110097755702,219,False,3.0,False,1,False,True,False,False,True
50_Step index_50 Magnets Normal/H,50_Step index_50 Magnets Normal,step-index,50,50,Normal,1,H,image_10.png,10,100.0,374.2845420768083,565.4500852222768,367.4609343893421,369.27923168583214,1267.7402236432304,1274.0133493161209,1267.4937580429576,1274.2585539052934,79.01039696161644,2661276.0,0.0,0.07462205030917946,215,False,2.037385663846513,False,1,False,True,False,True,True
50_Step index_50 Magnets Normal/H,50_Step index_50 Magnets Normal,step-index,50,50,Normal,1,H,image_11.png,11,110.0,374.30119691610327,562.6873058690873,408.4824499121605,410.58032432198496,1409.264452196954,1416.5021189108481,1406.4926447660578,1419.2543779477603,62.27558929578891,3108405.0,0.0,0.086161120342791,196,False,1.832255224423421,False,1,False,True,False,True,True
50_Step index_50 Magnets Normal/H,50_Step index_50 Magnets Normal,step-index,50,50,Normal,1,H,image_12.png,12,120.0,630.3636494897673,553.1071412179288,450.66284433836637,449.50000979890365,1554.786812967364,1550.7750338062176,1568.5967457218012,1536.8049611336062,41.375094834701414,3137392.0,0.0,0.08831493695141746,145,False,2.339903632947165,False,0,False,True,False,True,True
50_Step index_50 Magnets Normal/V,50_Step index_50 Magnets Normal,step-index,50,50,Normal,1,V,image_01.png,1,10.0,1116.2238201937441,515.5275822386346,234.19117067852096,220.574283822256,807.9595388408974,760.9812791867832,822.3308816099042,745.4280950081145,26.156807220328954,623916.0,0.0,0.06665957101922729,88,False,2.7565187779802116,False,0,False,True,False,True,True
50_Step index_50 Magnets Normal/V,50_Step index_50 Magnets Normal,step-index,50,50,Normal,1,V,image_02.png,2,20.0,995.3026534635662,516.507926034382,203.91573604637225,191.83553136221468,703.5092893599843,661.8325831996407,712.3873555831766,652.2667736484116,23.043393780924724,622884.0,0.0,0.06665957101922729,120,False,3.0,False,0,False,True,False,True,True
50_Step index_50 Magnets Normal/V,50_Step index_50 Magnets Normal,step-index,50,50,Normal,1,V,image_03.png,3,30.0,1077.6436956103732,537.3560888469864,186.58708913099738,177.32288904713357,643.725457501941,611.7639672126109,647.9904397896763,607.2446015873485,19.159531038144113,644884.0,0.0,0.06662496186566333,152,False,3.0,False,0,False,True,False,True,True
50_Step index_50 Magnets Normal/V,50_Step index_50 Magnets Normal,step-index,50,50,Normal,1,V,image_04.png,4,40.0,1217.7475978022392,517.3514450807744,181.1889292927312,177.29662868678628,625.1018060599226,611.6733689694126,627.3299602866432,609.3879709778714,20.770947962556132,584777.0,0.0,0.06662496186566333,225,False,2.4422287063720387,False,0,False,True,False,True,True
50_Step index_50 Magnets Normal/V,50_Step index_50 Magnets Normal,step-index,50,50,Normal,1,V,image_05.png,5,50.0,1021.1190096092602,525.1570560559085,187.13294793575375,191.04651488721032,645.6086703783504,659.1104763608756,642.1592271323002,662.4716615261433,65.83162848726954,617009.0,0.0,0.06880548420271053,115,False,3.0,False,0,False,True,False,True,True
50_Step index_50 Magnets Normal/V,50_Step index_50 Magnets Normal,step-index,50,50,Normal,1,V,image_06.png,6,60.0,1119.3528943729946,536.4758351159576,205.80580586426305,211.29072243107302,710.0300302317075,728.952992387202,710.0086774282645,728.9737902816964,-88.08981617555281,613328.0,0.0,0.06669416189406041,110,False,3.0,False,0,False,True,False,True,True
50_Step index_50 Magnets Normal/V,50_Step index_50 Magnets Normal,step-index,50,50,Normal,1,V,image_07.png,7,70.0,974.2957470150207,534.6502137763651,241.1568564782795,246.92241120507734,831.9911548500644,851.8823186575169,831.9610117903998,851.9117568450065,87.78557667339979,1330830.0,0.0,0.06877195528764408,218,False,3.0,False,0,False,True,False,True,True
50_Step index_50 Magnets Normal/V,50_Step index_50 Magnets Normal,step-index,50,50,Normal,1,V,image_08.png,8,80.0,1036.8690078625814,541.3154630396505,274.06812171211976,283.0970639912139,945.5350199068132,976.6848707696879,944.8591385272724,977.3387432216532,81.77525960949843,1801444.0,0.0,0.06880548420271053,140,False,2.9345398001272027,False,0,False,True,False,True,True
50_Step index_50 Magnets Normal/V,50_Step index_50 Magnets Normal,step-index,50,50,Normal,1,V,image_09.png,9,90.0,960.8143254432875,539.6606281881751,317.25103693964206,325.0096346540282,1094.5160774417652,1121.2832395563973,1094.4883513470843,1121.310303107101,88.1687235389751,2310295.0,0.0,0.06883899647780026,139,False,3.0,False,0,False,True,False,True,True
50_Step index_50 Magnets Normal/V,50_Step index_50 Magnets Normal,step-index,50,50,Normal,1,V,image_10.png,10,100.0,1023.1076835271396,539.3417048363167,354.71016254812093,365.2166679055702,1223.7500607910172,1259.9975042742174,1219.3460920238563,1264.2598743650076,71.90634071058197,2349598.0,0.0,0.06883899647780027,141,False,2.3449603496795612,False,0,False,True,False,True,True
50_Step index_50 Magnets Normal/V,50_Step index_50 Magnets Normal,step-index,50,50,Normal,1,V,image_11.png,11,110.0,892.1492109272695,538.0303693210622,403.02999392834926,411.5695605412378,1390.453479052805,1419.9149838672706,1384.038800994245,1426.168305693004,67.18736968110954,2820906.0,0.0,0.06996868306086773,144,False,2.6145294545763833,False,0,False,True,False,True,True
50_Step index_50 Magnets Normal/V,50_Step index_50 Magnets Normal,step-index,50,50,Normal,1,V,image_12.png,12,120.0,898.4182373992159,534.4841269954787,434.9766907064915,447.5140685526783,1500.669582937396,1543.9235365067402,1494.9733528260608,1549.439820732959,71.28922275812876,2796572.0,0.0,0.06937294948362469,131,False,2.3886725202761467,False,0,False,True,False,False,False
Alternating Config 0 Magnets Horizontal LP_1,Alternating Config 0 Magnets Horizontal LP_1,legacy,,0,Baseline,1,-,data_image00.png,0,0.0,605.5979586420985,674.4898397908454,522.7749114239813,519.3708520938692,1803.5734444127354,1791.8294397238487,1813.299846739754,1781.9858518701783,33.98622567822544,6236535.0,1.0,0.13048757455755935,200,False,1.6,True,0,False,True,False,True,True
Alternating Config 0 Magnets Horizontal LP_1,Alternating Config 0 Magnets Horizontal LP_1,legacy,,0,Baseline,1,-,data_image01.png,1,10.0,608.845241533958,690.5038962184015,511.68231714551445,505.8333182564137,1765.3039941520249,1745.1249479846274,1772.3869921203154,1737.9308461530175,27.075084225740024,6079228.0,1.0,0.12220162813025755,192,False,1.6,True,0,False,True,False,True,True
Alternating Config 0 Magnets Horizontal LP_1,Alternating Config 0 Magnets Horizontal LP_1,legacy,,0,Baseline,1,-,data_image02.png,2,20.0,610.1915173527638,698.8360937957677,505.21115440267835,497.4107634228241,1742.9784826892403,1716.0671338087434,1745.042430439705,1713.968294578791,14.998839662177584,5926664.0,1.0,0.12246043836791654,213,False,1.6,True,0,False,True,False,True,True
Alternating Config 0 Magnets Horizontal LP_1,Alternating Config 0 Magnets Horizontal LP_1,legacy,,0,Baseline,1,-,data_image03.png,3,30.0,641.4206421521054,687.3911199111211,497.96941257347015,489.10453180360565,1717.994473378472,1687.4106347224397,1721.2322723588081,1684.1078128563784,17.26473112727786,5765145.0,1.0,0.09071861171465541,168,False,1.6014748229398696,False,0,False,True,False,True,True
Alternating Config 0 Magnets Horizontal LP_1,Alternating Config 0 Magnets Horizontal LP_1,legacy,,0,Baseline,1,-,data_image04.png,4,40.0,645.8638019709689,684.7854446441441,490.089362162642,479.5129698831511,1690.808299461115,1654.3197460968713,1694.000723763194,1651.050597571855,15.91721638121669,5926121.0,1.0,0.08905086853043974,171,False,1.6443286331917495,False,0,False,True,False,True,True
Alternating Config 0 Magnets Horizontal LP_1,Alternating Config 0 Magnets Horizontal LP_1,legacy,,0,Baseline,1,-,data_image05.png,5,50.0,653.5458089399046,690.3563787076372,484.1672151719464,471.49353807834405,1670.376892343215,1626.652706370287,1671.6870147678742,1625.3062832193905,9.742104258619785,5640351.0,1.0,0.0800679385771223,148,False,1.648650113626003,False,0,False,True,False,True,True
Alternating Config 0 Magnets Horizontal LP_1,Alternating Config 0 Magnets Horizontal LP_1,legacy,,0,Baseline,1,-,data_image06.png,6,60.0,662.1616070232802,696.990337542407,478.7614424310741,463.35111192272745,1651.7269763872057,1598.56133613341,1653.407247716885,1596.8233537568046,10.007226288392976,5764372.0,1.0,0.08818025470213271,175,False,1.6489492787385331,False,0,False,True,False,True,True
Alternating Config 0 Magnets Horizontal LP_1,Alternating Config 0 Magnets Horizontal LP_1,legacy,,0,Baseline,1,-,data_image07.png,7,70.0,661.6099165521898,700.2302972886255,474.7325624608543,459.8778371550021,1637.8273404899473,1586.5785381847575,1640.6229581339762,1583.6875210497105,12.911237372484361,5924781.0,1.0,0.08829363861598784,203,False,1.647225343432433,False,0,False,True,False,True,True
Alternating Config 0 Magnets Horizontal LP_1,Alternating Config 0 Magnets Horizontal LP_1,legacy,,0,Baseline,1,-,data_image08.png,8,80.0,668.8599702808704,701.2290946893899,470.6262772437143,454.40554958337617,1623.6606564908145,1567.699146062648,1624.5263850936672,1566.8020181682944,7.0970821897201875,5788864.0,1.0,0.09179367085820576,161,False,1.6626702166869756,False,0,False,True,False,True,True
Alternating Config 0 Magnets Horizontal LP_1,Alternating Config 0 Magnets Horizontal LP_1,legacy,,0,Baseline,1,-,data_image09.png,9,90.0,680.6510164160851,700.8585495127564,469.1260977200017,451.43579132044874,1618.485037134006,1557.4534800555482,1619.2414539916306,1556.6670394271455,6.373632100384202,5878990.0,1.0,0.08444505502942634,184,False,1.6752294182121534,False,0,False,True,False,True,True
Alternating Config 0 Magnets Horizontal LP_1,Alternating Config 0 Magnets Horizontal LP_1,legacy,,0,Baseline,1,-,data_image10.png,10,100.0,700.8648062011121,699.9847908919929,468.65831718509787,449.9231402632222,1616.8711942885877,1552.2348339081166,1618.435206105264,1550.6040507353819,8.825527862332036,5659372.0,1.0,0.07657922692124225,204,False,1.6847594221364244,False,0,False,True,False,True,True
Alternating Config 0 Magnets Horizontal LP_1,Alternating Config 0 Magnets Horizontal LP_1,legacy,,0,Baseline,1,-,data_image11.png,11,110.0,708.6949734163081,698.0088439131655,470.1533265791505,451.81331276706754,1622.0289766980693,1558.755929046383,1623.7313120990357,1556.9825540752158,9.283709172990033,5909262.0,1.0,0.0760984256756962,213,False,1.6864825289004248,False,0,False,True,False,True,True
Alternating Config 0 Magnets Horizontal LP_1,Alternating Config 0 Magnets Horizontal LP_1,legacy,,0,Baseline,1,-,data_image12.png,12,120.0,724.3962620144376,696.5700026507438,471.1383950612637,454.97795520101977,1625.4274629613599,1569.6739454435183,1626.493118995492,1568.5696880322341,7.86500587225707,5953046.0,1.0,0.07486188296758159,246,False,1.6810907914677378,False,0,False,True,False,True,True
Alternating Config 0 Magnets Horizontal LP_1,Alternating Config 0 Magnets Horizontal LP_1,legacy,,0,Baseline,1,-,data_image13.png,13,130.0,749.5083051660532,696.9101584754433,472.9589835814903,457.7135378157009,1631.7084933561416,1579.1117054641682,1632.7617984271028,1578.0225902127058,8.040399182325965,5888925.0,1.0,0.06561980292441505,182,False,1.6695637928562166,False,0,False,True,False,True,True
Alternating Config 0 Magnets Horizontal LP_1,Alternating Config 0 Magnets Horizontal LP_1,legacy,,0,Baseline,1,-,data_image14.png,14,140.0,754.1078516273484,688.0634737391917,476.1210968935363,460.05930387361514,1642.6177842827003,1587.2045983639723,1644.1139596964092,1585.6547259226836,9.287251505333764,6011620.0,1.0,0.05556498234824777,193,False,1.6995049014465984,False,0,False,True,False,True,True
Alternating Config 0 Magnets Horizontal LP_1,Alternating Config 0 Magnets Horizontal LP_1,legacy,,0,Baseline,1,-,data_image15.png,15,150.0,771.6060856957565,681.0800125573653,482.6061075305109,464.6968523583911,1664.9910709802625,1603.2041406364492,1665.7355075599685,1602.430654303578,6.285020871477241,6052225.0,1.0,0.05698909160631055,191,False,1.712591183842959,False,0,False,True,False,True,True
Alternating Config 0 Magnets Horizontal LP_1,Alternating Config 0 Magnets Horizontal LP_1,legacy,,0,Baseline,1,-,data_image16.png,16,160.0,783.1130500383672,679.967325226471,488.21023039390786,470.1295958840845,1684.3252948589823,1621.9471058000915,1684.9080316776947,1621.34173994969,5.546533804135752,6109392.0,1.0,0.058889060668389025,209,False,1.6975311690904449,False,0,False,True,False,True,True
Alternating Config 0 Magnets Horizontal LP_1,Alternating Config 0 Magnets Horizontal LP_1,legacy,,0,Baseline,1,-,data_image17.png,17,170.0,792.0691453929988,680.1110980669657,494.77750314458865,475.85511461220574,1706.982385848831,1641.7001454121098,1707.0861652758479,1641.5922323671343,2.3035313826849446,6167092.0,1.0,0.06207180442748212,192,False,1.6764908377080596,False,0,False,True,False,True,True
Alternating Config 0 Magnets Horizontal LP_1,Alternating Config 0 Magnets Horizontal LP_1,legacy,,0,Baseline,1,-,data_image18.png,18,180.0,823.6774622621799,664.4096585641347,503.93367051399787,482.1822625535269,1738.5711632732928,1663.528805809668,1738.6284795179088,1663.4689019435366,-1.5998055782687368,6126480.0,1.0,0.05564648895346568,221,False,1.7196186949475507,False,0,False,True,False,True,True
Alternating Config 0 Magnets Horizontal LP_1,Alternating Config 0 Magnets Horizontal LP_1,legacy,,0,Baseline,1,-,data_image19.png,19,190.0,812.0062508155927,672.8984769620027,512.7608223214704,488.63571809381614,1769.024837009073,1685.7932274236657,1769.1460110879711,1685.6660615418455,2.209638620931788,6184153.0,1.0,0.06935076121108537,248,False,1.6620374915461171,False,0,False,True,False,True,True
Alternating Config 0 Magnets Horizontal LP_1,Alternating Config 0 Magnets Horizontal LP_1,legacy,,0,Baseline,1,-,data_image20.png,20,200.0,816.4701762832934,667.1549652008787,519.3815612349875,497.29665946343795,1791.866386260707,1715.673475148861,1791.8692699996932,1715.6704633382083,-0.35628374186215367,5973283.0,1.0,0.07750034359398761,216,False,1.656228566586687,False,0,False,True,False,True,True
Alternating Config 0 Magnets Horizontal LP_1,Alternating Config 0 Magnets Horizontal LP_1,legacy,,0,Baseline,1,-,data_image21.png,21,210.0,828.2906050779179,665.1939122374548,527.8573980438779,506.21189593238023,1821.1080232513789,1746.4310409667119,1821.200050317003,1746.3350737839412,-2.0301875711695128,6189269.0,1.0,0.07944807045394058,162,False,1.6348139408706106,False,0,False,True,False,True,True
Alternating Config 0 Magnets Horizontal LP_1,Alternating Config 0 Magnets Horizontal LP_1,legacy,,0,Baseline,1,-,data_image22.png,22,220.0,841.9297257115035,654.162890387349,535.2610123603516,515.9417111884836,1846.6504926432133,1779.9989036002687,1846.7887075183323,1779.8555021631244,-2.6284187262906076,6296983.0,1.0,0.07363619408574855,169,False,1.6466683313946413,False,0,False,True,False,True,True
Alternating Config 0 Magnets Horizontal LP_1,Alternating Config 0 Magnets Horizontal LP_1,legacy,,0,Baseline,1,-,data_image23.png,23,230.0,852.5571585051475,639.0131421068893,548.8069150682522,526.0090333283885,1893.3838569854704,1814.7311649829403,1894.6120633407181,1813.4488579767954,-7.142255268560397,6314817.0,1.0,0.06997286109229436,181,False,1.6727023800247616,False,0,False,True,False,True,True
Alternating Config 0 Magnets Horizontal LP_1,Alternating Config 0 Magnets Horizontal LP_1,legacy,,0,Baseline,1,-,data_image24.png,24,240.0,828.2036013530237,646.8779738184961,556.4038730246657,536.8515560318932,1919.5933619350967,1852.1378683100318,1919.6742186063723,1852.054063150245,-1.9993305914160642,6427973.0,1.0,0.0950665507987687,180,False,1.6096362357672223,False,0,False,True,False,False,True
Alternating Config 0 Magnets Horizontal LP_1,Alternating Config 0 Magnets Horizontal LP_1,legacy,,0,Baseline,1,-,data_image25.png,25,250.0,843.6746799357901,638.8188695464004,572.7355716552046,543.4380318495334,1975.9377222104558,1874.8612098808906,1988.0136911591057,1862.0515573244018,18.31099387246042,6012153.0,1.0,0.07639478517238232,182,False,1.6188430354353478,False,1,False,True,False,True,True
Alternating Config 0 Magnets Horizontal LP_1,Alternating Config 0 Magnets Horizontal LP_1,legacy,,0,Baseline,1,-,data_image26.png,26,260.0,872.2211298385032,610.9523035096414,586.9323726246118,564.3375345803029,2024.916685554911,1946.964494302045,2025.6536723542229,1946.197709686597,-5.581332622321674,6434247.0,1.0,0.08444581797710275,164,False,1.6583371132463034,False,0,False,True,False,True,True
Alternating Config 0 Magnets Horizontal LP_1,Alternating Config 0 Magnets Horizontal LP_1,legacy,,0,Baseline,1,-,data_image27.png,27,270.0,866.7907350108962,613.3742158562303,599.8002735758872,569.9341457184229,2069.310943836811,1966.272802728559,2069.3235471978146,1966.2595388314007,0.6416478946730412,6394395.0,1.0,0.08769417307579977,163,False,1.633281749159939,False,1,False,True,False,True,True
Alternating Config 0 Magnets Horizontal LP_1,Alternating Config 0 Magnets Horizontal LP_1,legacy,,0,Baseline,1,-,data_image28.png,28,280.0,915.7180887099988,606.2626477046371,604.7606467977156,584.3602398324381,2086.424231452119,2016.0428274219114,2090.596113899477,2011.716342862061,-13.4184411900404,6122692.0,1.0,0.07375350834472516,153,False,1.616867489366279,False,1,False,True,False,False,True
Alternating Config 25 Magnets Horizontal LP_1,Alternating Config 25 Magnets Horizontal LP_1,legacy,,25,Alternating,1,-,data_image01.png,1,10.0,606.3762354217042,671.577854630194,522.7092466676386,516.0574755073633,1803.3469010033532,1780.3982905004034,1811.1338921538518,1772.4762742747216,26.791423074003312,6569012.0,1.0,0.12553065472501349,195,False,1.6,True,0,False,True,False,True,True
Alternating Config 25 Magnets Horizontal LP_1,Alternating Config 25 Magnets Horizontal LP_1,legacy,,25,Alternating,1,-,data_image02.png,2,20.0,625.8432106779655,676.3113248024506,511.5806617462672,502.50124906175165,1764.953283024622,1733.6293092630433,1770.4495261700506,1728.0159572409896,21.21028377137448,6651754.0,1.0,0.10650260037846171,209,False,1.6027834636738736,False,0,False,True,False,True,True
Alternating Config 25 Magnets Horizontal LP_1,Alternating Config 25 Magnets Horizontal LP_1,legacy,,25,Alternating,1,-,data_image03.png,3,30.0,626.2191799027281,690.2366347014292,505.1039884087796,495.75868249780035,1742.6087600102899,1710.3674546174113,1752.084928199451,1700.6588501681833,25.585916152866492,6576415.0,1.0,0.10851328020713615,202,False,1.6,True,0,False,True,False,True,True
Alternating Config 25 Magnets Horizontal LP_1,Alternating Config 25 Magnets Horizontal LP_1,legacy,,25,Alternating,1,-,data_image04.png,4,40.0,643.7056340001707,682.4542151520959,499.6709976890958,486.9388630990548,1723.8649420273807,1679.9390776917392,1726.273031711343,1677.4644744652464,12.922284336039544,6208910.0,1.0,0.09535023594345268,184,False,1.6287395092178645,False,0,False,True,False,True,True
Alternating Config 25 Magnets Horizontal LP_1,Alternating Config 25 Magnets Horizontal LP_1,legacy,,25,Alternating,1,-,data_image05.png,5,50.0,647.6874557727019,680.5333910346778,488.6669352764227,479.4219376567625,1685.9009267036583,1654.0056849158307,1692.3906931087204,1647.364708336659,22.447307364883407,6517468.0,1.0,0.08670220288875499,191,False,1.6623144963207537,False,0,False,True,False,True,True
Alternating Config 25 Magnets Horizontal LP_1,Alternating Config 25 Magnets Horizontal LP_1,legacy,,25,Alternating,1,-,data_image06.png,6,60.0,654.5824560152249,687.4147877898389,485.09250052443394,468.68289785831234,1673.5691268092971,1616.9559976111777,1675.3392526392875,1615.1218867274465,9.96039929164086,6113138.0,1.0,0.08217182354093498,171,False,1.6710249300540747,False,0,False,True,False,True,True
Alternating Config 25 Magnets Horizontal LP_1,Alternating Config 25 Magnets Horizontal LP_1,legacy,,25,Alternating,1,-,data_image07.png,7,70.0,665.2512756683369,691.3015858952197,480.45708569994804,462.66731296542264,1657.5769456648209,1596.2022297307083,1658.8706645218901,1594.857676216127,8.251956288321947,6106015.0,1.0,0.08522106451373107,163,False,1.6759390066554969,False,0,False,True,False,True,True
Alternating Config 25 Magnets Horizontal LP_1,Alternating Config 25 Magnets Horizontal LP_1,legacy,,25,Alternating,1,-,data_image08.png,8,80.0,673.3289184802677,694.804998888415,473.69908404873263,456.31699597657797,1634.2618399681276,1574.2936361191942,1635.5077663392285,1572.9992245851467,8.193841798209405,6288318.0,1.0,0.09099834346269632,183,False,1.6838311418954204,False,0,False,True,False,True,True
Alternating Config 25 Magnets Horizontal LP_1,Alternating Config 25 Magnets Horizontal LP_1,legacy,,25,Alternating,1,-,data_image09.png,9,90.0,685.7061666222953,694.9854546570426,470.73993742943594,452.47930116041,1624.052784131554,1561.0535890034146,1624.3418153492532,1560.752837669625,3.9040324244087743,6028665.0,1.0,0.08683239238507796,194,False,1.6973068098860369,False,0,False,True,False,True,True
Alternating Config 25 Magnets Horizontal LP_1,Alternating Config 25 Magnets Horizontal LP_1,legacy,,25,Alternating,1,-,data_image10.png,10,100.0,697.7616509348923,696.3082250126538,467.4317688827947,449.4671824687526,1612.6396026456418,1550.6617795171965,1613.1636850427765,1550.1165658542402,5.282693227164257,6051553.0,1.0,0.0799262802308431,210,False,1.7028339421712548,False,0,False,True,False,True,True
Alternating Config 25 Magnets Horizontal LP_1,Alternating Config 25 Magnets Horizontal LP_1,legacy,,25,Alternating,1,-,data_image11.png,11,110.0,714.1972796969827,694.973355968667,468.4499668060088,450.1097654448092,1616.1523854807303,1552.878690784592,1617.0007863906856,1551.9952378148037,6.626265266845775,5906989.0,1.0,0.08049718456466365,209,False,1.7063390588083807,False,0,False,True,False,True,True
Alternating Config 25 Magnets Horizontal LP_1,Alternating Config 25 Magnets Horizontal LP_1,legacy,,25,Alternating,1,-,data_image12.png,12,120.0,724.9572219645597,691.6035565700402,468.782944314024,449.52834224562537,1617.301157883383,1550.8727807474077,1617.9439575519698,1550.2021699040415,5.649200736998712,5966029.0,1.0,0.06990373425001498,244,False,1.7235435956053136,False,0,False,True,False,True,True
Alternating Config 25 Magnets Horizontal LP_1,Alternating Config 25 Magnets Horizontal LP_1,legacy,,25,Alternating,1,-,data_image13.png,13,130.0,738.7793958747585,691.948179820356,470.5639418691517,452.5018344286345,1623.4455994485734,1561.131328778789,1624.2107204729637,1560.3352766518683,6.3455634928964795,5850906.0,1.0,0.06851991613372362,231,False,1.710719471794815,False,0,False,True,False,True,True
Alternating Config 25 Magnets Horizontal LP_1,Alternating Config 25 Magnets Horizontal LP_1,legacy,,25,Alternating,1,-,data_image14.png,14,140.0,749.7004466585832,691.0904952458346,473.5744971184839,454.6199423819671,1633.8320150587697,1568.4388012177867,1634.4362874472433,1567.8090919726676,5.520991490477982,6206978.0,1.0,0.06669227708794556,196,False,1.7065199484382352,False,0,False,True,False,True,True
Alternating Config 25 Magnets Horizontal LP_1,Alternating Config 25 Magnets Horizontal LP_1,legacy,,25,Alternating,1,-,data_image15.png,15,150.0,770.0365289656659,678.7896706804052,479.2259085364756,457.8323600744507,1653.3293844508407,1579.521642256855,1653.924698185427,1578.8982755638926,5.169167402553113,6133434.0,1.0,0.05422545179832006,179,False,1.7482750475014015,False,0,False,True,False,True,True
Alternating Config 25 Magnets Horizontal LP_1,Alternating Config 25 Magnets Horizontal LP_1,legacy,,25,Alternating,1,-,data_image16.png,16,160.0,781.8912359809292,676.2436317931193,484.2936630426733,463.16890110252933,1670.813137497223,1597.9327088037262,1671.527848458628,1597.185065709481,5.690095463406756,6045069.0,1.0,0.05341458795872508,198,False,1.7391307803448337,False,0,False,True,False,True,True
Alternating Config 25 Magnets Horizontal LP_1,Alternating Config 25 Magnets Horizontal LP_1,legacy,,25,Alternating,1,-,data_image17.png,17,170.0,770.4894853631826,675.5941021234357,492.33076607588174,468.8556262990752,1698.541142961792,1617.5519107318096,1698.54623080071,1617.5465681329797,-0.45961308283785357,6095075.0,1.0,0.06562098007081087,194,False,1.7207952482449962,False,0,False,True,False,True,True
Alternating Config 25 Magnets Horizontal LP_1,Alternating Config 25 Magnets Horizontal LP_1,legacy,,25,Alternating,1,-,data_image18.png,18,180.0,791.814805649197,674.4544950241738,500.294895315185,475.346353361046,1726.0173888373884,1639.9449190956088,1726.035867574162,1639.925470283345,0.8500238058373041,6138076.0,1.0,0.07570842762895945,191,False,1.7020441014595962,False,0,False,True,False,True,True
Alternating Config 25 Magnets Horizontal LP_1,Alternating Config 25 Magnets Horizontal LP_1,legacy,,25,Alternating,1,-,data_image19.png,19,190.0,814.7355426700659,664.595022793104,507.6686328126415,480.8746523148129,1751.4567832036132,1659.0175504861047,1752.5319054924523,1657.8817860396014,6.201791778417596,6210431.0,1.0,0.06603741603534331,237,False,1.7234547077588827,False,0,False,True,False,True,True
Alternating Config 25 Magnets Horizontal LP_1,Alternating Config 25 Magnets Horizontal LP_1,legacy,,25,Alternating,1,-,data_image20.png,20,200.0,826.1172886683387,662.9437795789457,514.0118278929801,486.61427625370175,1773.3408062307815,1678.819253075271,1773.644871625538,1678.49800979801,-3.284975918348527,6224233.0,1.0,0.09620584052436561,238,False,1.7099346985691488,False,0,False,True,False,True,True
Alternating Config 25 Magnets Horizontal LP_1,Alternating Config 25 Magnets Horizontal LP_1,legacy,,25,Alternating,1,-,data_image21.png,21,210.0,822.0496219492904,664.6345723260731,522.4188631163134,495.8749385095631,1802.3450777512815,1710.7685378579927,1802.427915249986,1710.6812618797921,-1.7442198462727734,6308942.0,1.0,0.11514100411242141,237,False,1.6711555211561175,False,0,False,True,False,True,True
Alternating Config 25 Magnets Horizontal LP_1,Alternating Config 25 Magnets Horizontal LP_1,legacy,,25,Alternating,1,-,data_image22.png,22,220.0,824.159199690478,659.4244270857306,533.9455698132862,503.65590740492706,1842.1122158558373,1737.6128805469984,1842.1122993322642,1737.6127920503295,-0.05195121400299685,6583053.0,1.0,0.10325540095990911,207,False,1.6660228870293117,False,0,False,True,False,True,True
Alternating Config 25 Magnets Horizontal LP_1,Alternating Config 25 Magnets Horizontal LP_1,legacy,,25,Alternating,1,-,data_image23.png,23,230.0,833.5992362750268,653.3957981666281,540.6539086700018,514.2654450135901,1865.2559849115062,1774.215785296886,1865.3771908614613,1774.0883511986215,-2.1142034974197355,6389211.0,1.0,0.09179367085820578,172,False,1.6551091293724733,False,0,False,True,False,True,True
Alternating Config 25 Magnets Horizontal LP_1,Alternating Config 25 Magnets Horizontal LP_1,legacy,,25,Alternating,1,-,data_image24.png,24,240.0,841.008308220083,647.1691233354436,550.3950716558302,524.9916718521777,1898.8629972126141,1811.221267890013,1898.962267513472,1811.117188367576,-1.9490960132233077,6403658.0,1.0,0.07992772829541564,165,False,1.6449257431400743,False,0,False,True,False,True,True
Alternating Config 25 Magnets Horizontal LP_1,Alternating Config 25 Magnets Horizontal LP_1,legacy,,25,Alternating,1,-,data_image25.png,25,250.0,858.6451449556157,632.8051685612988,563.8012263570525,536.8637283262555,1945.1142309318313,1852.1798627255814,1945.418883644878,1851.859871161315,-3.31125358548527,6351013.0,1.0,0.07187400621744751,181,False,1.6618815660008959,False,0,False,True,False,True,True
Alternating Config 25 Magnets Horizontal LP_1,Alternating Config 25 Magnets Horizontal LP_1,legacy,,25,Alternating,1,-,data_image26.png,26,260.0,861.862544844669,628.3417115538189,576.4915934619975,540.7245989484496,1988.8959974438915,1865.4998663721512,1988.939922773397,1865.4530344345314,-1.0978467890853993,6375061.0,1.0,0.10549026449788987,184,False,1.6662208084708818,False,1,False,True,False,True,True
Alternating Config 25 Magnets Horizontal LP_1,Alternating Config 25 Magnets Horizontal LP_1,legacy,,25,Alternating,1,-,data_image27.png,27,270.0,861.3050572760612,621.2247194973716,587.0456983687851,557.6581036165555,2025.3076593723088,1923.9204574771168,2025.4091814989488,1923.8135796669217,-1.8346358512230496,6550206.0,1.0,0.09936507729091296,183,False,1.6403591392819403,False,0,False,True,False,True,True
Alternating Config 25 Magnets Horizontal LP_1,Alternating Config 25 Magnets Horizontal LP_1,legacy,,25,Alternating,1,-,data_image28.png,28,280.0,881.7430209333455,612.0065664812621,600.255837887831,572.5817941702234,2070.8826407130173,1975.4071898872708,2071.0850656093653,1975.1949596115048,-2.664401196641927,6421095.0,1.0,0.10322979833102504,169,False,1.6304235125738176,False,0,False,True,False,True,True
Alternating Config 25 Magnets Horizontal LP_1,Alternating Config 25 Magnets Horizontal LP_1,legacy,,25,Alternating,1,-,data_image29.png,29,290.0,902.6095754584015,600.7776225700397,610.5104061621001,584.174607016364,2106.2609012592457,2015.402394206456,2110.516460757149,2010.9455645590315,-12.070257724628155,6687095.0,1.0,0.09362333147918052,165,False,1.6362505573115043,False,1,False,True,False,True,True
Alternating Config 25 Magnets Horizontal LP_2,Alternating Config 25 Magnets Horizontal LP_2,legacy,,25,Alternating,2,-,data_image01.png,1,10.0,599.0932091244005,678.180546051923,522.8313513110172,515.5870110173953,1803.7681620230094,1778.7751880100138,1803.868597927921,1778.6733351623288,3.632573690726826,8030555.0,1.0,0.1716352293477645,201,False,1.6,True,0,False,True,False,True,True
Alternating Config 25 Magnets Horizontal LP_2,Alternating Config 25 Magnets Horizontal LP_2,legacy,,25,Alternating,2,-,data_image02.png,2,20.0,618.8011758735713,691.395387082427,515.9409431401613,503.905030705677,1779.9962538335565,1738.4723559345857,1780.0164300270349,1738.4516975872682,1.2698846500867318,8006473.0,1.0,0.17626375311798428,199,False,1.6,True,0,False,True,False,True,True
Alternating Config 25 Magnets Horizontal LP_2,Alternating Config 25 Magnets Horizontal LP_2,legacy,,25,Alternating,2,-,data_image03.png,3,30.0,622.6264692487194,701.5490977860866,506.95490980769745,489.8659932487705,1748.9944388365564,1690.0376767082582,1749.1142804586532,1689.9136456252008,2.600825687472714,7878176.0,1.0,0.15073310549770222,210,False,1.6,True,0,False,True,False,True,True
Alternating Config 25 Magnets Horizontal LP_2,Alternating Config 25 Magnets Horizontal LP_2,legacy,,25,Alternating,2,-,data_image04.png,4,40.0,645.2063808193147,685.6397287431548,497.6726761321172,483.315127863949,1716.9707326558043,1667.4371911306241,1717.2862461821887,1667.1122433224714,-4.581744377826858,7900114.0,1.0,0.11370169663814597,210,False,1.6277591370391773,False,0,False,True,False,True,True
Alternating Config 25 Magnets Horizontal LP_2,Alternating Config 25 Magnets Horizontal LP_2,legacy,,25,Alternating,2,-,data_image05.png,5,50.0,658.028351106608,688.1221511928002,489.85959475767254,472.8248731967628,1690.0156019139704,1631.2458125288317,1690.3023648822527,1630.948665923901,-4.0210990413408245,7887029.0,1.0,0.10714071533102872,213,False,1.6532840077317694,False,0,False,True,False,True,True
Alternating Config 25 Magnets Horizontal LP_2,Alternating Config 25 Magnets Horizontal LP_2,legacy,,25,Alternating,2,-,data_image06.png,6,60.0,665.5127252589928,693.6913310935564,486.8081961702048,465.5263830621993,1679.4882767872066,1606.0660215645876,1679.9080296239088,1605.6269646138485,-4.359403522566085,7837090.0,1.0,0.1096413091415405,186,False,1.6553513224836522,False,0,False,True,False,True,True
Alternating Config 25 Magnets Horizontal LP_2,Alternating Config 25 Magnets Horizontal LP_2,legacy,,25,Alternating,2,-,data_image07.png,7,70.0,668.7215382850402,697.7406609787253,478.63945771395123,459.93350072170466,1651.3061291131319,1586.7705774898811,1651.8188412309528,1586.2368402570276,-5.123495767138848,7792626.0,1.0,0.10813581985346776,217,False,1.6578584893817572,False,0,False,True,False,True,True
Alternating Config 25 Magnets Horizontal LP_2,Alternating Config 25 Magnets Horizontal LP_2,legacy,,25,Alternating,2,-,data_image08.png,8,80.0,679.2986015716332,700.470735063411,475.0344416565105,454.8931433778223,1638.8688237149613,1569.381344653487,1639.2813936169975,1568.9503939998751,-4.440321118924926,7779805.0,1.0,0.11367884352714736,215,False,1.664225112378339,False,0,False,True,False,True,True
Alternating Config 25 Magnets Horizontal LP_2,Alternating Config 25 Magnets Horizontal LP_2,legacy,,25,Alternating,2,-,data_image09.png,9,90.0,688.237724246781,700.9675285931079,470.83614895806977,448.94839124953904,1624.3847139053407,1548.8719498109099,1625.0535666421868,1548.170184838829,-5.415921771110282,7568782.0,1.0,0.10517910245258535,248,False,1.6840367164565488,False,0,False,True,False,True,True
Alternating Config 25 Magnets Horizontal LP_2,Alternating Config 25 Magnets Horizontal LP_2,legacy,,25,Alternating,2,-,data_image10.png,10,100.0,696.5165696890211,702.9058161934942,467.8995491003316,443.2968089954882,1614.2534443961442,1529.3739910344345,1614.4280284780607,1529.1896965588844,-2.6288003345354527,7098715.0,1.0,0.09604458301516736,227,False,1.6967750495386558,False,0,False,True,False,True,True
Alternating Config 25 Magnets Horizontal LP_2,Alternating Config 25 Magnets Horizontal LP_2,legacy,,25,Alternating,2,-,data_image11.png,11,110.0,705.9107514887606,703.3007882579121,466.59125730844613,441.87857877158467,1609.7398377141392,1524.4810967619671,1609.7902418324122,1524.427871960382,-1.4112305190351635,6988195.0,1.0,0.08737630018731737,230,False,1.700441411898182,False,0,False,True,False,True,True
Alternating Config 25 Magnets Horizontal LP_2,Alternating Config 25 Magnets Horizontal LP_2,legacy,,25,Alternating,2,-,data_image12.png,12,120.0,715.4974814308038,704.4445107930454,467.1502860673351,445.03545497682984,1611.6684869323062,1535.372319670063,1611.9958577949935,1535.0286076264126,-3.784690579818161,7033557.0,1.0,0.08590809742323272,224,False,1.6832462661085166,False,0,False,True,False,True,True
Alternating Config 25 Magnets Horizontal LP_2,Alternating Config 25 Magnets Horizontal LP_2,legacy,,25,Alternating,2,-,data_image13.png,13,130.0,719.2135065511386,702.3812676972204,470.2403456958315,446.1624081836992,1622.3291926506188,1539.2603082337623,1622.3765641059797,1539.2103787559324,-1.3854313866355108,7084799.0,1.0,0.08879629699910874,211,False,1.6882439213355256,False,0,False,True,False,True,True
Alternating Config 25 Magnets Horizontal LP_2,Alternating Config 25 Magnets Horizontal LP_2,legacy,,25,Alternating,2,-,data_image14.png,14,140.0,715.6766408271866,702.4941352691636,473.79889694204303,448.0575547971971,1634.6061944500486,1545.79856405033,1634.6751708840666,1545.7256215931989,-1.6178716444894028,7094699.0,1.0,0.08989323796476811,207,False,1.68058034585838,False,0,False,True,False,True,True
Alternating Config 25 Magnets Horizontal LP_2,Alternating Config 25 Magnets Horizontal LP_2,legacy,,25,Alternating,2,-,data_image15.png,15,150.0,723.5204560809229,693.8693852975557,477.94317521712884,454.82069025101714,1648.9039544990947,1569.1313813660092,1649.2667984105487,1568.7500026489154,-3.8968761582640545,7264588.0,1.0,0.09592745153959549,215,False,1.693532742697016,False,0,False,True,False,True,True
Alternating Config 25 Magnets Horizontal LP_2,Alternating Config 25 Magnets Horizontal LP_2,legacy,,25,Alternating,2,-,data_image16.png,16,160.0,734.836796954228,690.5762319606093,484.3775736949566,458.9392874646072,1671.1026292476004,1583.340541752895,1671.4311601704956,1582.9937288087106,-3.541359628553456,7141178.0,1.0,0.08915768785903436,200,False,1.692627912285885,False,0,False,True,False,True,True
Alternating Config 25 Magnets Horizontal LP_2,Alternating Config 25 Magnets Horizontal LP_2,legacy,,25,Alternating,2,-,data_image17.png,17,170.0,744.4783258582466,685.2275704017944,489.1608301599484,464.1709655537763,1687.604864051822,1601.3898311605283,1688.0353309702384,1600.9360667784056,-4.084144980485448,7203261.0,1.0,0.08887542441377975,208,False,1.6966145161918662,False,0,False,True,False,True,True
Alternating Config 25 Magnets Horizontal LP_2,Alternating Config 25 Magnets Horizontal LP_2,legacy,,25,Alternating,2,-,data_image18.png,18,180.0,747.9158390509855,688.0169801029274,496.5913148464544,469.2841422672574,1713.2400362202677,1619.030290822038,1713.2420850452702,1619.0281227752203,0.270940032823252,7289414.0,1.0,0.10694853660777513,189,False,1.666213768052824,False,0,False,True,False,True,True
Alternating Config 25 Magnets Horizontal LP_2,Alternating Config 25 Magnets Horizontal LP_2,legacy,,25,Alternating,2,-,data_image19.png,19,190.0,774.797499275812,676.7864438970574,504.5497162071166,479.41837971972296,1740.6965209145524,1653.9934100330443,1740.727043611226,1653.9612867287092,-1.0883397677148068,7480793.0,1.0,0.10368922371696492,200,False,1.677848797582134,False,0,False,True,False,True,True
Alternating Config 25 Magnets Horizontal LP_2,Alternating Config 25 Magnets Horizontal LP_2,legacy,,25,Alternating,2,-,data_image20.png,20,200.0,768.1599154504839,678.2276792509689,513.3795102761221,486.14185654533514,1771.1593104526214,1677.1894050814064,1771.2907372704708,1677.0506037624982,2.1691879290785816,7456459.0,1.0,0.10529032691776458,213,False,1.6486517773443432,False,0,False,True,False,True,True
Alternating Config 25 Magnets Horizontal LP_2,Alternating Config 25 Magnets Horizontal LP_2,legacy,,25,Alternating,2,-,data_image21.png,21,210.0,783.946176661429,674.5380316850116,521.4966526840753,494.23472102671843,1799.16345176006,1705.1097875421788,1799.1665987942022,1705.1064669118496,0.3358339382666026,7610286.0,1.0,0.10186542053491017,223,False,1.6365365264189768,False,0,False,True,False,True,True
Alternating Config 25 Magnets Horizontal LP_2,Alternating Config 25 Magnets Horizontal LP_2,legacy,,25,Alternating,2,-,data_image22.png,22,220.0,790.3654721922309,669.226125205774,529.7275256800533,501.9629860274649,1827.559963596184,1731.772301794754,1827.7133448707716,1731.6104223480763,2.320253278901858,7332681.0,1.0,0.11343993420266248,211,False,1.632081810743346,False,0,False,True,False,True,True
Alternating Config 25 Magnets Horizontal LP_2,Alternating Config 25 Magnets Horizontal LP_2,legacy,,25,Alternating,2,-,data_image23.png,23,230.0,811.3210850661118,663.086274539771,541.0936179762674,513.1377453973913,1866.7729820181225,1770.325221621,1866.7911893831545,1770.3060221164321,-0.797469868973324,7590026.0,1.0,0.13652110357642486,213,False,1.6205520273274054,False,0,False,True,False,True,True
Alternating Config 25 Magnets Horizontal LP_2,Alternating Config 25 Magnets Horizontal LP_2,legacy,,25,Alternating,2,-,data_image24.png,24,240.0,820.1208003211683,659.4927423673437,546.2494990723754,500.0888967223837,1884.5607717996954,1725.306693692224,1899.8240175728047,1708.4850576340973,16.81282696132612,7385535.0,1.0,0.15279058028365228,226,False,1.6768384469362247,False,3,False,True,False,True,True
Alternating Config 25 Magnets Horizontal LP_2,Alternating Config 25 Magnets Horizontal LP_2,legacy,,25,Alternating,2,-,data_image25.png,25,250.0,823.4246771715914,653.4459171969893,569.1727676822758,514.533077742002,1963.6460485038515,1775.1391182099069,1965.4990572768295,1773.0871802163963,5.773990999770035,7718729.0,1.0,0.16074060716598743,215,False,1.6521884046613151,False,1,False,True,False,False,True
Alternating Config 25 Magnets Horizontal LP_2,Alternating Config 25 Magnets Horizontal LP_2,legacy,,25,Alternating,2,-,data_image26.png,26,260.0,887.3702910265588,634.4757024721501,557.8918892319862,517.7840995384338,1924.7270178503525,1786.3551434075966,1939.6722184395153,1770.1159500540682,17.63862442500621,7495742.0,1.0,0.10127114594221967,240,False,1.7163315391906222,False,2,False,True,False,True,True
Alternating Config 25 Magnets Horizontal LP_2,Alternating Config 25 Magnets Horizontal LP_2,legacy,,25,Alternating,2,-,data_image27.png,27,270.0,866.3406824664132,631.8836133814465,568.991001292664,528.57684367305,1963.018954459691,1823.5901106720225,1973.86272387228,1811.847194058131,15.297087423481742,7531682.0,1.0,0.13793253592328264,241,False,1.6903742111138282,False,2,False,True,False,True,True
Alternating Config 25 Magnets Horizontal LP_2,Alternating Config 25 Magnets Horizontal LP_2,legacy,,25,Alternating,2,-,data_image28.png,28,280.0,853.0433309782172,635.6606803447746,591.1059580521751,539.7777155796589,2039.3155552800042,1862.2331187498232,2039.9299341129683,1861.5600947822088,3.4404538221767518,7811363.0,1.0,0.18912626573090988,214,False,1.6407371880224613,False,1,False,True,False,True,True
Alternating Config 25 Magnets Horizontal LP_2,Alternating Config 25 Magnets Horizontal LP_2,legacy,,25,Alternating,2,-,data_image29.png,29,290.0,873.3646039577885,617.0737361216802,599.6970496318894,566.9482986851256,2068.9548212300188,1955.9716304636834,2069.06790114056,1955.8520117686553,-1.8363431453766246,7973948.0,1.0,0.18008718203606605,171,False,1.6283966352158552,False,0,False,True,False,True,True
Alternating Config 25 Magnets Horizontal LP_3,Alternating Config 25 Magnets Horizontal LP_3,legacy,,25,Alternating,3,-,data_image01.png,1,10.0,613.4386242163498,661.294708427871,524.7732567081557,503.17696682388004,1810.4677356431373,1735.9605355423862,1810.6663070597235,1735.75341775383,2.9821264864720645,6771995.0,1.0,0.12250460889228669,186,False,1.660419625119043,False,0,False,True,False,True,True
Alternating Config 25 Magnets Horizontal LP_3,Alternating Config 25 Magnets Horizontal LP_3,legacy,,25,Alternating,3,-,data_image02.png,2,20.0,634.4562643872291,685.1797432647296,510.2712648166352,496.3909160005284,1760.4358636173915,1712.5486602018232,1760.4361219475093,1712.5483946481002,-0.1339899206506528,7034016.0,1.0,0.13541069971285935,184,False,1.6,True,0,False,True,False,True,True
Alternating Config 25 Magnets Horizontal LP_3,Alternating Config 25 Magnets Horizontal LP_3,legacy,,25,Alternating,3,-,data_image03.png,3,30.0,641.4028914017651,687.5735852471273,503.474737968976,488.93932188769844,1736.9878459929673,1686.8406605125597,1737.126582130954,1686.6977882062238,-3.028633539744671,6984294.0,1.0,0.11962732386371262,209,False,1.6012357345385353,False,0,False,True,False,True,True
Alternating Config 25 Magnets Horizontal LP_3,Alternating Config 25 Magnets Horizontal LP_3,legacy,,25,Alternating,3,-,data_image04.png,4,40.0,662.7884407533986,679.7549701449569,499.3246801802601,474.560046050213,1722.6701466218974,1637.2321588732348,1722.6702484338628,1637.2320517482665,-0.06333573830253789,6759662.0,1.0,0.08735427675621286,216,False,1.682615166364547,False,0,False,True,False,True,True
Alternating Config 25 Magnets Horizontal LP_3,Alternating Config 25 Magnets Horizontal LP_3,legacy,,25,Alternating,3,-,data_image05.png,5,50.0,669.3417921723154,684.9609738372093,492.62551826979836,469.13024828718676,1699.5580380308045,1618.4993565907944,1699.5769852928722,1618.4794601670806,-0.8864448313775618,6618560.0,1.0,0.08264288350748625,194,False,1.67984739218105,False,0,False,True,False,True,True
Alternating Config 25 Magnets Horizontal LP_3,Alternating Config 25 Magnets Horizontal LP_3,legacy,,25,Alternating,3,-,data_image06.png,6,60.0,671.7592729547666,699.3472209400692,484.8953046644715,461.34532633239024,1672.8888010924268,1591.6413758467463,1672.9019878476086,1591.6275158413482,-0.7388659525068302,6748631.0,1.0,0.10213303625257558,188,False,1.6458247943939863,False,0,False,True,False,True,True
Alternating Config 25 Magnets Horizontal LP_3,Alternating Config 25 Magnets Horizontal LP_3,legacy,,25,Alternating,3,-,data_image07.png,7,70.0,678.1174554634222,703.0145421174414,479.4026398870842,455.86570124998536,1653.9391076104405,1572.7366693124495,1654.1924300936937,1572.4702244888322,-3.2317247865045653,6886755.0,1.0,0.10294998473386577,197,False,1.6495005196564871,False,0,False,True,False,True,True
Alternating Config 25 Magnets Horizontal LP_3,Alternating Config 25 Magnets Horizontal LP_3,legacy,,25,Alternating,3,-,data_image08.png,8,80.0,705.6593543625455,703.3251788260966,473.82264906891663,450.36175883241975,1634.6881392877624,1553.7480679718483,1634.8082647376564,1553.6216749903408,-2.232337587757213,6804376.0,1.0,0.0992622264024121,184,False,1.6683000412660027,False,0,False,True,False,True,True
Alternating Config 25 Magnets Horizontal LP_3,Alternating Config 25 Magnets Horizontal LP_3,legacy,,25,Alternating,3,-,data_image09.png,9,90.0,707.1673357721218,704.53563883386,472.62322004962704,442.0381768142973,1630.5501091712133,1525.0317100093257,1630.5535235206016,1525.0280594096541,-0.3313164437433425,6564735.0,1.0,0.08677844587586231,202,False,1.6942331467510738,False,0,False,True,False,True,True
Alternating Config 25 Magnets Horizontal LP_3,Alternating Config 25 Magnets Horizontal LP_3,legacy,,25,Alternating,3,-,data_image10.png,10,100.0,713.6603141487107,705.0737291060599,467.57230297086335,439.4866096564808,1613.1244452494786,1516.2288033148589,1613.2008912170847,1516.1474679065527,-1.6329783068341208,6489920.0,1.0,0.08468715134683366,203,False,1.7016088151897864,False,0,False,True,False,True,True
Alternating Config 25 Magnets Horizontal LP_3,Alternating Config 25 Magnets Horizontal LP_3,legacy,,25,Alternating,3,-,data_image11.png,11,110.0,733.6767038818314,703.9964299016922,468.3824879198668,439.67769457947435,1615.9195833235406,1516.8880462991865,1616.275417680861,1516.5088918217546,-3.477798320084184,6725305.0,1.0,0.08256470926539719,196,False,1.7057804949440856,False,0,False,True,False,True,True
Alternating Config 25 Magnets Horizontal LP_3,Alternating Config 25 Magnets Horizontal LP_3,legacy,,25,Alternating,3,-,data_image12.png,12,120.0,740.200298736315,702.2325317750272,468.2986826084745,438.88854337929695,1615.6304549992371,1514.1654746585746,1615.8718542145618,1513.9078580040011,-2.8339330008083925,6560970.0,1.0,0.08061319520357237,203,False,1.7169095978842717,False,0,False,True,False,True,True
Alternating Config 25 Magnets Horizontal LP_3,Alternating Config 25 Magnets Horizontal LP_3,legacy,,25,Alternating,3,-,data_image13.png,13,130.0,749.8247953196745,701.1008051088384,471.9982589618212,442.1320679036634,1628.3939934182831,1525.3556342676388,1628.4729446001222,1525.2713455310775,-1.610655674900082,6435279.0,1.0,0.07199710909526504,202,False,1.7094328674249808,False,0,False,True,False,True,True
Alternating Config 25 Magnets Horizontal LP_3,Alternating Config 25 Magnets Horizontal LP_3,legacy,,25,Alternating,3,-,data_image14.png,14,140.0,758.2548204068854,700.5957313255083,473.3188096079329,446.9964747703321,1632.9498931473686,1542.1378379576458,1633.013110574128,1542.0708950900073,-1.532279757374376,6515840.0,1.0,0.07479819862252488,199,False,1.6930919334461991,False,0,False,True,False,True,True
Alternating Config 25 Magnets Horizontal LP_3,Alternating Config 25 Magnets Horizontal LP_3,legacy,,25,Alternating,3,-,data_image15.png,15,150.0,789.3065574806467,695.4807611925702,481.7811802491278,445.9424506074145,1662.1450718594908,1538.50145459558,1662.2775379300056,1538.3583303615799,-1.9095279742882925,6646150.0,1.0,0.05293949808831296,192,False,1.720027428158665,False,0,False,True,False,True,True
Alternating Config 25 Magnets Horizontal LP_3,Alternating Config 25 Magnets Horizontal LP_3,legacy,,25,Alternating,3,-,data_image16.png,16,160.0,791.029867227768,680.0960626523604,484.7695500551857,451.4205936917398,1672.4549476903906,1557.4010482365022,1673.2614199584639,1556.5345475063539,-4.852978317822686,6743880.0,1.0,0.05751017097631453,196,False,1.7673019559671204,False,0,False,True,False,True,True
Alternating Config 25 Magnets Horizontal LP_3,Alternating Config 25 Magnets Horizontal LP_3,legacy,,25,Alternating,3,-,data_image17.png,17,170.0,795.9588459501123,680.9677013609084,489.97659918360796,455.49138154837664,1690.4192671834476,1571.4452663418995,1690.639537165351,1571.208286430133,-2.5059608803301754,6643283.0,1.0,0.06087800022167844,213,False,1.7476648529693684,False,0,False,True,False,True,True
Alternating Config 25 Magnets Horizontal LP_3,Alternating Config 25 Magnets Horizontal LP_3,legacy,,25,Alternating,3,-,data_image18.png,18,180.0,827.0146344285658,678.3449977208921,499.76769203574656,463.75573751264005,1724.1985375233257,1599.9572944186082,1724.792578962732,1599.3168855220586,-4.018979377973036,6689021.0,1.0,0.06463726796013793,189,False,1.7278149092911415,False,0,False,True,False,True,True
Alternating Config 25 Magnets Horizontal LP_3,Alternating Config 25 Magnets Horizontal LP_3,legacy,,25,Alternating,3,-,data_image19.png,19,190.0,776.5712847669217,667.7989894020058,504.440984906277,471.41260860015757,1740.3213979266557,1626.3734996705437,1740.3404639711337,1626.3530975703711,0.7534704319980914,6857524.0,1.0,0.08277971491344854,178,False,1.7444937326308774,False,0,False,True,False,True,True
Alternating Config 25 Magnets Horizontal LP_3,Alternating Config 25 Magnets Horizontal LP_3,legacy,,25,Alternating,3,-,data_image20.png,20,200.0,822.6550162670521,655.6601198821652,511.61766750154044,482.3061058240854,1765.0809528803145,1663.9560650930948,1765.0858899219047,1663.9508279932952,-0.4061816866363519,6847891.0,1.0,0.07707965697610132,240,False,1.755409277231981,False,0,False,True,False,True,True
Alternating Config 25 Magnets Horizontal LP_3,Alternating Config 25 Magnets Horizontal LP_3,legacy,,25,Alternating,3,-,data_image21.png,21,210.0,835.4940184840805,654.6148741160067,511.05175906109207,492.8125286236621,1763.1285687607676,1700.2032237516344,1771.5663742111815,1691.4094518478046,19.134682000708178,6687268.0,1.0,0.08060222833174235,229,False,1.7222261761561264,False,1,False,True,False,True,True
Alternating Config 25 Magnets Horizontal LP_3,Alternating Config 25 Magnets Horizontal LP_3,legacy,,25,Alternating,3,-,data_image22.png,22,220.0,852.2383976961708,648.7613230024983,523.0889680266224,502.60114229952006,1804.6569396918474,1733.9739409333442,1813.0698100099141,1725.1754003128124,18.230166311053917,6637992.0,1.0,0.08489168374785938,224,False,1.7118695962747947,False,1,False,True,False,True,True
Alternating Config 25 Magnets Horizontal LP_3,Alternating Config 25 Magnets Horizontal LP_3,legacy,,25,Alternating,3,-,data_image23.png,23,230.0,860.0849628720844,645.1919060141927,540.8992495931664,509.8521645027139,1866.102411096424,1758.989967534363,1866.177297730495,1758.9105173435446,1.5362858545105365,6985310.0,1.0,0.08513864735276655,198,False,1.7014255669565295,False,0,False,True,False,True,True
Alternating Config 25 Magnets Horizontal LP_3,Alternating Config 25 Magnets Horizontal LP_3,legacy,,25,Alternating,3,-,data_image24.png,24,240.0,873.7131187287303,637.8206972917448,543.7583838232404,521.3078555349573,1875.9664241901794,1798.5121015956029,1883.7957301959643,1790.3098757394414,17.02251084438023,6793082.0,1.0,0.09197894579147874,196,False,1.6923214886467954,False,1,False,True,False,True,True
Alternating Config 25 Magnets Horizontal LP_3,Alternating Config 25 Magnets Horizontal LP_3,legacy,,25,Alternating,3,-,data_image25.png,25,250.0,885.0787164854162,637.0460838939418,559.3963813995225,512.367840507392,1929.9175158283529,1767.6690497505024,1941.7351935758857,1754.6794366424149,14.906352378110327,6663890.0,1.0,0.09881165702004129,198,False,1.7241902309672483,False,2,False,True,False,True,True
Alternating Config 25 Magnets Horizontal LP_3,Alternating Config 25 Magnets Horizontal LP_3,legacy,,25,Alternating,3,-,data_image26.png,26,260.0,886.8171486975948,624.7863181307268,573.9378042147852,520.7473945269337,1980.085424541009,1796.5785111179214,1983.9917545392686,1792.2637509615126,8.409401068680586,6504389.0,1.0,0.11438438835101306,209,False,1.7434869244271924,False,3,False,True,False,True,True
Alternating Config 25 Magnets Horizontal LP_3,Alternating Config 25 Magnets Horizontal LP_3,legacy,,25,Alternating,3,-,data_image27.png,27,270.0,909.1649784362127,612.967670889521,584.780804753625,529.6056293618494,2017.4937764000065,1827.1394212983805,2019.7182817867595,1824.6801541343298,6.283143573233387,6547783.0,1.0,0.12654436929632662,208,False,1.7602374188936571,False,4,False,True,False,True,True
Alternating Config 25 Magnets Horizontal LP_3,Alternating Config 25 Magnets Horizontal LP_3,legacy,,25,Alternating,3,-,data_image28.png,28,280.0,926.288027748954,602.9738868478927,595.5353951608976,537.3690713448916,2054.5971133050966,1853.9232961398761,2060.5906222578674,1847.2593682086751,9.904371850684662,6618772.0,1.0,0.13408475522960234,169,False,1.7218714820248373,False,3,False,True,False,True,True
Alternating Config 25 Magnets Horizontal LP_3,Alternating Config 25 Magnets Horizontal LP_3,legacy,,25,Alternating,3,-,data_image29.png,29,290.0,930.8122880264442,596.730328636702,612.7823089819859,573.9087436280178,2114.0989659878514,1979.9851655166615,2114.1019316511592,1979.981998970138,0.27380285995756437,6902394.0,1.0,0.1393608802272464,146,False,1.6584817882000464,False,0,False,True,False,True,True
Alternating Config 50 Magnets Horizontal LP_1,Alternating Config 50 Magnets Horizontal LP_1,legacy,,50,Alternating,1,-,data_image01.png,1,10.0,602.4059809308374,672.2855422192287,521.6677145369545,515.4159298785426,1799.753615152493,1778.184958080972,1809.3531965445648,1768.4161926859472,29.10190567177626,6387066.0,1.0,0.12145837417732855,191,False,1.6,True,0,False,True,False,True,True
Alternating Config 50 Magnets Horizontal LP_1,Alternating Config 50 Magnets Horizontal LP_1,legacy,,50,Alternating,1,-,data_image02.png,2,20.0,607.8814034074367,685.7315093157696,514.6827269949323,507.2930874775208,1775.6554081325164,1750.161151797447,1778.8393370248561,1746.924955098012,18.49004060706186,6412621.0,1.0,0.12738349256594642,202,False,1.6,True,0,False,True,False,True,True
Alternating Config 50 Magnets Horizontal LP_1,Alternating Config 50 Magnets Horizontal LP_1,legacy,,50,Alternating,1,-,data_image03.png,3,30.0,607.6983885212217,694.0226589399844,505.99974149308247,499.0638681973921,1745.6991081511346,1721.7703452810028,1754.1049328005752,1713.2058787003448,27.09512705092449,6349944.0,1.0,0.11738157005033197,216,False,1.6,True,0,False,True,False,True,True
Alternating Config 50 Magnets Horizontal LP_1,Alternating Config 50 Magnets Horizontal LP_1,legacy,,50,Alternating,1,-,data_image04.png,4,40.0,633.1463131654614,685.179376663225,499.02771897008824,488.48120226255054,1721.6456304468045,1685.2601478057995,1723.0095374772282,1683.8656645889273,10.81836173229401,6201431.0,1.0,0.099314129301881,198,False,1.6124040814073632,False,0,False,True,False,True,True
Alternating Config 50 Magnets Horizontal LP_1,Alternating Config 50 Magnets Horizontal LP_1,legacy,,50,Alternating,1,-,data_image05.png,5,50.0,643.5714055084737,684.2160427313413,493.0642185148822,480.01736389957983,1701.0715538763436,1656.0599054535505,1702.3786496479674,1654.7162219186903,9.59841255962898,6126089.0,1.0,0.08630489574560624,180,False,1.6448822495117157,False,0,False,True,False,True,True
Alternating Config 50 Magnets Horizontal LP_1,Alternating Config 50 Magnets Horizontal LP_1,legacy,,50,Alternating,1,-,data_image06.png,6,60.0,650.7717497547462,689.5580686671613,485.76107909235867,472.170547743932,1675.8757228686375,1628.9883897165655,1676.5495812561776,1628.294848582892,6.835523043257114,6147713.0,1.0,0.08693544464827306,162,False,1.6496473522885358,False,0,False,True,False,True,True
Alternating Config 50 Magnets Horizontal LP_1,Alternating Config 50 Magnets Horizontal LP_1,legacy,,50,Alternating,1,-,data_image07.png,7,70.0,656.919329913452,694.8911710669266,479.76258721413194,466.07940201933445,1655.1809258887554,1607.9739369667038,1656.870498591841,1606.232931515907,10.604498490414256,6153235.0,1.0,0.08649378040067336,174,False,1.6483229852668666,False,0,False,True,False,True,True
Alternating Config 50 Magnets Horizontal LP_1,Alternating Config 50 Magnets Horizontal LP_1,legacy,,50,Alternating,1,-,data_image08.png,8,80.0,666.3911260175455,697.7515492299694,475.76368445215184,458.59519161532194,1641.3847113599238,1582.1534110728608,1641.6248211018528,1581.9042744736169,3.6688735494751636,5873079.0,1.0,0.09051824924542677,165,False,1.662658007417052,False,0,False,True,False,True,True
Alternating Config 50 Magnets Horizontal LP_1,Alternating Config 50 Magnets Horizontal LP_1,legacy,,50,Alternating,1,-,data_image09.png,9,90.0,676.5345291039846,697.4576869850574,470.5179980437859,454.73785390674163,1623.2870932510614,1568.8455959782586,1623.7920353729921,1568.3229632301804,5.522016413475565,5931851.0,1.0,0.09011449241870108,190,False,1.6780352233015914,False,0,False,True,False,True,True
Alternating Config 50 Magnets Horizontal LP_1,Alternating Config 50 Magnets Horizontal LP_1,legacy,,50,Alternating,1,-,data_image10.png,10,100.0,690.4815403053685,698.6030881628633,468.7803192506833,452.5477034116657,1617.2921014148576,1561.2895767702466,1617.9918383169422,1560.5644155144844,6.394011572354916,6091000.0,1.0,0.08553678309247134,197,False,1.6810754970119826,False,0,False,True,False,True,True
Alternating Config 50 Magnets Horizontal LP_1,Alternating Config 50 Magnets Horizontal LP_1,legacy,,50,Alternating,1,-,data_image11.png,11,110.0,714.9383416045883,698.7103138482098,468.05689539363686,450.89269051598353,1614.7962891080472,1555.5797822801433,1615.395666463381,1554.957348330554,5.769139885506406,5890682.0,1.0,0.07802109814007328,188,False,1.6868022703845564,False,0,False,True,False,True,True
Alternating Config 50 Magnets Horizontal LP_1,Alternating Config 50 Magnets Horizontal LP_1,legacy,,50,Alternating,1,-,data_image12.png,12,120.0,719.406293997482,695.3448457118224,467.6498947260171,452.3041492181926,1613.392136804759,1560.4493148027645,1615.4442719968597,1558.3247592348591,11.021749229449991,6123930.0,1.0,0.07660624037837929,210,False,1.6964361289174161,False,0,False,True,False,True,True
Alternating Config 50 Magnets Horizontal LP_1,Alternating Config 50 Magnets Horizontal LP_1,legacy,,50,Alternating,1,-,data_image13.png,13,130.0,733.0546378614517,693.5815919570217,469.4080094211581,454.0230538986527,1619.4576325029955,1566.3795359503517,1620.1868715718315,1565.6252346275367,6.694855496697734,5925964.0,1.0,0.07046476601564657,197,False,1.697780067005578,False,0,False,True,False,True,True
Alternating Config 50 Magnets Horizontal LP_1,Alternating Config 50 Magnets Horizontal LP_1,legacy,,50,Alternating,1,-,data_image14.png,14,140.0,754.6951127942867,695.7560400360926,472.3867407629776,456.12074102190485,1629.7342556322728,1573.6165565255717,1630.7376992264515,1572.5766649910256,7.615051742071712,6127571.0,1.0,0.06565406667001839,186,False,1.680448281450647,False,0,False,True,False,True,True
Alternating Config 50 Magnets Horizontal LP_1,Alternating Config 50 Magnets Horizontal LP_1,legacy,,50,Alternating,1,-,data_image15.png,15,150.0,753.1038553740311,684.3098422880521,476.6710016768737,457.5782793307887,1644.5149557852144,1578.6450636912211,1644.7445414851882,1578.4058635764707,3.4070334519846943,6042345.0,1.0,0.05158141086109043,182,False,1.7251129264860623,False,0,False,True,False,True,True
Alternating Config 50 Magnets Horizontal LP_1,Alternating Config 50 Magnets Horizontal LP_1,legacy,,50,Alternating,1,-,data_image16.png,16,160.0,768.4047332136171,683.9163603107198,484.61265101069847,461.05066295739186,1671.9136459869098,1590.624787203002,1672.218301163879,1590.3045012054856,3.5398888680389016,6145085.0,1.0,0.0602354718510934,180,False,1.7138350715691812,False,0,False,True,False,True,True
Alternating Config 50 Magnets Horizontal LP_1,Alternating Config 50 Magnets Horizontal LP_1,legacy,,50,Alternating,1,-,data_image17.png,17,170.0,785.18623303269,680.2094635203887,490.13623449229294,467.47697242288655,1690.9700089984108,1612.7955548589587,1691.4355755428207,1612.3072805433303,4.451376366855042,5946582.0,1.0,0.05830237274931133,189,False,1.7061384459146818,False,0,False,True,False,True,True
Alternating Config 50 Magnets Horizontal LP_1,Alternating Config 50 Magnets Horizontal LP_1,legacy,,50,Alternating,1,-,data_image18.png,18,180.0,801.236479853627,679.65331434508,498.692513213688,473.94543890917254,1720.4891705872237,1635.1117642366453,1721.2952410634434,1634.26318588694,5.593311062574924,6149767.0,1.0,0.06548137016393227,172,False,1.6851850180884225,False,0,False,True,False,True,True
Alternating Config 50 Magnets Horizontal LP_1,Alternating Config 50 Magnets Horizontal LP_1,legacy,,50,Alternating,1,-,data_image19.png,19,190.0,811.3827849637331,666.5394693229769,504.7056487914319,481.7878919364788,1741.2344883304402,1662.168227180852,1741.4747764303181,1661.9164725875607,3.186930860918102,5982735.0,1.0,0.06624253745749815,215,False,1.712164848335815,False,0,False,True,False,True,True
Alternating Config 50 Magnets Horizontal LP_1,Alternating Config 50 Magnets Horizontal LP_1,legacy,,50,Alternating,1,-,data_image20.png,20,200.0,813.9690270825682,670.7576704782263,513.9315071937754,488.82173383676025,1773.063699818525,1686.434981736823,1773.10203717438,1686.3946741519023,-1.2198644799215508,6058325.0,1.0,0.0957030526007809,223,False,1.6702417762499964,False,0,False,True,False,True,True
Alternating Config 50 Magnets Horizontal LP_1,Alternating Config 50 Magnets Horizontal LP_1,legacy,,50,Alternating,1,-,data_image21.png,21,210.0,832.8146939125413,663.6072434081105,521.64201731051,494.7130883500787,1799.6649597212597,1706.7601548077716,1799.677135220828,1706.7473164623184,-0.6644733035774164,6205808.0,1.0,0.09141209736213238,208,False,1.6792607696797657,False,0,False,True,False,True,True
Alternating Config 50 Magnets Horizontal LP_1,Alternating Config 50 Magnets Horizontal LP_1,legacy,,50,Alternating,1,-,data_image22.png,22,220.0,833.2459673281336,661.8894688076948,532.0566984299003,503.1795879421793,1835.5956095831561,1735.9695784005187,1835.6930634996459,1735.866525880466,-1.8153160847236007,6138982.0,1.0,0.0948575447057767,201,False,1.6578124197691273,False,0,False,True,False,True,True
Alternating Config 50 Magnets Horizontal LP_1,Alternating Config 50 Magnets Horizontal LP_1,legacy,,50,Alternating,1,-,data_image23.png,23,230.0,851.5429472610105,653.1105801376168,543.1636215973608,513.1808002442388,1873.9144945108949,1770.4737608426237,1874.2345293994954,1770.1349664296508,-3.223466747521687,6413168.0,1.0,0.09296292955462954,178,False,1.659679848376903,False,0,False,True,False,True,True
Alternating Config 50 Magnets Horizontal LP_1,Alternating Config 50 Magnets Horizontal LP_1,legacy,,50,Alternating,1,-,data_image24.png,24,240.0,855.6626192407731,648.0835487875831,552.0783244187725,524.1967837255518,1904.6702192447651,1808.4789038531537,1904.671773447223,1808.4772669827005,-0.2332686005280553,6433307.0,1.0,0.08341414263873098,170,False,1.6438959532939406,False,0,False,True,False,True,True
Alternating Config 50 Magnets Horizontal LP_1,Alternating Config 50 Magnets Horizontal LP_1,legacy,,50,Alternating,1,-,data_image25.png,25,250.0,869.2680393594674,640.3516301244863,562.0887903383541,536.4478426266163,1939.2063266673217,1850.7450570618264,1939.3070399690887,1850.6395241514988,-1.9538177680157913,6517263.0,1.0,0.08978888058161263,181,False,1.6348938769178023,False,0,False,True,False,True,True
Alternating Config 50 Magnets Horizontal LP_1,Alternating Config 50 Magnets Horizontal LP_1,legacy,,50,Alternating,1,-,data_image26.png,26,260.0,881.8065856404072,631.4653666721867,574.7921081577692,545.9251626991833,1983.032773144304,1883.4418113121824,1983.5659723614867,1882.880258872808,-4.226984295467724,6557874.0,1.0,0.08836441564659205,184,False,1.6385786541729552,False,0,False,True,False,True,True
Alternating Config 50 Magnets Horizontal LP_1,Alternating Config 50 Magnets Horizontal LP_1,legacy,,50,Alternating,1,-,data_image27.png,27,270.0,889.5579036136775,620.6114687791209,585.2118506904139,558.344008678078,2018.9808848819282,1926.2868299393692,2019.3736535964956,1925.8750769135622,-3.7598051252845512,6514887.0,1.0,0.08032721368799046,181,False,1.6409237663958238,False,0,False,True,False,True,True
Alternating Config 50 Magnets Horizontal LP_1,Alternating Config 50 Magnets Horizontal LP_1,legacy,,50,Alternating,1,-,data_image28.png,28,280.0,907.5021871007496,610.9175528667762,597.4870952987927,570.8869006085939,2061.330478780835,1969.559807099649,2065.6325616997024,1965.0474031277613,-12.079338462770462,6298521.0,1.0,0.09004709725800271,168,False,1.6389143437788034,False,1,False,True,False,True,True
Alternating Config 50 Magnets Horizontal LP_1,Alternating Config 50 Magnets Horizontal LP_1,legacy,,50,Alternating,1,-,data_image29.png,29,290.0,911.0554132322412,605.0690547889666,609.0450471680095,580.534282652622,2101.205412729633,2002.8432751515459,2101.824379302825,2002.193709377885,-4.575071829286482,6393112.0,1.0,0.08094645235663614,165,False,1.631822495966188,False,0,False,True,False,True,False
Alternating Config 50 Magnets Horizontal LP_2,Alternating Config 50 Magnets Horizontal LP_2,legacy,,50,Alternating,2,-,data_image01.png,1,10.0,605.4902696800231,672.7281497932937,522.2183711334325,510.62144336272667,1801.6533804103422,1761.6439796014072,1801.6577132012806,1761.6395483958197,0.5995296869431866,7209989.0,1.0,0.14450151688375615,192,False,1.6,True,0,False,True,False,True,True
Alternating Config 50 Magnets Horizontal LP_2,Alternating Config 50 Magnets Horizontal LP_2,legacy,,50,Alternating,2,-,data_image02.png,2,20.0,629.4140393167103,695.4978937334951,513.1122790494444,497.50036303841773,1770.2373627205832,1716.3762524825413,1770.2869201937556,1716.3251383839968,1.749981950095348,7561009.0,1.0,0.15266752692217891,202,False,1.6,True,0,False,True,False,True,True
Alternating Config 50 Magnets Horizontal LP_2,Alternating Config 50 Magnets Horizontal LP_2,legacy,,50,Alternating,2,-,data_image03.png,3,30.0,622.5685758058207,703.7489987023118,506.57192477950207,487.91619073318634,1747.6731404892823,1683.310858029493,1747.6865232145472,1683.296963498095,0.8337563113999391,7527232.0,1.0,0.13921312963829077,203,False,1.6,True,0,False,True,False,True,True
Alternating Config 50 Magnets Horizontal LP_2,Alternating Config 50 Magnets Horizontal LP_2,legacy,,50,Alternating,2,-,data_image04.png,4,40.0,662.9674204208675,685.1377619956679,499.70091324042534,479.5435320923941,1723.9681506794675,1654.4251857187598,1724.0232594018678,1654.3677586132708,-1.628327240413208,7166483.0,1.0,0.09972328299548144,214,False,1.6426010849787638,False,0,False,True,False,True,True
Alternating Config 50 Magnets Horizontal LP_2,Alternating Config 50 Magnets Horizontal LP_2,legacy,,50,Alternating,2,-,data_image05.png,5,50.0,670.9449745602509,689.1983234860313,489.27084928756517,470.9383752874491,1687.9844300421,1624.7373947416995,1687.9852681803586,1624.736523976328,0.210553408700809,7057263.0,1.0,0.09495494326599561,204,False,1.65540993999708,False,0,False,True,False,True,True
Alternating Config 50 Magnets Horizontal LP_2,Alternating Config 50 Magnets Horizontal LP_2,legacy,,50,Alternating,2,-,data_image06.png,6,60.0,684.7182301678945,693.4792817070705,485.93005558070246,463.2247560161634,1676.4586917534236,1598.1254082557637,1676.4897196612499,1598.0928588597085,-1.153491349664364,7440864.0,1.0,0.09498966133182203,184,False,1.664507175845729,False,0,False,True,False,True,True
Alternating Config 50 Magnets Horizontal LP_2,Alternating Config 50 Magnets Horizontal LP_2,legacy,,50,Alternating,2,-,data_image07.png,7,70.0,691.6807412493312,699.1632526991722,479.50829728594914,458.60653689567636,1654.3036256365247,1582.1925522900835,1654.3851112471539,1582.107348443873,-1.9455162374281199,7116256.0,1.0,0.09601135000353221,180,False,1.65648696632484,False,0,False,True,False,True,True
Alternating Config 50 Magnets Horizontal LP_2,Alternating Config 50 Magnets Horizontal LP_2,legacy,,50,Alternating,2,-,data_image08.png,8,80.0,658.5115253428697,701.2327971257841,475.6498374688893,451.9183678032624,1640.9919392676682,1559.1183689212553,1641.2151724367686,1558.8833794779155,-3.022880786975763,7047209.0,1.0,0.09297225335301973,198,False,1.6718288293368704,False,0,False,True,False,True,True
Alternating Config 50 Magnets Horizontal LP_2,Alternating Config 50 Magnets Horizontal LP_2,legacy,,50,Alternating,2,-,data_image09.png,9,90.0,648.7063434513284,698.6167159310866,470.50083549780027,449.7378852695935,1623.227882467411,1551.5957041800978,1623.820091843392,1550.9759176001048,-5.231822365962395,7264878.0,1.0,0.09315866774100529,217,False,1.6915570290206154,False,0,False,True,False,True,True
Alternating Config 50 Magnets Horizontal LP_2,Alternating Config 50 Magnets Horizontal LP_2,legacy,,50,Alternating,2,-,data_image10.png,10,100.0,646.7676716938105,695.6684659628748,467.5785869906158,446.4672791737125,1613.1461251176247,1540.312113149308,1613.388996638156,1540.0577172377077,-3.3372392117516028,7220601.0,1.0,0.08632648595176019,202,False,1.7171452447181639,False,0,False,True,False,True,True
Alternating Config 50 Magnets Horizontal LP_2,Alternating Config 50 Magnets Horizontal LP_2,legacy,,50,Alternating,2,-,data_image11.png,11,110.0,697.8689107065295,699.372365363509,467.60095463184757,441.7979835675055,1613.2232934798742,1524.2030433078942,1613.2440005389965,1524.1811265660108,-0.885987812514226,6948302.0,1.0,0.08303054791890684,205,False,1.7185463254892706,False,0,False,True,False,True,True
Alternating Config 50 Magnets Horizontal LP_2,Alternating Config 50 Magnets Horizontal LP_2,legacy,,50,Alternating,2,-,data_image12.png,12,120.0,738.0691518997319,699.209190078774,467.78823259293085,445.15719203488095,1613.8694024456115,1535.7923125203395,1614.5440870170078,1535.0830161346794,-5.352945195525973,6610433.0,1.0,0.07875231039032099,231,False,1.706303961966902,False,0,False,True,False,True,True
Alternating Config 50 Magnets Horizontal LP_2,Alternating Config 50 Magnets Horizontal LP_2,legacy,,50,Alternating,2,-,data_image13.png,13,130.0,749.1701911836086,701.4346697267829,472.0352193521429,446.5559066862267,1628.521506764893,1540.6178780674823,1628.8919130268318,1540.2262430866247,-3.7571848678980184,6743099.0,1.0,0.0822533827157095,201,False,1.690990000116427,False,0,False,True,False,True,True
Alternating Config 50 Magnets Horizontal LP_2,Alternating Config 50 Magnets Horizontal LP_2,legacy,,50,Alternating,2,-,data_image14.png,14,140.0,762.4885619447401,698.0958436641791,472.9869732555157,448.3425866717749,1631.8050577315291,1546.7819240176234,1632.3352655330445,1546.2223798027974,-4.560786199379116,6557627.0,1.0,0.06828164922544215,186,False,1.6991587168357698,False,0,False,True,False,True,True
Alternating Config 50 Magnets Horizontal LP_2,Alternating Config 50 Magnets Horizontal LP_2,legacy,,50,Alternating,2,-,data_image15.png,15,150.0,759.9590215228683,687.7135762587295,478.9809432800693,449.4777376572432,1652.4842543162392,1550.6981949174892,1652.5632103965459,1550.6140519572623,-1.6198687277056045,6503780.0,1.0,0.05973682556990938,191,False,1.7410571982137668,False,0,False,True,False,True,True
Alternating Config 50 Magnets Horizontal LP_2,Alternating Config 50 Magnets Horizontal LP_2,legacy,,50,Alternating,2,-,data_image16.png,16,160.0,775.8859096857345,684.2954051131326,481.6138495950347,457.34027892096685,1661.5677811028697,1577.8239622773358,1661.6742465688892,1577.711838526092,-2.0669425305309566,6883608.0,1.0,0.0645977792054963,203,False,1.7260653110323452,False,0,False,True,False,True,True
Alternating Config 50 Magnets Horizontal LP_2,Alternating Config 50 Magnets Horizontal LP_2,legacy,,50,Alternating,2,-,data_image17.png,17,170.0,808.5659942235238,676.552099740228,491.92187055377985,460.66539563157295,1697.1304534105407,1589.2956149289269,1697.261906045698,1589.1552315025453,-2.030914550180326,6670849.0,1.0,0.05845940658158706,190,False,1.7472336391371543,False,0,False,True,False,True,True
Alternating Config 50 Magnets Horizontal LP_2,Alternating Config 50 Magnets Horizontal LP_2,legacy,,50,Alternating,2,-,data_image18.png,18,180.0,810.7779765950759,665.1171079447568,499.38506757356595,464.3903950043078,1722.8784831288026,1602.146862764862,1722.9873214437694,1602.0298148410095,1.7499147058028115,6852746.0,1.0,0.05973736375897074,231,False,1.7824161049819274,False,1,False,True,False,True,True
Alternating Config 50 Magnets Horizontal LP_2,Alternating Config 50 Magnets Horizontal LP_2,legacy,,50,Alternating,2,-,data_image19.png,19,190.0,819.841536742285,670.6394980160908,506.0912677347081,475.265248034159,1746.014873684743,1639.6651057178487,1746.3580656381914,1639.2995774468766,-3.296545327807728,6705952.0,1.0,0.06519948233532781,236,False,1.718267451548112,False,0,False,True,False,True,True
Alternating Config 50 Magnets Horizontal LP_2,Alternating Config 50 Magnets Horizontal LP_2,legacy,,50,Alternating,2,-,data_image20.png,20,200.0,842.1238962246139,664.4152779488197,517.1084827699112,479.7186507225424,1784.0242655561938,1655.0293449927715,1784.2845026832554,1654.74878043916,2.6168360066384713,6609814.0,1.0,0.06439181142280288,203,False,1.7282108573318133,False,0,False,True,False,True,True
Alternating Config 50 Magnets Horizontal LP_2,Alternating Config 50 Magnets Horizontal LP_2,legacy,,50,Alternating,2,-,data_image21.png,21,210.0,840.7784913770714,661.8262586762028,524.8345301578604,491.3251819587615,1810.6791290446185,1695.0718777577272,1810.701755769749,1695.047707521896,0.8145436397958861,6949901.0,1.0,0.07281833953692532,228,False,1.6978691243892574,False,0,False,True,False,True,True
Alternating Config 50 Magnets Horizontal LP_2,Alternating Config 50 Magnets Horizontal LP_2,legacy,,50,Alternating,2,-,data_image22.png,22,220.0,861.3067319877296,645.6005622566101,527.9490392631133,501.7553809117181,1821.4241854577408,1731.0560641454274,1829.165136570347,1722.8743609853384,15.877695445488854,6593075.0,1.0,0.07075159719848155,232,False,1.7273317942424582,False,1,False,True,False,True,True
Alternating Config 50 Magnets Horizontal LP_2,Alternating Config 50 Magnets Horizontal LP_2,legacy,,50,Alternating,2,-,data_image23.png,23,230.0,863.7658692987334,649.321615302676,537.0899918889116,510.98339966824994,1852.9604720167451,1762.8927288554623,1860.878028059698,1754.5330572527346,16.054257160416224,6599630.0,1.0,0.08576079997795859,189,False,1.6815269804505657,False,1,False,True,False,True,True
Alternating Config 50 Magnets Horizontal LP_2,Alternating Config 50 Magnets Horizontal LP_2,legacy,,50,Alternating,2,-,data_image24.png,24,240.0,878.4728237664735,645.0625349725207,551.8678073403701,506.3009085318681,1903.9439353242767,1746.738134434945,1913.771414287741,1735.9653202188306,13.912903907134783,6576592.0,1.0,0.09613274335215595,204,False,1.713662090153493,False,2,False,True,False,True,True
Alternating Config 50 Magnets Horizontal LP_2,Alternating Config 50 Magnets Horizontal LP_2,legacy,,50,Alternating,2,-,data_image25.png,25,250.0,827.5794948139393,640.5979929126562,565.3749432942968,507.71984195564147,1950.543554365324,1751.6334547469633,1964.6115396923485,1735.8402620553986,14.777835050803974,6543213.0,1.0,0.12326271570013064,184,False,1.7262015928011003,False,3,False,True,False,True,True
Alternating Config 50 Magnets Horizontal LP_2,Alternating Config 50 Magnets Horizontal LP_2,legacy,,50,Alternating,2,-,data_image26.png,26,260.0,864.6893592715373,629.5456208705936,580.5161077110621,515.6666010975975,2002.7805716031644,1779.0497737867117,2009.912349183035,1770.9885556386807,10.252559422784703,6318402.0,1.0,0.13381958518652826,196,False,1.7424625808070258,False,4,False,True,False,True,True
Alternating Config 50 Magnets Horizontal LP_2,Alternating Config 50 Magnets Horizontal LP_2,legacy,,50,Alternating,2,-,data_image27.png,27,270.0,844.0241794059513,624.9241179942987,599.4893751801457,530.3928989952669,2068.2383443715025,1829.855501533671,2070.409479180114,1827.3985865548725,5.5893488195056555,6720223.0,1.0,0.12904390018060932,203,False,1.7113027183171088,False,2,False,True,False,True,True
Alternating Config 50 Magnets Horizontal LP_2,Alternating Config 50 Magnets Horizontal LP_2,legacy,,50,Alternating,2,-,data_image28.png,28,280.0,881.6183274479976,616.1346169554092,611.272915468649,543.319002783099,2108.891558366839,1874.4505596016916,2109.349941474121,1873.9347186455382,2.602639851324592,6770217.0,1.0,0.13798733826155352,166,False,1.7027367367441875,False,2,False,True,False,True,True
Alternating Config 50 Magnets Horizontal LP_2,Alternating Config 50 Magnets Horizontal LP_2,legacy,,50,Alternating,2,-,data_image29.png,29,290.0,909.6195899734814,590.3734586993894,621.6476470412442,549.699539149697,2144.684382292293,1896.4634100664548,2145.1337859480577,1895.955064275921,2.5078085318646837,6700591.0,1.0,0.12731630205939237,154,False,1.7029826038817868,False,2,False,True,False,True,True
Alternating Config 50 Magnets Horizontal LP_3,Alternating Config 50 Magnets Horizontal LP_3,legacy,,50,Alternating,3,-,data_image01.png,1,10.0,602.126167301813,674.8864996445833,522.3907140418257,509.0240642827989,1802.2479634442989,1756.1330217756563,1803.086066007494,1755.2725003484895,-7.658390599287299,6661195.0,1.0,0.14293693031336194,176,False,1.6,True,0,False,True,False,True,True
Alternating Config 50 Magnets Horizontal LP_3,Alternating Config 50 Magnets Horizontal LP_3,legacy,,50,Alternating,3,-,data_image02.png,2,20.0,624.3177491900874,689.6935605970042,512.1689102198904,493.56662184626214,1766.9827402586222,1702.8048453696044,1767.0549722462965,1702.72988781125,1.9380472831084954,6692080.0,1.0,0.14163101507222486,176,False,1.6,True,0,False,True,False,True,True
Alternating Config 50 Magnets Horizontal LP_3,Alternating Config 50 Magnets Horizontal LP_3,legacy,,50,Alternating,3,-,data_image03.png,3,30.0,613.048349284041,703.7154368478473,505.46121106986413,490.2972764064436,1743.8411781910313,1691.5256036022304,1743.9435788793996,1691.4200294669229,-2.5499337346737994,6569301.0,1.0,0.15994664683431875,179,False,1.6,True,0,False,True,False,True,True
Alternating Config 50 Magnets Horizontal LP_3,Alternating Config 50 Magnets Horizontal LP_3,legacy,,50,Alternating,3,-,data_image04.png,4,40.0,660.0789701584205,686.8897021044286,498.457872893921,477.42277999249603,1719.6796614840275,1647.1085909741114,1719.6957211591834,1647.0918235512368,0.8613096903002816,6535646.0,1.0,0.08569690289416836,199,False,1.6426497249382856,False,0,False,True,False,True,True
Alternating Config 50 Magnets Horizontal LP_3,Alternating Config 50 Magnets Horizontal LP_3,legacy,,50,Alternating,3,-,data_image05.png,5,50.0,641.6950325337297,685.9753225437596,489.12942272725365,471.57869429629005,1687.4965084090252,1626.9464953222007,1687.696160724814,1626.7393871203114,3.310815915763119,6720871.0,1.0,0.09084277467197499,208,False,1.6668580278401375,False,0,False,True,False,True,True
Alternating Config 50 Magnets Horizontal LP_3,Alternating Config 50 Magnets Horizontal LP_3,legacy,,50,Alternating,3,-,data_image06.png,6,60.0,678.3783674411799,692.3229429109931,483.02527767966836,465.1093541562517,1666.437207994856,1604.6272718390685,1666.5815050944811,1604.4774029559894,2.788929242419716,6882043.0,1.0,0.0879149887487151,194,False,1.6626987618841975,False,0,False,True,False,True,True
Alternating Config 50 Magnets Horizontal LP_3,Alternating Config 50 Magnets Horizontal LP_3,legacy,,50,Alternating,3,-,data_image07.png,7,70.0,677.3661382710123,700.7011873290346,479.10978405205714,456.56016740852306,1652.9287549795972,1575.1325775594046,1652.9429304068449,1575.1177018703613,0.7825573345157757,6533488.0,1.0,0.09410546161270456,167,False,1.6571352216785904,False,0,False,True,False,True,True
Alternating Config 50 Magnets Horizontal LP_3,Alternating Config 50 Magnets Horizontal LP_3,legacy,,50,Alternating,3,-,data_image08.png,8,80.0,693.4678189464654,704.053468768939,474.58468430783336,449.1205195168092,1637.3171608620253,1549.465792332992,1637.5018229965453,1549.2706369599796,-2.658119010965731,6634789.0,1.0,0.09124822020679607,226,False,1.6696952603057056,False,0,False,True,False,True,True
Alternating Config 50 Magnets Horizontal LP_3,Alternating Config 50 Magnets Horizontal LP_3,legacy,,50,Alternating,3,-,data_image09.png,9,90.0,705.5778087964836,704.8361464351813,469.65162528202615,445.43142214385506,1620.2981072229902,1536.7384063963,1620.451580703445,1536.576571655169,-2.483948461371238,6528677.0,1.0,0.08748105502575733,192,False,1.6799802823738184,False,0,False,True,False,True,True
Alternating Config 50 Magnets Horizontal LP_3,Alternating Config 50 Magnets Horizontal LP_3,legacy,,50,Alternating,3,-,data_image10.png,10,100.0,711.2042691010264,705.6423985098454,466.9223263861177,439.43830014496,1610.882026032106,1516.0621355001122,1610.8943740718519,1516.0490150632068,-0.663607060075898,6234521.0,1.0,0.0768115519224681,197,False,1.6992301861841927,False,0,False,True,False,True,True
Alternating Config 50 Magnets Horizontal LP_3,Alternating Config 50 Magnets Horizontal LP_3,legacy,,50,Alternating,3,-,data_image11.png,11,110.0,666.4452925780079,695.5602341387607,467.0228144286241,439.9312510245299,1611.2287097787532,1517.7628160346283,1611.2953787767938,1517.692038354692,-1.5519874689774478,6234081.0,1.0,0.07624814239800959,197,False,1.743135400348285,False,0,False,True,False,True,True
Alternating Config 50 Magnets Horizontal LP_3,Alternating Config 50 Magnets Horizontal LP_3,legacy,,50,Alternating,3,-,data_image12.png,12,120.0,742.6942124049469,698.0569926312619,466.7970966437863,440.205163176911,1610.4499834210628,1518.707812960343,1610.45150913384,1518.7061950806108,-0.23705183029334354,6284251.0,1.0,0.07801896955758826,188,False,1.730737891340442,False,0,False,True,False,True,True
Alternating Config 50 Magnets Horizontal LP_3,Alternating Config 50 Magnets Horizontal LP_3,legacy,,50,Alternating,3,-,data_image13.png,13,130.0,756.0918318544313,699.8337165021013,469.4740905808695,440.77300136822674,1619.6856125039997,1520.6668547203824,1619.6893755541098,1520.6628466280006,-0.35872457022948967,6412753.0,1.0,0.07684262998869598,220,False,1.7204443265614493,False,0,False,True,False,True,True
Alternating Config 50 Magnets Horizontal LP_3,Alternating Config 50 Magnets Horizontal LP_3,legacy,,50,Alternating,3,-,data_image14.png,14,140.0,765.9156191552676,697.5449612037712,471.410279176041,444.70032237490176,1626.3654631573415,1534.2161121934112,1626.4173680824597,1534.161087847226,-1.3788439381934805,6428331.0,1.0,0.06547723672191992,184,False,1.7155430158495641,False,0,False,True,False,True,True
Alternating Config 50 Magnets Horizontal LP_3,Alternating Config 50 Magnets Horizontal LP_3,legacy,,50,Alternating,3,-,data_image15.png,15,150.0,768.8349810921943,687.1399316704916,477.9229784770485,445.91029674443524,1648.8342757458174,1538.3905237683016,1649.6490066695733,1537.516838050379,-4.974680881840172,6327281.0,1.0,0.053069362707732284,168,False,1.7575633142652622,False,0,False,True,False,True,True
Alternating Config 50 Magnets Horizontal LP_3,Alternating Config 50 Magnets Horizontal LP_3,legacy,,50,Alternating,3,-,data_image16.png,16,160.0,786.6742479607154,682.99309844196,483.1188755769316,451.69446483893483,1666.760120740414,1558.3459036943252,1666.8095854256808,1558.2929960647818,-1.2437677823219884,6532438.0,1.0,0.060499478865476616,205,False,1.7533950018440023,False,0,False,True,False,True,True
Alternating Config 50 Magnets Horizontal LP_3,Alternating Config 50 Magnets Horizontal LP_3,legacy,,50,Alternating,3,-,data_image17.png,17,170.0,791.1634900864494,671.4564412706321,492.0372351974076,456.34472997066996,1697.5284614310563,1574.3893183988114,1697.8743814159516,1574.016260458628,-3.0860608786128325,6503220.0,1.0,0.057588287201802035,194,False,1.7860992885555165,False,0,False,True,False,True,True
Alternating Config 50 Magnets Horizontal LP_3,Alternating Config 50 Magnets Horizontal LP_3,legacy,,50,Alternating,3,-,data_image18.png,18,180.0,785.2180578461224,675.8954106257014,498.93876191960135,464.1866787482478,1721.3387286226248,1601.444041681455,1721.363695583373,1601.4172051095059,-0.8414459032726275,6564969.0,1.0,0.06406479116948625,159,False,1.7367946878205665,False,0,False,True,False,True,True
Alternating Config 50 Magnets Horizontal LP_3,Alternating Config 50 Magnets Horizontal LP_3,legacy,,50,Alternating,3,-,data_image19.png,19,190.0,837.6690055131295,672.256819843257,507.34139828163575,470.85623923621864,1750.3278240716434,1624.4540253649543,1750.332769063981,1624.4486971845538,-0.3657422879850503,6385484.0,1.0,0.06665677426460165,229,False,1.7274599913139894,False,0,False,True,False,True,True
Alternating Config 50 Magnets Horizontal LP_3,Alternating Config 50 Magnets Horizontal LP_3,legacy,,50,Alternating,3,-,data_image20.png,20,200.0,834.7042614861393,670.5816751685205,514.1569196449976,479.45806457728474,1773.841372775242,1654.1303227916324,1773.936066357175,1654.0287703136057,-1.6382466265446058,6484076.0,1.0,0.06363637895364907,212,False,1.7034175038963775,False,0,False,True,False,True,True
Alternating Config 50 Magnets Horizontal LP_3,Alternating Config 50 Magnets Horizontal LP_3,legacy,,50,Alternating,3,-,data_image21.png,21,210.0,852.0804737135293,664.1829929791692,520.1998920246835,488.1790228771891,1794.6896274851583,1684.2176289263025,1794.766698485502,1684.1354988825587,1.536294896215671,6699492.0,1.0,0.06878069964055443,208,False,1.6992236366494755,False,0,False,True,False,True,True
Alternating Config 50 Magnets Horizontal LP_3,Alternating Config 50 Magnets Horizontal LP_3,legacy,,50,Alternating,3,-,data_image22.png,22,220.0,867.8683366092033,652.5291886511538,534.923560285313,491.19385441265064,1845.4862829843298,1694.6187977236448,1846.2365439582254,1693.8013797475899,4.108365143411421,6545335.0,1.0,0.06928170880555087,195,False,1.736305534410637,False,1,False,True,False,True,True
Alternating Config 50 Magnets Horizontal LP_3,Alternating Config 50 Magnets Horizontal LP_3,legacy,,50,Alternating,3,-,data_image23.png,23,230.0,873.1373566501137,654.2640738873271,535.1917261022294,506.0307451954204,1846.4114550526915,1745.8060709242006,1853.8300188790809,1737.9264540619602,14.879501944689572,6449604.0,1.0,0.08655101331227989,199,False,1.6784804115643668,False,1,False,True,False,True,True
Alternating Config 50 Magnets Horizontal LP_3,Alternating Config 50 Magnets Horizontal LP_3,legacy,,50,Alternating,3,-,data_image24.png,24,240.0,880.3583056852207,651.1035825997884,550.4697356384297,501.94770569709885,1899.1205879525826,1731.7195846549912,1910.680228779493,1718.956890330343,14.570277061343697,6279211.0,1.0,0.09213903639113935,205,False,1.7045491297567055,False,2,False,True,False,True,True
Alternating Config 50 Magnets Horizontal LP_3,Alternating Config 50 Magnets Horizontal LP_3,legacy,,50,Alternating,3,-,data_image25.png,25,250.0,877.7940300715155,640.4771733360863,566.0829402169463,503.5262384324504,1952.9861437484649,1737.165522591954,1958.5911013805344,1730.8436752487678,9.29576311803738,6490195.0,1.0,0.10275704616273047,229,False,1.7414471191169558,False,4,False,True,False,True,True
Alternating Config 50 Magnets Horizontal LP_3,Alternating Config 50 Magnets Horizontal LP_3,legacy,,50,Alternating,3,-,data_image26.png,26,260.0,880.6026000858625,630.146044947757,575.3576132782729,516.527562987594,1984.9837658100416,1782.0200923071995,1994.3297353085338,1771.5544210608289,12.154415128561533,6650165.0,1.0,0.11444373546454994,223,False,1.7374545179294376,False,4,False,True,False,True,True
Alternating Config 50 Magnets Horizontal LP_3,Alternating Config 50 Magnets Horizontal LP_3,legacy,,50,Alternating,3,-,data_image27.png,27,270.0,890.975171032748,624.6658065682801,596.6661696929299,529.3838147708369,2058.498285440608,1826.3741609593874,2058.6703774990206,1826.1801783477092,1.6049802473707437,6746515.0,1.0,0.11404975800604956,166,False,1.7159322825791592,False,2,False,True,False,True,True
Alternating Config 50 Magnets Horizontal LP_3,Alternating Config 50 Magnets Horizontal LP_3,legacy,,50,Alternating,3,-,data_image28.png,28,280.0,914.4707445704935,606.4635044464324,607.2856495021074,538.8544638777405,2095.1354907822706,1859.0479003782048,2095.1443366180097,1859.0379311282377,-0.36102246545591193,6820187.0,1.0,0.11304671114547864,159,False,1.7273464514450534,False,2,False,True,False,True,True
Alternating Config 50 Magnets Horizontal LP_3,Alternating Config 50 Magnets Horizontal LP_3,legacy,,50,Alternating,3,-,data_image29.png,29,290.0,913.8860813161277,608.0933213919806,618.3643079267127,549.1986896320061,2133.356862347159,1894.735479230421,2133.4205387228376,1894.6637810793259,0.9630639609464422,7134870.0,1.0,0.15251535576041417,167,False,1.6982560882141877,False,2,False,True,False,True,True
Alternting 25 Magents/H,Alternting 25 Magents,legacy,,25,Alternating,1,H,image_01.png,1,10.0,598.1386316398149,614.0931833548466,305.1763659215199,308.530527780502,1052.8584624292437,1064.4303208427318,1049.1326953137043,1068.1027279536527,63.79557126547242,1757052.0,0.0,0.003660646801586963,201,False,3.0,False,2,False,True,False,True,True
Alternting 25 Magents/H,Alternting 25 Magents,legacy,,25,Alternating,1,H,image_02.png,2,20.0,629.128589278037,627.7037563879669,298.2133306500766,297.86947099135534,1028.8359907427644,1027.649674920176,1040.2850939455625,1016.0582038081583,-43.596543071756535,1537461.0,0.0,0.0021134848569625097,193,False,3.0,False,1,False,True,False,True,True
Alternting 25 Magents/H,Alternting 25 Magents,legacy,,25,Alternating,1,H,image_03.png,3,30.0,650.8066206391026,622.431421915311,294.32448086338775,298.4784561210992,1015.4194589786878,1029.7506736177922,999.5185138006302,1045.1917853000223,-54.145623247158085,1462457.0,0.0,0.0021134848569625097,149,False,3.0,False,0,False,True,False,True,True
Alternting 25 Magents/H,Alternting 25 Magents,legacy,,25,Alternating,1,H,image_04.png,4,40.0,663.9932055213604,627.0077438732511,287.3878908574241,291.5524234999321,991.4882234581132,1005.8558610747658,983.2422477358625,1013.9179418384474,-58.96573554014327,1506223.0,0.0,0.0021134848569625097,146,False,3.0,False,0,False,True,False,True,True
Alternting 25 Magents/H,Alternting 25 Magents,legacy,,25,Alternating,1,H,image_05.png,5,50.0,684.8605651680509,621.4899165273839,288.92701205287017,283.36222163309424,996.7981915824022,977.5996646341752,999.1476107945656,975.1983341240439,-18.355833784270487,1442509.0,0.0,0.0021134848569625097,150,False,3.0,False,1,False,True,False,True,True
Alternting 25 Magents/H,Alternting 25 Magents,legacy,,25,Alternating,1,H,image_06.png,6,60.0,699.8085316655524,625.670358854352,291.955029712041,292.16100593700514,1007.2448525065414,1007.9554704826678,998.0154905787447,1017.0946386358195,-46.067307984847325,1688791.0,0.0,0.0021134848569625097,180,False,3.0,False,0,False,True,False,True,True
Alternting 25 Magents/H,Alternting 25 Magents,legacy,,25,Alternating,1,H,image_07.png,7,70.0,724.3052497686647,621.1060399806119,297.1673666152829,293.03475403622355,1025.2274148227261,1010.9699014249713,1027.1117382706757,1009.055434947901,-18.924718271016495,1702075.0,0.0,0.002988912273040612,163,False,3.0,False,0,False,True,False,True,True
Alternting 25 Magents/H,Alternting 25 Magents,legacy,,25,Alternating,1,H,image_08.png,8,80.0,737.5641727957264,621.4875595097246,305.06009064927065,297.39045152524113,1052.4573127399838,1025.997057762082,1053.4202143103103,1025.008394969884,-10.678996838272992,2159521.0,0.0,0.002988912273040612,192,False,3.0,False,0,False,True,False,True,True
Alternting 25 Magents/H,Alternting 25 Magents,legacy,,25,Alternating,1,H,image_09.png,9,90.0,752.4175269927923,621.1346970632535,313.6687257952347,303.24131050315,1082.1571039935598,1046.1825212358674,1085.0753444887996,1043.155483255338,15.441401125189882,2079444.0,0.0,0.0021134848569625097,145,False,3.0,False,1,False,True,False,True,True
Alternting 25 Magents/H,Alternting 25 Magents,legacy,,25,Alternating,1,H,image_10.png,10,100.0,762.3522124847154,619.9817068105999,324.2895788540066,320.9841524135261,1118.7990470463228,1107.3953258266652,1123.5416863452808,1102.5832369390116,28.517456373349695,1986477.0,0.0,0.0021134848569625097,145,False,2.9099370649005856,False,0,False,True,False,True,True
Alternting 25 Magents/H,Alternting 25 Magents,legacy,,25,Alternating,1,H,image_11.png,11,110.0,756.2692073138676,614.1951792892917,334.9370491541853,332.5241184576276,1155.5328195819393,1147.2082086788153,1160.695655833981,1141.9843981942872,31.79119988776089,2282568.0,0.0,0.0,183,False,2.843732496179559,False,0,False,True,False,True,True
Alternting 25 Magents/H,Alternting 25 Magents,legacy,,25,Alternating,1,H,image_12.png,12,120.0,781.1742071234368,611.785710363461,338.0124820172995,343.4491003416383,1166.1430629596832,1184.8993961786523,1161.247230302431,1189.697899665482,65.6226964345994,2057855.0,0.0,0.0021134848569625097,194,False,2.7673054852310295,False,2,False,True,False,True,True
Alternting 25 Magents/H,Alternting 25 Magents,legacy,,25,Alternating,1,H,image_13.png,13,130.0,813.5068599717775,601.0537166001884,358.9690572905642,360.37866394370565,1238.4432476524466,1243.3063906057846,1238.2956675009004,1243.4533760562244,-80.27122152686124,2141554.0,0.0,0.0021134848569625097,165,False,2.6968521997570756,False,2,False,True,False,True,True
Alternting 25 Magents/H,Alternting 25 Magents,legacy,,25,Alternating,1,H,image_14.png,14,140.0,815.1222002587289,591.9191101724268,390.5517356653737,385.41168045411257,1347.4034880455395,1329.6702975666885,1363.2269275230044,1313.44265345106,34.56482733498715,2482908.0,0.0,0.0021134848569625097,164,False,2.569105371986226,False,0,False,True,False,True,True
Alternting 25 Magents/H,Alternting 25 Magents,legacy,,25,Alternating,1,H,image_15.png,15,150.0,838.9506616195805,584.8339988251939,407.6051948337202,399.7525643020431,1406.2379221763347,1379.1463468420486,1407.1467314543454,1378.2190739980115,10.2612413096503,2591066.0,0.0,0.0021134848569625097,146,False,2.5123841396818754,False,1,False,True,False,True,True
Alternting 25 Magents/H,Alternting 25 Magents,legacy,,25,Alternating,1,H,image_16.png,16,160.0,861.7905249610699,577.1222864347246,430.11834357733284,419.63148974214715,1483.9082853417983,1447.7286396104078,1485.991524119707,1445.5902612769046,13.212051286127855,2479441.0,0.0,0.0021134848569625097,143,False,2.430121313720199,False,1,False,True,False,True,True
Alternting 25 Magents/H,Alternting 25 Magents,legacy,,25,Alternating,1,H,image_17.png,17,170.0,872.3510755397106,566.4901139108312,455.76648829970316,453.6598229927975,1572.394384633976,1565.1263893251514,1601.7960101087301,1535.0225592447166,41.87491135212588,2730908.0,0.0,0.0036606468015869626,130,False,2.294714496229183,False,0,False,True,False,True,False
Alternting 25 Magents/H,Alternting 25 Magents,legacy,,25,Alternating,1,H,image_18.png,18,180.0,896.1839533837635,558.3202275777048,477.1234290873944,459.5828781451835,1646.0758303515108,1585.5609296008831,1658.046330990803,1573.0389267377238,22.301082819778436,2914521.0,0.0,0.002988912273040612,130,False,2.300693944717774,False,2,False,True,False,True,True
Alternting 25 Magents/H,Alternting 25 Magents,legacy,,25,Alternating,1,H,image_19.png,19,190.0,916.7146807679987,539.0440386126571,504.53192380880625,487.5125958775485,1740.6351371403816,1681.9184557775425,1754.1068925140357,1667.8637181039646,23.541312390449256,3196672.0,0.0,0.0021134848569625097,138,False,2.1337933328992964,False,2,False,True,False,True,True
Alternting 25 Magents/H,Alternting 25 Magents,legacy,,25,Alternating,1,H,image_20.png,20,200.0,929.7907847093651,523.0966406306125,525.3621475242263,509.7110310869691,1812.499408958581,1758.5030572500436,1831.0710070527398,1739.1567143198513,27.006855746603666,3354707.0,0.0,0.002988912273040612,126,False,1.9994181130542537,False,2,False,True,False,True,True
Alternting 25 Magents/H,Alternting 25 Magents,legacy,,25,Alternating,1,H,image_21.png,21,210.0,940.4895407510642,509.54377690768973,549.1379113091033,536.9658127425673,1894.5257940164065,1852.5320539618574,1913.342371926108,1833.0913678651723,29.2208087590304,4104310.0,0.0,0.002988912273040612,126,False,1.8738843144971788,False,2,False,True,False,True,True
Alternting 25 Magents/H,Alternting 25 Magents,legacy,,25,Alternating,1,H,image_22.png,22,220.0,957.1992919531432,501.19975352119553,580.213201306224,556.4200092170039,2001.7355445064732,1919.6490317986636,2020.186177633461,1900.2224614830968,23.40454257585079,4096904.0,0.0,0.002988912273040612,134,False,1.7159234120360123,False,2,False,True,False,True,True
Alternting 25 Magents/H,Alternting 25 Magents,legacy,,25,Alternating,1,H,image_23.png,23,230.0,984.4385231013111,484.1546806738939,604.0347904567617,588.1023418319896,2083.920027075828,2028.9530793203644,2111.728836396159,1999.9936497059768,30.26140161489011,4814467.0,0.0,0.043532758891421934,133,False,1.6,True,2,False,True,False,True,True
Alternting 25 Magents/V,Alternting 25 Magents,legacy,,25,Alternating,1,V,image_01.png,1,10.0,990.2288053410693,579.2872386053926,316.45389716102176,305.235974393409,1091.7659452055252,1053.064111657261,1117.6284824863417,1025.5747059606565,32.559168787742436,1697338.0,0.0,0.0021134848569625097,164,False,2.9374013239628027,False,0,False,True,False,True,True
Alternting 25 Magents/V,Alternting 25 Magents,legacy,,25,Alternating,1,V,image_02.png,2,20.0,742.8650657228684,580.3589734531811,302.7258686805252,296.3538755845553,1044.404246947812,1022.4208707667158,1072.0198686297465,993.4274353394197,36.8728746471045,2406164.0,0.0,0.016504632258920304,210,False,3.0,False,0,False,True,False,True,True
Alternting 25 Magents/V,Alternting 25 Magents,legacy,,25,Alternating,1,V,image_03.png,3,30.0,824.2698568844467,590.1356831447331,301.63078739867893,282.57192467030245,1040.6262165254423,974.8731401125435,1059.4981691507562,954.3291839816821,25.632008572380457,2320782.0,0.0,0.0021134848569625097,192,False,3.0,False,1,False,True,False,True,True
Alternting 25 Magents/V,Alternting 25 Magents,legacy,,25,Alternating,1,V,image_04.png,4,40.0,562.9947943041509,607.4142542421406,296.2143953199675,290.60205674236016,1021.9396638538879,1002.5770957611426,1041.9685131941915,981.7449398975943,35.61896110905967,2462495.0,0.0,1.7351299053772515,212,False,3.0,False,2,False,True,False,True,True
Alternting 25 Magents/V,Alternting 25 Magents,legacy,,25,Alternating,1,V,image_05.png,5,50.0,505.79773277184603,606.7223834725039,293.27999431139506,287.83391027599976,1011.815980374313,993.0269904521992,1031.079879116411,973.0100024093648,35.5571926350428,1942460.0,0.0,1.5403810170148757,219,False,3.0,False,1,False,True,False,True,True
Alternting 25 Magents/V,Alternting 25 Magents,legacy,,25,Alternating,1,V,image_06.png,6,60.0,539.6892356465531,606.5734600252533,294.78307382411947,292.2754985019332,1017.0016046932122,1008.3504698316697,1035.9533248905866,988.8698815347027,39.70474684040178,1913408.0,0.0,0.00921209654571254,203,False,3.0,False,0,False,True,False,True,True
Alternting 25 Magents/V,Alternting 25 Magents,legacy,,25,Alternating,1,V,image_07.png,7,70.0,376.7547104368545,606.2098912710962,303.51859460388346,298.71833854271864,1047.139151383398,1030.5782679723793,1065.0056968104366,1012.1041619014363,35.875637796134455,1856728.0,0.0,3.8163520692972104,158,False,2.4825807521186647,False,1,False,True,False,True,True
Alternting 25 Magents/V,Alternting 25 Magents,legacy,,25,Alternating,1,V,image_08.png,8,80.0,401.3150104529463,596.0056363655434,306.88846392695984,306.6420629638192,1058.7652005480115,1057.9151172251763,1076.8832962723918,1039.4664551367391,44.348983159719154,1811451.0,0.0,0.07976645757154358,136,False,2.6153802284888767,False,0,False,True,False,True,True
Alternting 25 Magents/V,Alternting 25 Magents,legacy,,25,Alternating,1,V,image_09.png,9,90.0,427.97378626275446,593.9759792810737,317.6348664768958,317.2698984791575,1095.8402893452906,1094.5811497530935,1110.9867365700616,1079.2044775261913,43.864620363416684,1834458.0,0.0,0.002988912273040612,136,False,2.6947531989148583,False,0,False,True,False,True,True
Alternting 25 Magents/V,Alternting 25 Magents,legacy,,25,Alternating,1,V,image_10.png,10,100.0,446.40009982225973,594.3560527052813,328.2207509877083,332.66592559045176,1132.3615909075936,1147.6974432870586,1121.5914297027255,1158.2248739807933,57.37546242916354,1835262.0,0.0,0.002988912273040612,155,False,2.7201211287154554,False,0,False,True,False,True,True
Alternting 25 Magents/V,Alternting 25 Magents,legacy,,25,Alternating,1,V,image_11.png,11,110.0,446.40552362765976,582.931208994316,340.256684681214,347.9438299887927,1173.8855621501882,1200.4062134613348,1166.1805413324964,1207.892932075807,64.74176492907071,2349217.0,0.0,0.002988912273040612,208,False,2.623933893001376,False,1,False,True,False,True,True
Alternting 25 Magents/V,Alternting 25 Magents,legacy,,25,Alternating,1,V,image_12.png,12,120.0,474.0336297771978,581.0024593913234,360.27893147977323,366.86857452634774,1242.9623136052178,1265.6965821158997,1235.8515198734256,1272.6406294980727,64.08522418815265,2855178.0,0.0,0.0021134848569625097,210,False,2.6314812683061986,False,0,False,True,False,True,True
Alternting 25 Magents/V,Alternting 25 Magents,legacy,,25,Alternating,1,V,image_13.png,13,130.0,502.04390845749816,565.7928104040546,377.819755334156,386.2001541531757,1303.4781559028384,1332.3905318284562,1298.8615555158106,1336.8913537849778,69.7448510760317,3508709.0,0.0,0.0021134848569625097,205,False,2.657584212416179,False,0,False,True,False,True,True
Alternting 25 Magents/V,Alternting 25 Magents,legacy,,25,Alternating,1,V,image_14.png,14,140.0,517.3294515517144,553.9166338774763,398.5503539721238,403.1969252737196,1374.9987212038272,1391.0293921943328,1373.727105932504,1392.285204865369,74.8738289130709,3489463.0,0.0,0.002988912273040612,198,False,2.5960556622057274,False,0,False,True,False,True,True
Alternting 25 Magents/V,Alternting 25 Magents,legacy,,25,Alternating,1,V,image_15.png,15,150.0,539.8046387719182,537.8792538861054,413.39694199049484,416.78059723721134,1426.2194498672072,1437.8930604683792,1417.1237928140308,1446.8581576516124,-56.55863965621447,3490191.0,0.0,0.0021134848569625097,205,False,2.581117960152272,False,1,False,True,False,True,False
Alternting 25 Magents/V,Alternting 25 Magents,legacy,,25,Alternating,1,V,image_16.png,16,160.0,556.8396033720329,530.2445566290226,437.8373586049414,438.6279494331473,1510.538887187048,1513.2664255443583,1510.4526507134713,1513.3525016785525,-80.0744979720363,3941124.0,0.0,0.0021134848569625097,214,False,2.417741766407153,False,1,False,True,False,True,False
Alternting 25 Magents/V,Alternting 25 Magents,legacy,,25,Alternating,1,V,image_17.png,17,170.0,599.2638159261693,521.6936181255799,464.5773289979847,475.92834518477247,1602.7917850430472,1641.9527908874652,1596.73414554931,1647.844210519165,70.00909743143792,4755092.0,0.0,0.002988912273040612,201,False,2.192320013732486,False,0,False,True,False,True,True
Alternting 25 Magents/V,Alternting 25 Magents,legacy,,25,Alternating,1,V,image_18.png,18,180.0,596.9288742179028,520.910625642298,482.3702148499557,496.3137151580217,1664.1772412323471,1712.2823172951748,1656.075227697501,1720.1196076331757,69.34634201525854,5368419.0,0.0,0.0021134848569625097,185,False,2.0991183992424824,False,0,False,True,False,True,True
Alternting 25 Magents/V,Alternting 25 Magents,legacy,,25,Alternating,1,V,image_19.png,19,190.0,637.5280295834788,504.97915663634245,510.4818897148741,520.3410252711346,1761.1625195163158,1795.1765371854146,1753.3900034656342,1802.768902426725,66.77044196094187,5952782.0,0.0,0.0021134848569625097,190,False,1.9409546128837811,False,0,False,True,False,True,True
Alternting 25 Magents/V,Alternting 25 Magents,legacy,,25,Alternating,1,V,image_20.png,20,200.0,655.2603715672367,493.153466009092,536.7150487600501,545.5582212413793,1851.6669182221729,1882.1758632827589,1845.1419677790732,1888.5728673003246,67.31376198878745,5857890.0,0.0,0.0021134848569625097,163,False,1.8078857464083522,False,0,False,True,False,True,True
Alternting 25 Magents/V,Alternting 25 Magents,legacy,,25,Alternating,1,V,image_21.png,21,210.0,666.1765185789016,480.2568668878652,560.5774593079276,569.3706976811696,1933.9922346123503,1964.3289070000353,1922.9317482322351,1975.1575911955347,62.75726068823052,5969298.0,0.0,0.002988912273040612,155,False,1.6869736427767597,False,0,False,True,False,True,True
Alternting 25 Magents/V,Alternting 25 Magents,legacy,,25,Alternating,1,V,image_22.png,22,220.0,688.102745364715,465.7753743813984,578.567824140669,593.6962990385402,1996.0589932853081,2048.252231682964,1988.7826730658835,2055.3180261415314,70.8365145285843,5899799.0,0.0,0.004725853589583613,140,False,1.6,True,0,False,True,False,True,True
Alternting 25 Magents/V,Alternting 25 Magents,legacy,,25,Alternating,1,V,image_23.png,23,230.0,709.4595061098321,450.3720637182953,603.9416676782326,618.9372206256917,2083.5987534899027,2135.3334111586364,2072.0500439479365,2146.541673886256,66.99604320393547,5764561.0,0.0,0.10756991390343973,119,False,1.6,True,0,False,True,False,True,True
Alternting 50 Magents/V,Alternting 50 Magents,legacy,,50,Alternating,1,V,image_01.png,1,10.0,988.9216659172979,585.8390472445823,319.24983380082233,309.67955810670236,1101.411926612837,1068.3944754681231,1121.3624784292115,1047.435525112121,31.729749736095915,1630261.0,0.0,0.0021134848569625097,104,False,2.919834466529339,False,0,False,True,False,True,True
Alternting 50 Magents/V,Alternting 50 Magents,legacy,,50,Alternating,1,V,image_02.png,2,20.0,1133.5351881602649,588.6938129837886,311.9113271849664,291.3778783600947,1076.094078788134,1005.2536803423268,1091.7099595162315,988.2726306732087,23.369906082847415,1643280.0,0.0,0.0036606468015869626,180,False,2.061257696159931,False,1,False,True,False,True,True
Alternting 50 Magents/V,Alternting 50 Magents,legacy,,50,Alternating,1,V,image_03.png,3,30.0,1035.946510886093,590.6011256637423,311.53775426433765,289.59727693827216,1074.805252211965,999.110605437039,1089.7034914754556,982.8400850318397,22.431324395019374,1667816.0,0.0,0.0021134848569625097,154,False,2.6902260376335834,False,1,False,True,False,True,True
Alternting 50 Magents/V,Alternting 50 Magents,legacy,,50,Alternating,1,V,image_04.png,4,40.0,1114.9043423533128,590.696551538233,302.2700843652254,296.94056863367547,1042.8317910600276,1024.4449617861803,1065.0738874173041,1001.3007732526454,36.61764265826924,1706471.0,0.0,0.0021134848569625097,192,False,2.2502766581145233,False,0,False,True,False,True,True
Alternting 50 Magents/V,Alternting 50 Magents,legacy,,50,Alternating,1,V,image_05.png,5,50.0,992.6261835374721,591.257989813951,296.7910113468102,291.7093651352273,1023.9289891464953,1006.3973097165342,1038.2980876512263,991.5660346134531,33.98046904724929,1802858.0,0.0,0.002988912273040612,188,False,3.0,False,0,False,True,False,True,True
Alternting 50 Magents/V,Alternting 50 Magents,legacy,,50,Alternating,1,V,image_06.png,6,60.0,1076.1898428267027,587.6735298711786,296.91890020213816,295.1341929550088,1024.3702056973766,1018.2129656947805,1044.4175466385893,997.6391883355809,41.217243048214996,1696535.0,0.0,0.0021134848569625097,136,False,2.551606899496184,False,0,False,True,False,True,True
Alternting 50 Magents/V,Alternting 50 Magents,legacy,,50,Alternating,1,V,image_07.png,7,70.0,876.8387310679623,594.0165348896642,301.97365536831677,298.26614586657007,1041.8091110206929,1029.0182032396667,1056.1729965660438,1014.2698298426424,36.11171640981512,1776486.0,0.0,0.002988912273040612,132,False,3.0,False,0,False,True,False,True,True
Alternting 50 Magents/V,Alternting 50 Magents,legacy,,50,Alternating,1,V,image_08.png,8,80.0,943.8872232009816,584.9919019103418,304.88499581107624,301.5153923760929,1051.853235548213,1040.2281036975205,1067.9438816909867,1023.7019109165385,37.381353508033634,2318695.0,0.0,0.002988912273040612,208,False,3.0,False,0,False,True,False,True,True
Alternting 50 Magents/V,Alternting 50 Magents,legacy,,50,Alternating,1,V,image_09.png,9,90.0,992.1660702464015,584.8661347416889,311.0045948181563,309.1262916040465,1072.9658521226393,1066.4857060339605,1087.1478417165788,1052.0252141688438,39.683290806179535,1758268.0,0.0,0.0021134848569625097,170,False,2.976406729633801,False,0,False,True,False,True,True
Alternting 50 Magents/V,Alternting 50 Magents,legacy,,50,Alternating,1,V,image_10.png,10,100.0,1050.1408188072708,582.0355251576918,320.71435187072507,320.7050562127594,1106.4645139540016,1106.43244393402,1124.7297900266553,1087.8599969921997,44.97507807925097,1705383.0,0.0,0.002988912273040612,161,False,2.5247337939894976,False,0,False,True,False,True,True
Alternting 50 Magents/V,Alternting 50 Magents,legacy,,50,Alternating,1,V,image_11.png,11,110.0,1111.1789503172038,573.9774998973645,332.472484349638,331.0841367462613,1147.0300710062513,1142.2402717746015,1164.9382078363951,1123.970548626275,41.64237537436878,1656348.0,0.0,0.0021134848569625097,141,False,2.0682584013860565,False,0,False,True,False,True,True
Alternting 50 Magents/V,Alternting 50 Magents,legacy,,50,Alternating,1,V,image_12.png,12,120.0,816.3961768745818,578.7345765975182,345.7696228248911,347.4430136744833,1192.9051987458743,1198.6783971769676,1170.9504657215498,1220.1343040338486,48.37116557101593,1703580.0,0.0,0.002988912273040612,127,False,2.9257568486600425,False,1,False,True,False,True,True
Alternting 50 Magents/V,Alternting 50 Magents,legacy,,50,Alternating,1,V,image_13.png,13,130.0,874.1520030319492,568.61385915469,354.76321119235644,358.36882034394006,1223.9330786136297,1236.3724301865932,1219.9031353156356,1240.3488652380115,63.73772801665307,1881298.0,0.0,0.0036606468015869626,140,False,2.8930432440897413,False,2,False,True,False,True,True
Alternting 50 Magents/V,Alternting 50 Magents,legacy,,50,Alternating,1,V,image_14.png,14,140.0,875.6571460492257,557.1770791873663,371.81463091763675,374.7450187822599,1282.760476665847,1292.8703147987967,1278.348729164647,1297.2326769038245,-61.18474236625851,1861749.0,0.0,0.002988912273040612,134,False,2.8276565538756606,False,1,False,True,False,True,True
Alternting 50 Magents/V,Alternting 50 Magents,legacy,,50,Alternating,1,V,image_15.png,15,150.0,945.505471118386,545.144755210272,392.75177251751586,398.0751620622579,1354.9936151854297,1373.3593091147898,1336.0211442512789,1391.8229022541038,54.60966785816736,2291579.0,0.0,0.002988912273040612,152,False,2.594486210034312,False,1,False,True,False,True,True
Alternting 50 Magents/V,Alternting 50 Magents,legacy,,50,Alternating,1,V,image_16.png,16,160.0,986.444414052065,544.1812091066772,414.18527764133074,420.03402844874853,1428.939207862591,1449.1173981481825,1400.0059284882245,1477.0889931146844,52.59021431798898,2657830.0,0.0,0.002988912273040612,142,False,2.2625330659656004,False,1,False,True,False,True,True
Alternting 50 Magents/V,Alternting 50 Magents,legacy,,50,Alternating,1,V,image_17.png,17,170.0,658.2814974562746,535.1836850966542,432.33374484517935,435.23140373562813,1491.5514197158689,1501.5483428879172,1466.013394316998,1526.4919886357181,49.75819441895908,2738110.0,0.0,0.002988912273040612,135,False,2.4593063850775803,False,1,False,True,False,True,True
Alternting 50 Magents/V,Alternting 50 Magents,legacy,,50,Alternating,1,V,image_18.png,18,180.0,656.3999831411304,535.0432501058524,455.58759875111065,459.7842361542791,1571.7772156913318,1586.255614732263,1545.8691111150554,1611.5145616271586,51.37213342137064,3096293.0,0.0,0.0021134848569625097,114,False,2.327366656069176,False,1,False,True,False,True,True
Alternting 50 Magents/V,Alternting 50 Magents,legacy,,50,Alternating,1,V,image_19.png,19,190.0,702.4422414401654,516.8283357809015,483.5665879265745,484.2148663083909,1668.3047283466822,1670.5412887639488,1651.0288104647666,1687.6174717939814,46.752361062533694,3456492.0,0.0,0.0021134848569625097,110,False,2.1347066013117386,False,0,False,True,False,True,True
Alternting 50 Magents/V,Alternting 50 Magents,legacy,,50,Alternating,1,V,image_20.png,20,200.0,697.3943824518948,511.46234281847114,488.82833951114173,503.23278127282146,1686.457771313439,1736.153095391234,1642.484456640747,1777.8110683516416,55.779947655504884,3720698.0,0.0,0.0021134848569625097,133,False,2.032706778460794,False,1,False,True,False,False,True
Alternting 50 Magents/V,Alternting 50 Magents,legacy,,50,Alternating,1,V,image_21.png,21,210.0,734.5980757858895,498.4428153944859,524.9051284488801,527.7871055330452,1810.9226931486364,1820.865514089006,1786.6897763304326,1844.649523382597,49.939505323305404,4139768.0,0.0,0.0021134848569625097,128,False,1.8888021023947406,False,0,False,True,False,True,True
Alternting 50 Magents/V,Alternting 50 Magents,legacy,,50,Alternating,1,V,image_22.png,22,220.0,768.7268321463395,476.54500442621685,551.931178520731,550.439861228911,1904.162565896522,1899.017521239743,1925.2913539940753,1877.593093716747,41.90358659995096,4098308.0,0.0,0.0021134848569625097,115,False,1.731506157138705,False,0,False,True,False,True,True
Alternting 50 Magents/V,Alternting 50 Magents,legacy,,50,Alternating,1,V,image_23.png,23,230.0,785.7231959299745,465.33695468089155,577.2255824652426,576.793920614691,1991.428259505087,1989.9390261206843,2013.0560684615368,1968.05719064863,44.05166725274241,4416680.0,0.0,0.004226941391918989,110,False,1.6135293318798525,False,0,False,True,False,True,True
Alternting 50 Magents/V,Alternting 50 Magents,legacy,,50,Alternating,1,V,image_24.png,24,240.0,825.2061780928881,446.8317828287335,598.054018293916,603.8403429286374,2063.2863631140103,2083.249183103799,2046.7916283864558,2099.4575025663194,56.13812996360252,5121451.0,0.0,0.09400510198754768,112,False,1.6,True,0,False,True,False,True,True
Control Config 0 Magnets Horizontal LP_3,Control Config 0 Magnets Horizontal LP_3,legacy,,0,Baseline,3,-,data_image01.png,1,10.0,624.3336070237465,669.8545907559786,523.4045257785148,498.76935226868625,1805.745613935876,1720.7542653269677,1806.0776522944811,1720.4057596311584,-3.6122487052021426,6592607.0,1.0,0.12444003705526785,182,False,1.6409425889720057,False,0,False,True,False,True,True
Control Config 0 Magnets Horizontal LP_3,Control Config 0 Magnets Horizontal LP_3,legacy,,0,Baseline,3,-,data_image02.png,2,20.0,639.9148294209224,685.6665798120359,513.6318301625239,485.21568519854407,1772.0298140607076,1673.9941139349771,1772.044040609913,1673.9790540947247,0.6998718423647936,6535825.0,1.0,0.1281854209039835,182,False,1.6213763898037479,False,0,False,True,False,True,True
Control Config 0 Magnets Horizontal LP_3,Control Config 0 Magnets Horizontal LP_3,legacy,,0,Baseline,3,-,data_image03.png,3,30.0,636.1735326329496,684.2558809866357,507.1133905210417,478.42652666974357,1749.541197297594,1650.5715170106155,1749.8232420989893,1650.2725093809222,3.09542118351971,6567733.0,1.0,0.09720754519713425,185,False,1.6502075850275677,False,0,False,True,False,True,True
Control Config 0 Magnets Horizontal LP_3,Control Config 0 Magnets Horizontal LP_3,legacy,,0,Baseline,3,-,data_image04.png,4,40.0,666.6181103650273,679.0243393809696,500.6236534967075,470.7153151337377,1727.151604563641,1623.9678372113951,1727.1517252978565,1623.967708805952,0.06292409386174662,6938303.0,1.0,0.08598351030317626,211,False,1.6994400587929526,False,0,False,True,False,True,True
Control Config 0 Magnets Horizontal LP_3,Control Config 0 Magnets Horizontal LP_3,legacy,,0,Baseline,3,-,data_image05.png,5,50.0,671.0532562865918,675.3739945480046,490.64445013176487,467.19599681003706,1692.7233529545888,1611.826188994628,1692.7442819485157,1611.804209293851,0.9325829225661525,6891055.0,1.0,0.08713953774068839,231,False,1.7278804421937974,False,0,False,True,False,True,True
Control Config 0 Magnets Horizontal LP_3,Control Config 0 Magnets Horizontal LP_3,legacy,,0,Baseline,3,-,data_image06.png,6,60.0,686.228839975235,682.8879225251518,487.26193745409296,456.42983335883395,1681.0536842166207,1574.682925087977,1681.083616660331,1574.6509700813463,-0.9764736729314287,6430061.0,1.0,0.08406092320745258,211,False,1.7356487539827514,False,0,False,True,False,True,True
Control Config 0 Magnets Horizontal LP_3,Control Config 0 Magnets Horizontal LP_3,legacy,,0,Baseline,3,-,data_image07.png,7,70.0,695.8226709017086,688.8043911598703,481.47077993898074,450.7792934000798,1661.0741907894837,1555.1885622302752,1661.0754131260103,1555.1872566694544,-0.1978468019928581,6434883.0,1.0,0.08119778663817728,171,False,1.7311959974563516,False,0,False,True,False,True,True
Control Config 0 Magnets Horizontal LP_3,Control Config 0 Magnets Horizontal LP_3,legacy,,0,Baseline,3,-,data_image08.png,8,80.0,708.1538447441405,692.3437644012515,476.67845572359397,444.97544247359576,1644.5406722463993,1535.1652765339054,1644.637752910765,1535.0612726040258,-1.7347919453065557,6329745.0,1.0,0.0793533968100745,172,False,1.737866455944455,False,0,False,True,False,True,True
Control Config 0 Magnets Horizontal LP_3,Control Config 0 Magnets Horizontal LP_3,legacy,,0,Baseline,3,-,data_image09.png,9,90.0,713.0966774804233,694.751985204472,471.14202431093923,443.5142131075721,1625.4399838727404,1530.124035221124,1625.6216654892528,1529.9310131589395,-2.534894806589886,6410045.0,1.0,0.08277971491344854,193,False,1.7327049703690653,False,0,False,True,False,True,True
Control Config 0 Magnets Horizontal LP_3,Control Config 0 Magnets Horizontal LP_3,legacy,,0,Baseline,3,-,data_image10.png,10,100.0,726.3145778541966,695.8582858670995,468.3255006732979,439.87249107361475,1615.7229773228778,1517.560094203971,1615.7677072198528,1517.5124695616082,-1.2415938563345799,6371898.0,1.0,0.07757875731787138,203,False,1.742015634843394,False,0,False,True,False,True,True
Control Config 0 Magnets Horizontal LP_3,Control Config 0 Magnets Horizontal LP_3,legacy,,0,Baseline,3,-,data_image11.png,11,110.0,738.5510766511176,696.5161263068594,466.53500456958074,439.27712068029433,1609.5457657650536,1515.5060663470156,1609.9130412390755,1515.1159060861216,-3.622219257108735,6308636.0,1.0,0.08535901337517689,178,False,1.7413808250631972,False,0,False,True,False,True,True
Control Config 0 Magnets Horizontal LP_3,Control Config 0 Magnets Horizontal LP_3,legacy,,0,Baseline,3,-,data_image12.png,12,120.0,742.3252152969343,698.1671287159585,470.02188227677175,438.64107260731384,1621.5754938548625,1513.3117004952328,1621.8690058333464,1512.9971292251576,-3.027425971977485,6542592.0,1.0,0.08890097508044631,203,False,1.7363879974291114,False,0,False,True,False,True,True
Control Config 0 Magnets Horizontal LP_3,Control Config 0 Magnets Horizontal LP_3,legacy,,0,Baseline,3,-,data_image13.png,13,130.0,752.9085452539658,697.8374378097408,472.38129479006517,440.15039020476587,1629.7154670257248,1518.5188462064423,1630.119743823501,1518.084849586421,-3.5044717201983606,6299017.0,1.0,0.08455426845596871,237,False,1.7319336061532427,False,0,False,True,False,True,True
Control Config 0 Magnets Horizontal LP_3,Control Config 0 Magnets Horizontal LP_3,legacy,,0,Baseline,3,-,data_image14.png,14,140.0,756.4999385898121,690.847669801556,473.77634320329315,444.09684229976824,1634.5283840513614,1532.1341059342005,1634.9792284401117,1531.6529892262554,-3.8485722688758957,6285602.0,1.0,0.07026426429687398,197,False,1.7480400352594296,False,0,False,True,False,True,True
Control Config 0 Magnets Horizontal LP_3,Control Config 0 Magnets Horizontal LP_3,legacy,,0,Baseline,3,-,data_image15.png,15,150.0,767.6455700435525,686.0626013669726,477.93550181230756,449.19889405092067,1648.8774812524612,1549.7361844756765,1649.6354172923427,1548.9293656165887,-5.054242079041291,6399397.0,1.0,0.0657249005581585,183,False,1.7494920256674684,False,0,False,True,False,True,True
Control Config 0 Magnets Horizontal LP_3,Control Config 0 Magnets Horizontal LP_3,legacy,,0,Baseline,3,-,data_image16.png,16,160.0,785.5239283893527,677.5714063596894,483.485962919639,451.9315750677427,1668.0265720727546,1559.1639339837125,1668.062538642366,1559.1254552967628,-1.058560454514065,6618122.0,1.0,0.0615498008090982,210,False,1.7764683010866757,False,0,False,True,False,True,True
Control Config 0 Magnets Horizontal LP_3,Control Config 0 Magnets Horizontal LP_3,legacy,,0,Baseline,3,-,data_image17.png,17,170.0,801.88458063848,671.3727996162283,488.2316920708079,457.9085979687415,1684.3993376442875,1579.7846629921582,1684.6685514694507,1579.4975725754014,-2.9463445385324265,6353778.0,1.0,0.052724224837854064,181,False,1.7803839730662168,False,0,False,True,False,True,True
Control Config 0 Magnets Horizontal LP_3,Control Config 0 Magnets Horizontal LP_3,legacy,,0,Baseline,3,-,data_image18.png,18,180.0,824.8588938066647,669.5760594090347,496.8932304130534,462.1281007596112,1714.2816449250342,1594.3419476206586,1714.3469937585576,1594.2716798151791,-1.3607939914099263,6368055.0,1.0,0.06610427634540457,164,False,1.7718877279859075,False,0,False,True,False,True,True
Control Config 0 Magnets Horizontal LP_3,Control Config 0 Magnets Horizontal LP_3,legacy,,0,Baseline,3,-,data_image19.png,19,190.0,838.4914768129192,662.0402482633683,506.0519263807548,464.194697989108,1745.8791460136042,1601.4717080624227,1746.2041904252812,1601.117281635157,2.7710398923870985,6246431.0,1.0,0.06392347056612045,224,False,1.796454100846855,False,1,False,True,False,True,True
Control Config 0 Magnets Horizontal LP_3,Control Config 0 Magnets Horizontal LP_3,legacy,,0,Baseline,3,-,data_image20.png,20,200.0,855.6590973834899,653.6074614540647,514.6426284395031,473.1494914991145,1775.5170681162858,1632.3657456719452,1775.7497759962146,1632.1125941137675,2.354873849087055,6448475.0,1.0,0.054939375410979346,209,False,1.7980550276632974,False,1,False,True,False,True,True
Control Config 0 Magnets Horizontal LP_3,Control Config 0 Magnets Horizontal LP_3,legacy,,0,Baseline,3,-,data_image21.png,21,210.0,849.8054198146883,654.2834557228138,519.6474057751766,484.87494367449807,1792.7835499243592,1672.8185556770184,1792.8484455165894,1672.7490034387954,1.354858723232614,6286488.0,1.0,0.060006298478135295,178,False,1.7517066475895744,False,0,False,True,False,True,True
Control Config 0 Magnets Horizontal LP_3,Control Config 0 Magnets Horizontal LP_3,legacy,,0,Baseline,3,-,data_image22.png,22,220.0,874.409858580161,641.2787339921064,531.9802711301626,499.1380133403623,1835.331935399061,1722.02614602425,1847.1936574627778,1709.29604004575,17.363953439598298,6282994.0,1.0,0.06901852486500734,192,False,1.7537267213067216,False,2,False,True,False,True,False
Control Config 0 Magnets Horizontal LP_3,Control Config 0 Magnets Horizontal LP_3,legacy,,0,Baseline,3,-,data_image23.png,23,230.0,877.8847889577518,636.8671449022312,541.6063038274102,514.5503836266298,1868.5417482045652,1775.198823511873,1876.0546255987408,1767.2572448715214,15.450669662835216,6232354.0,1.0,0.07196407695429141,183,False,1.7183798784770452,False,1,False,True,False,True,False
Control Config 0 Magnets Horizontal LP_3,Control Config 0 Magnets Horizontal LP_3,legacy,,0,Baseline,3,-,data_image24.png,24,240.0,879.2851460488096,632.207258285397,560.0481371874866,523.7221046797979,1932.166073296829,1806.8412611453027,1932.1991758144572,1806.8058619448768,0.9464480152886109,6349213.0,1.0,0.07751783680283249,176,False,1.706053198623757,False,0,False,True,False,False,False
Control Config 0 Magnets Horizontal LP_3,Control Config 0 Magnets Horizontal LP_3,legacy,,0,Baseline,3,-,data_image25.png,25,250.0,884.7635476854745,631.9798562463361,578.300239358384,515.4569728247554,1995.1358257864251,1778.3265562454064,1996.7563032052196,1776.5068447924295,5.061538841325515,6205894.0,1.0,0.08766984515108729,181,False,1.7341938652170485,False,1,False,True,False,False,True
Control Config 0 Magnets Horizontal LP_3,Control Config 0 Magnets Horizontal LP_3,legacy,,0,Baseline,3,-,data_image26.png,26,260.0,899.2196364094077,619.2317613673498,578.5100871092244,527.7654958420611,1995.8598005268243,1820.790960655111,2006.626300710458,1808.918725388015,13.827992895023304,6196805.0,1.0,0.08774597989938794,184,False,1.7420147617054536,False,2,False,True,False,True,True
Control Config 0 Magnets Horizontal LP_3,Control Config 0 Magnets Horizontal LP_3,legacy,,0,Baseline,3,-,data_image27.png,27,270.0,920.2838074139229,600.5807896202618,585.5624811399764,538.0963917562399,2020.1905599329186,1856.4325515590276,2034.789925707866,1840.4188857887273,16.28099800112828,6825914.0,1.0,0.08706684726524871,173,False,1.7716255384438537,False,2,False,True,False,True,True
Control Config 0 Magnets Horizontal LP_3,Control Config 0 Magnets Horizontal LP_3,legacy,,0,Baseline,3,-,data_image28.png,28,280.0,889.2239123902287,593.2953409965202,602.2047534503278,545.6109089522109,2077.606399403631,1882.3576358851278,2085.490424055335,1873.6190411584382,11.408898812323702,6146529.0,1.0,0.09542148696519327,159,False,1.7804842350199184,False,3,False,True,False,True,True
Control Config 0 Magnets Horizontal LP_3,Control Config 0 Magnets Horizontal LP_3,legacy,,0,Baseline,3,-,data_image29.png,29,290.0,903.6895205131993,582.9530438575305,617.1345392804872,545.1122233591794,2129.114160517681,1880.6371705891693,2129.6086263166676,1880.0772257107374,2.629451279373164,6396735.0,1.0,0.08677447843834599,146,False,1.7347472318139103,False,2,False,True,False,True,False
Fiber_50um_Wollaston_0 Magnets/H,Fiber_50um_Wollaston_0 Magnets,legacy,50,0,Baseline,1,H,data_image01.png,1,10.0,410.1163639614839,655.2488343341261,489.48506788035036,523.2610588816939,1688.723484187209,1805.250653141844,1683.6193599280566,1810.011816975205,-78.61290943909682,6173939.0,1.0,0.6388654215568879,209,False,1.6198365552284941,False,0,False,True,False,True,True
Fiber_50um_Wollaston_0 Magnets/H,Fiber_50um_Wollaston_0 Magnets,legacy,50,0,Baseline,1,H,data_image02.png,2,20.0,350.617247421991,665.6832173810055,479.5540835557362,516.6607705759471,1654.46158826729,1782.4796584870178,1649.327930498903,1787.230890972995,-79.09517458295623,6205855.0,1.0,0.6372786122608457,185,False,1.6,True,0,False,True,False,True,True
Fiber_50um_Wollaston_0 Magnets/H,Fiber_50um_Wollaston_0 Magnets,legacy,50,0,Baseline,1,H,data_image03.png,3,30.0,571.3382333635698,653.4156863228117,474.86020549578444,511.8129191508685,1638.2677089604565,1765.7545710704962,1632.682938509791,1770.919736684283,-78.63597454281584,6413906.0,1.0,0.5754865948581004,174,False,1.6636509440325216,False,0,False,True,False,True,True
Fiber_50um_Wollaston_0 Magnets/H,Fiber_50um_Wollaston_0 Magnets,legacy,50,0,Baseline,1,H,data_image04.png,4,40.0,549.9551637436491,658.7372233044008,467.94924846496446,503.4935001100672,1614.4249072041275,1737.052575379732,1605.56814714034,1745.2422054038088,-75.708845055772,6165033.0,1.0,0.5618361623520877,162,False,1.669623497767929,False,0,False,True,False,True,True
Fiber_50um_Wollaston_0 Magnets/H,Fiber_50um_Wollaston_0 Magnets,legacy,50,0,Baseline,1,H,data_image05.png,5,50.0,556.7579054117216,649.7797129448038,462.5994534765714,499.54562990264003,1595.9681144941715,1723.4324231641083,1585.7445645577131,1732.8438232198137,-75.04048313673614,6354318.0,1.0,0.5513447068169229,199,False,1.7185904308399484,False,0,False,True,False,True,True
Fiber_50um_Wollaston_0 Magnets/H,Fiber_50um_Wollaston_0 Magnets,legacy,50,0,Baseline,1,H,data_image06.png,6,60.0,543.6538686084664,651.2957841186736,459.0051277764846,493.3399830457504,1583.567690828872,1702.0229415078388,1572.4051474096466,1712.3407304785255,-73.92813657510507,6342707.0,1.0,0.5488107044884474,167,False,1.7338820812687323,False,0,False,True,False,True,True
Fiber_50um_Wollaston_0 Magnets/H,Fiber_50um_Wollaston_0 Magnets,legacy,50,0,Baseline,1,H,data_image07.png,7,70.0,625.1313700297206,639.9801824029076,461.8745616555499,493.4393032810848,1593.4672377116472,1702.3655963197425,1578.4615928983164,1716.2882802543313,-71.11007606266517,6305053.0,1.0,0.5386759148757868,169,False,1.779344285774254,False,0,False,True,False,True,True
Fiber_50um_Wollaston_0 Magnets/H,Fiber_50um_Wollaston_0 Magnets,legacy,50,0,Baseline,1,H,data_image08.png,8,80.0,606.8824201605969,637.4114104363574,462.14410090911366,493.5071387034081,1594.3971481364422,1702.599628526758,1576.155197538029,1719.5006700548072,-69.51898645944294,6344455.0,1.0,0.5354414628507248,150,False,1.7897583926741958,False,0,False,True,False,True,True
Fiber_50um_Wollaston_0 Magnets/H,Fiber_50um_Wollaston_0 Magnets,legacy,50,0,Baseline,1,H,data_image09.png,9,90.0,766.8488672539934,634.4343432095923,461.5074276301323,492.96917137045097,1592.2006253239565,1700.7436412280558,1572.6711114791567,1718.8185883270464,-68.99479829117763,6426860.0,1.0,0.5353616275959922,167,False,1.803650089736234,False,0,False,True,False,True,True
Fiber_50um_Wollaston_0 Magnets/H,Fiber_50um_Wollaston_0 Magnets,legacy,50,0,Baseline,1,H,data_image10.png,10,100.0,759.4181578773447,622.694644644944,465.8685554841116,496.2360276522496,1607.2465164201851,1712.0142954002613,1589.8044685702323,1728.2233836844687,-69.60769031272186,6521379.0,1.0,0.5294113562379238,170,False,1.8392079166013573,False,0,False,True,False,True,True
Fiber_50um_Wollaston_0 Magnets/H,Fiber_50um_Wollaston_0 Magnets,legacy,50,0,Baseline,1,H,data_image11.png,11,110.0,656.3311432716038,617.3504220654462,457.8418319803286,483.55651526947065,1579.5543203321338,1668.2699776796737,1556.4448350195983,1689.8508942649544,-65.85335671762701,6399363.0,1.0,0.34557777782227744,174,False,1.909364913240274,False,0,False,True,False,True,False
Fiber_50um_Wollaston_0 Magnets/H,Fiber_50um_Wollaston_0 Magnets,legacy,50,0,Baseline,1,H,data_image12.png,12,120.0,648.0807682802242,613.2361243188186,477.88467679348395,504.3683054095383,1648.7021349375198,1740.0706536629073,1628.5597058391984,1758.936580438117,-67.25634375396534,6567083.0,1.0,0.5268337209390586,173,False,1.8471363637339406,False,0,False,True,False,True,True
Fiber_50um_Wollaston_0 Magnets/H,Fiber_50um_Wollaston_0 Magnets,legacy,50,0,Baseline,1,H,data_image13.png,13,130.0,720.470265362114,607.5200138779182,484.37190524784387,511.5102456101135,1671.0830731050614,1764.7103473548916,1648.8124896352642,1785.535947916603,-66.62099570474369,6594649.0,1.0,0.5286246313623292,156,False,1.8432554171509825,False,0,False,True,False,True,True
Fiber_50um_Wollaston_0 Magnets/H,Fiber_50um_Wollaston_0 Magnets,legacy,50,0,Baseline,1,H,data_image14.png,14,140.0,713.5661807561856,601.6588623884284,492.3736433246316,516.1356353168045,1698.6890694699791,1780.6679418429756,1671.0959200549385,1806.58830390873,-63.62648202278308,6684496.0,1.0,0.5216209082034581,196,False,1.849560141895276,False,0,False,True,False,True,True
Fiber_50um_Wollaston_0 Magnets/H,Fiber_50um_Wollaston_0 Magnets,legacy,50,0,Baseline,1,H,data_image15.png,15,150.0,638.6291411343734,591.8753300796757,503.4334668240683,524.8750325167346,1736.8454605430359,1810.8188621827344,1708.888819685655,1837.225110703392,-62.60780213312944,6659377.0,1.0,0.5303856213763216,182,False,1.8560300820108733,False,0,False,True,False,True,True
Fiber_50um_Wollaston_0 Magnets/H,Fiber_50um_Wollaston_0 Magnets,legacy,50,0,Baseline,1,H,data_image16.png,16,160.0,630.6821083164231,590.0724827530269,512.7033373144035,531.1439741775806,1768.826513734692,1832.4467109126533,1733.3354155395718,1866.053729468068,-59.33008198938076,6719295.0,1.0,0.5323869010299962,183,False,1.8404589850144328,False,0,False,True,False,True,True
Fiber_50um_Wollaston_0 Magnets/H,Fiber_50um_Wollaston_0 Magnets,legacy,50,0,Baseline,1,H,data_image17.png,17,170.0,640.2732048071238,582.8022349550017,521.1743397925926,538.008818739449,1798.0514722844446,1856.1304246510992,1759.6124112799498,1892.6102114194803,-57.95393493147487,6729263.0,1.0,0.531693575812566,175,False,1.8439844053051304,False,0,False,True,False,True,True
Fiber_50um_Wollaston_0 Magnets/H,Fiber_50um_Wollaston_0 Magnets,legacy,50,0,Baseline,1,H,data_image18.png,18,180.0,624.0290488233273,572.702679228299,532.910008779469,547.8946167306807,1838.539530289168,1890.2364277208485,1791.6751647151068,1934.7148268574065,-55.60071793567187,6834356.0,1.0,0.5338398246511117,176,False,1.8465656783588968,False,0,False,True,False,True,True
Fiber_50um_Wollaston_0 Magnets/H,Fiber_50um_Wollaston_0 Magnets,legacy,50,0,Baseline,1,H,data_image19.png,19,190.0,606.3126193980015,562.6938248399324,546.878444103112,558.3627757448338,1886.7306321557364,1926.3515763196767,1834.2741281569952,1976.3656788858643,-53.10085241331062,6837426.0,1.0,0.528768301305599,196,False,1.8485503307798572,False,0,False,True,False,True,True
Fiber_50um_Wollaston_0 Magnets/H,Fiber_50um_Wollaston_0 Magnets,legacy,50,0,Baseline,1,H,data_image20.png,20,200.0,597.9772902823972,549.5597968665472,551.0042280761936,569.3559353293867,1900.9645868628681,1964.2779768863843,1850.2037177575853,2012.163147904164,-56.51497826187671,6852441.0,1.0,0.5250236035229178,167,False,1.8596495017792452,False,1,False,True,False,True,True
Fiber_50um_Wollaston_0 Magnets/H,Fiber_50um_Wollaston_0 Magnets,legacy,50,0,Baseline,1,H,data_image21.png,21,210.0,661.6482342794191,546.4725448641753,564.0359985992608,577.9881856852587,1945.9241951674499,1994.0592406141427,1887.0679399079095,2049.8458036126663,-53.606973970929275,6898600.0,1.0,0.5264599646518541,155,False,1.8425407396371702,False,1,False,True,False,True,True
Fiber_50um_Wollaston_0 Magnets/H,Fiber_50um_Wollaston_0 Magnets,legacy,50,0,Baseline,1,H,data_image22.png,22,220.0,645.5060497696433,536.2666951260759,585.186874759785,586.3637276268571,2018.8947179212585,2022.954860312657,1952.221897431611,2087.3696155931475,-45.86125806602627,6992415.0,1.0,0.5249206933154541,143,False,1.82899153882772,False,0,False,True,False,True,True
Fiber_50um_Wollaston_0 Magnets/H,Fiber_50um_Wollaston_0 Magnets,legacy,50,0,Baseline,1,H,data_image23.png,23,230.0,785.5360216249715,514.9815639361965,592.1585113214487,590.2898195141281,2042.9468640589982,2036.499877323742,2116.4137407197045,1960.0399276037567,-43.81770069623143,9952938.0,1.0,0.5576424210871346,185,False,1.7442001208933424,False,0,False,True,False,True,True
Fiber_50um_Wollaston_0 Magnets/H,Fiber_50um_Wollaston_0 Magnets,legacy,50,0,Baseline,1,H,data_image24.png,24,240.0,782.9060046825713,478.47929772856503,611.6572105881946,605.2186499294492,2110.2173765292714,2088.0043422565996,2176.2474945456747,2019.090476420552,-40.934406681591895,9976997.0,1.0,0.5804806357783876,167,False,1.6,True,0,False,True,False,True,True
Fiber_50um_Wollaston_0 Magnets/V,Fiber_50um_Wollaston_0 Magnets,legacy,50,0,Baseline,1,V,data_image01.png,1,10.0,895.8970113070199,606.6251427258651,556.0953332964318,519.188728803035,1918.5288998726899,1791.2011143704708,1918.6336392683843,1791.0889229841403,1.6700993690109012,6546641.0,1.0,2.4167032639884236,151,False,1.8197370661972754,False,1,False,True,False,True,True
Fiber_50um_Wollaston_0 Magnets/V,Fiber_50um_Wollaston_0 Magnets,legacy,50,0,Baseline,1,V,data_image02.png,2,20.0,872.8164401036117,614.7016719851742,525.5671242007363,510.6355770809039,1813.2065784925403,1761.6927409291186,1813.7027268249515,1761.1819407541943,5.61818840216237,6457952.0,1.0,0.9796133666781615,154,False,1.818715742156091,False,0,False,True,False,True,True
Fiber_50um_Wollaston_0 Magnets/V,Fiber_50um_Wollaston_0 Magnets,legacy,50,0,Baseline,1,V,data_image03.png,3,30.0,915.7330414146952,615.4128611353825,515.8790755282431,501.98662781756747,1779.7828105724388,1731.8538659706078,1779.8237833110707,1731.811758317496,1.6854040546976254,6341493.0,1.0,0.5789490966894886,186,False,1.847388438721031,False,0,False,True,False,True,True
Fiber_50um_Wollaston_0 Magnets/V,Fiber_50um_Wollaston_0 Magnets,legacy,50,0,Baseline,1,V,data_image04.png,4,40.0,881.5384081875553,618.0777545949053,502.6918821801334,496.8236673103811,1734.2869935214603,1714.041652220815,1735.7275425169962,1712.5828621101746,14.493220554155885,6408946.0,1.0,0.5654895830288396,164,False,1.855597272696762,False,0,False,True,False,True,True
Fiber_50um_Wollaston_0 Magnets/V,Fiber_50um_Wollaston_0 Magnets,legacy,50,0,Baseline,1,V,data_image05.png,5,50.0,916.6050559403286,608.9763643147857,499.2056195060876,492.4167774924038,1722.2593872960024,1698.8378823487933,1722.2717467243974,1698.8253524325053,1.3200931403755387,6442758.0,1.0,0.5484997933823075,162,False,1.909092580316553,False,0,False,True,False,True,True
Fiber_50um_Wollaston_0 Magnets/V,Fiber_50um_Wollaston_0 Magnets,legacy,50,0,Baseline,1,V,data_image06.png,6,60.0,803.8101867080388,618.3564431156731,491.3356585101113,487.4414762479876,1695.108021859884,1681.6730930555573,1695.5690930225928,1681.2082109207408,10.3435501601405,6414614.0,1.0,0.5503049100457722,165,False,1.8898784642131221,False,0,False,True,False,True,True
Fiber_50um_Wollaston_0 Magnets/V,Fiber_50um_Wollaston_0 Magnets,legacy,50,0,Baseline,1,V,data_image07.png,7,70.0,841.3921028941999,604.180335635396,492.0376927329332,487.63886070441635,1697.5300399286195,1682.3540694302364,1699.793751142421,1680.0668602664946,-19.854057940133973,6488529.0,1.0,0.5519845872285031,149,False,1.9471760500977449,False,0,False,True,False,True,True
Fiber_50um_Wollaston_0 Magnets/V,Fiber_50um_Wollaston_0 Magnets,legacy,50,0,Baseline,1,V,data_image08.png,8,80.0,791.6220700403871,609.7220671388101,492.2160379147724,487.86047462039267,1698.145330805965,1683.1186374403549,1699.1947503204199,1682.0591882334888,-14.362717909650184,6513699.0,1.0,0.5430778223163503,171,False,1.923714086411252,False,0,False,True,False,True,True
Fiber_50um_Wollaston_0 Magnets/V,Fiber_50um_Wollaston_0 Magnets,legacy,50,0,Baseline,1,V,data_image09.png,9,90.0,826.0854550136501,601.6590392648122,496.4722457184984,491.77584316330484,1712.8292477288196,1696.6266589134018,1713.7188300509574,1695.7281100281687,-12.880784172201908,6590099.0,1.0,0.5456690247209124,161,False,1.9415477535289294,False,0,False,True,False,True,True
Fiber_50um_Wollaston_0 Magnets/V,Fiber_50um_Wollaston_0 Magnets,legacy,50,0,Baseline,1,V,data_image10.png,10,100.0,790.3646691176415,592.6156649050064,500.982662415505,496.7116775217324,1728.3901853334924,1713.6552874499769,1730.568307574713,1711.4556406113481,-19.780175644521663,6606079.0,1.0,0.5375646331293035,153,False,1.9588883451962245,False,0,False,True,False,True,True
Fiber_50um_Wollaston_0 Magnets/V,Fiber_50um_Wollaston_0 Magnets,legacy,50,0,Baseline,1,V,data_image11.png,11,110.0,831.525552686986,576.4118040813462,507.12343785364095,506.5888958411554,1749.5758605950614,1747.7316906519864,1755.811030551979,1741.4675935768082,-41.30641734715265,6668829.0,1.0,0.5353107763684626,179,False,1.9846476953307353,False,0,False,True,False,True,True
Fiber_50um_Wollaston_0 Magnets/V,Fiber_50um_Wollaston_0 Magnets,legacy,50,0,Baseline,1,V,data_image12.png,12,120.0,717.4433365792028,582.9768486486734,514.2820953705735,510.08348863511964,1774.2732290284787,1759.7880357911629,1775.1103765467433,1758.9435958088432,-13.182264163373969,6797357.0,1.0,0.5390612545502421,161,False,1.9456192683109426,False,0,False,True,False,True,True
Fiber_50um_Wollaston_0 Magnets/V,Fiber_50um_Wollaston_0 Magnets,legacy,50,0,Baseline,1,V,data_image13.png,13,130.0,735.0964324682781,578.2573279909747,520.0102366955579,519.8856709403277,1794.0353165996746,1793.6055647441308,1800.8448325470267,1786.7684595874982,-44.12523688517749,6773787.0,1.0,0.5361977171511181,140,False,1.9269741249342642,False,0,False,True,False,True,True
Fiber_50um_Wollaston_0 Magnets/V,Fiber_50um_Wollaston_0 Magnets,legacy,50,0,Baseline,1,V,data_image14.png,14,140.0,679.305434395177,569.1993992290792,533.3404658884987,529.8921966941508,1840.0246073153205,1828.1280785948204,1848.3726559764934,1819.6871577035145,-32.74874045017163,6766972.0,1.0,0.5431800296382685,144,False,1.9248136361822965,False,0,False,True,False,True,True
Fiber_50um_Wollaston_0 Magnets/V,Fiber_50um_Wollaston_0 Magnets,legacy,50,0,Baseline,1,V,data_image15.png,15,150.0,686.2041800433349,554.5678189106903,542.6396126643227,542.1127829386334,1872.1066636919136,1870.289101138285,1883.9356444094167,1858.373259009072,-42.961281134722185,6898828.0,1.0,0.5410686541754594,154,False,1.935939114322664,False,0,False,True,False,True,True
Fiber_50um_Wollaston_0 Magnets/V,Fiber_50um_Wollaston_0 Magnets,legacy,50,0,Baseline,1,V,data_image16.png,16,160.0,735.1552757618306,549.6787918089692,553.545004393891,551.9280126908891,1909.7302651589239,1904.1516437835674,1914.4056035151646,1899.4510663392664,-34.048351077183504,6936221.0,1.0,0.5334301993098426,148,False,1.9191988961103217,False,0,False,True,False,True,True
Fiber_50um_Wollaston_0 Magnets/V,Fiber_50um_Wollaston_0 Magnets,legacy,50,0,Baseline,1,V,data_image17.png,17,170.0,761.5124541052395,542.461189997443,563.1084221207351,561.595665994917,1942.7240563165362,1937.5050476824638,1948.8237523586163,1931.3696049769674,-36.300766006430266,7027763.0,1.0,0.5312447383245847,137,False,1.9122773867162617,False,0,False,True,False,True,True
Fiber_50um_Wollaston_0 Magnets/V,Fiber_50um_Wollaston_0 Magnets,legacy,50,0,Baseline,1,V,data_image18.png,18,180.0,651.2714855013409,534.9475515250194,579.2376590148219,575.849044954305,1998.3699236011357,1986.6792050923523,2004.559997396686,1980.433243595196,-30.508144848658578,7000337.0,1.0,0.5372376804704609,147,False,1.8571239648948046,False,0,False,True,False,True,True
Fiber_50um_Wollaston_0 Magnets/V,Fiber_50um_Wollaston_0 Magnets,legacy,50,0,Baseline,1,V,data_image19.png,19,190.0,664.9237423754563,521.0314740595452,587.3277965436513,583.5781016308356,2026.280898075597,2013.344450626383,2034.1841208778696,2005.3590992992824,-31.666595034911683,7056160.0,1.0,0.5397560878916982,144,False,1.7846855890751299,False,0,False,True,False,True,True
Fiber_50um_Wollaston_0 Magnets/V,Fiber_50um_Wollaston_0 Magnets,legacy,50,0,Baseline,1,V,data_image20.png,20,200.0,590.8669377758376,508.5211153473191,598.9608713999121,594.8778784927621,2066.415006329697,2052.3286808000294,2076.1903422590776,2042.4391435558332,-32.66569246037169,7097018.0,1.0,0.5349331912353238,147,False,1.708727364251108,False,0,False,True,False,True,True
Fiber_50um_Wollaston_0 Magnets/V,Fiber_50um_Wollaston_0 Magnets,legacy,50,0,Baseline,1,V,data_image21.png,21,210.0,602.672242577257,509.40253645538246,609.4099808515595,606.7246066246629,2102.46443393788,2093.199892855087,2119.658618935465,2075.786556126347,-38.904161855344334,7118359.0,1.0,0.5415013453592027,158,False,1.6781424824705802,False,0,False,True,False,True,True
Fiber_50um_Wollaston_0 Magnets/V,Fiber_50um_Wollaston_0 Magnets,legacy,50,0,Baseline,1,V,data_image22.png,22,220.0,635.4718613952747,490.4680266493113,620.1901268545128,617.3557957206597,2139.655937648069,2129.877495236276,2150.100140682464,2119.3336361375104,-35.73397865191596,7178572.0,1.0,0.548521902661096,142,False,1.6,True,0,False,True,False,True,True
Fiber_50um_Wollaston_0 Magnets/V,Fiber_50um_Wollaston_0 Magnets,legacy,50,0,Baseline,1,V,data_image23.png,23,230.0,639.9228537230998,479.69178386517575,636.5463944962986,633.0575956794964,2196.08506101223,2184.048705094263,2208.639775110638,2171.3518105604744,-35.58367350148153,7233596.0,1.0,0.568539684004571,141,False,1.6,True,0,False,True,False,True,True
Fiber_50um_Wollaston_0 Magnets/V,Fiber_50um_Wollaston_0 Magnets,legacy,50,0,Baseline,1,V,data_image24.png,24,240.0,714.8172212874546,439.17927655871557,669.12571204911,660.4065491943029,2308.4837065694296,2278.402594720345,2318.7903729974564,2267.9123909929267,-26.876624081438887,9431339.0,1.0,0.9350726481753979,169,False,1.6,True,0,False,True,False,True,True
Fiber_50um_Wollaston_25 Magnets/H,Fiber_50um_Wollaston_25 Magnets,legacy,50,25,,1,H,data_image01.png,1,10.0,389.10254121882735,651.5578283682886,488.26095045988325,521.9298435374419,1684.5002790865974,1800.6579602041747,1678.8400429197422,1805.9364302706567,-78.03444917309112,6302763.0,1.0,0.6282179128759234,205,False,1.6,True,0,False,True,False,True,True
Fiber_50um_Wollaston_25 Magnets/H,Fiber_50um_Wollaston_25 Magnets,legacy,50,25,,1,H,data_image02.png,2,20.0,403.5612736262078,658.1965953998783,484.2997579438721,516.345867711418,1670.8341649063589,1781.3932436043922,1664.7657074472734,1787.0657050834163,-77.3513530485302,6429830.0,1.0,0.6045329839356767,189,False,1.6300470477833078,False,0,False,True,False,True,True
Fiber_50um_Wollaston_25 Magnets/H,Fiber_50um_Wollaston_25 Magnets,legacy,50,25,,1,H,data_image03.png,3,30.0,359.7592281109082,670.3367343880464,475.11253469132606,506.7639701590833,1639.138244685075,1748.3356970488376,1631.4937161740224,1755.4714890448072,-75.87645607366944,6372729.0,1.0,0.6431506084525149,142,False,1.6,True,0,False,True,False,True,True
Fiber_50um_Wollaston_25 Magnets/H,Fiber_50um_Wollaston_25 Magnets,legacy,50,25,,1,H,data_image04.png,4,40.0,600.2901167229703,654.5558575913924,467.0484014830336,503.61808825898976,1611.316985116466,1737.4824044935147,1605.7829817918036,1742.598217558255,-78.63043388547032,6591933.0,1.0,0.5788045834630562,164,False,1.6858489790210947,False,0,False,True,False,True,True
Fiber_50um_Wollaston_25 Magnets/H,Fiber_50um_Wollaston_25 Magnets,legacy,50,25,,1,H,data_image05.png,5,50.0,578.8169866657861,656.0815303128161,463.5734901461206,495.179725384129,1599.3285410041162,1708.370052575245,1588.2768526969567,1718.6496611564994,-73.3902333722753,6510695.0,1.0,0.5553488415983042,168,False,1.7082127878866882,False,0,False,True,False,True,True
Fiber_50um_Wollaston_25 Magnets/H,Fiber_50um_Wollaston_25 Magnets,legacy,50,25,,1,H,data_image06.png,6,60.0,668.3715865856675,651.7402750056577,459.3087222145084,490.77155648264136,1584.615091640054,1693.1618698651127,1574.0372615393044,1702.9999428961794,-73.66966317271581,6654554.0,1.0,0.5520607217640442,173,False,1.740869750880559,False,0,False,True,False,True,True
Fiber_50um_Wollaston_25 Magnets/H,Fiber_50um_Wollaston_25 Magnets,legacy,50,25,,1,H,data_image07.png,7,70.0,520.4603762917072,659.4891007177708,459.7991565097093,491.4757864279854,1586.307089958497,1695.5914631765497,1576.1608079457048,1705.0271848700042,-74.00971589905166,6547633.0,1.0,0.5562271087537977,167,False,1.7069071286182507,False,0,False,True,False,True,True
Fiber_50um_Wollaston_25 Magnets/H,Fiber_50um_Wollaston_25 Magnets,legacy,50,25,,1,H,data_image08.png,8,80.0,485.2873466623374,658.2961722844875,458.8895146932046,488.9366359552397,1583.1688256915559,1686.831394045577,1569.3441453006392,1699.7007490114054,-71.34914442139814,6597042.0,1.0,0.558783014144345,185,False,1.7208848203860714,False,0,False,True,False,True,True
Fiber_50um_Wollaston_25 Magnets/H,Fiber_50um_Wollaston_25 Magnets,legacy,50,25,,1,H,data_image09.png,9,90.0,623.9793274860064,648.7290753164214,458.7062378942353,493.06683135621677,1582.536520735112,1701.080568178948,1567.5029089944608,1714.943605250712,-71.77127812448954,6583863.0,1.0,0.5547688559505369,163,False,1.7451163069208337,False,0,False,True,False,True,True
Fiber_50um_Wollaston_25 Magnets/H,Fiber_50um_Wollaston_25 Magnets,legacy,50,25,,1,H,data_image10.png,10,100.0,764.3815112338117,637.0837849109347,457.6744973583941,491.1188890744714,1578.9770158864596,1694.3601673069263,1565.60564682405,1706.723103460756,-72.4371182993361,6754653.0,1.0,0.5452896128031809,166,False,1.7994654545741815,False,0,False,True,False,True,True
Fiber_50um_Wollaston_25 Magnets/H,Fiber_50um_Wollaston_25 Magnets,legacy,50,25,,1,H,data_image11.png,11,110.0,754.8875079116364,636.8957803626944,459.6416716108595,489.92678865740714,1585.7637670574652,1690.2474208680546,1568.5841182244153,1706.2024887795492,-69.71057253261489,6809590.0,1.0,0.5383362740200167,174,False,1.8048162003078272,False,0,False,True,False,True,True
Fiber_50um_Wollaston_25 Magnets/H,Fiber_50um_Wollaston_25 Magnets,legacy,50,25,,1,H,data_image12.png,12,120.0,728.1554134031524,614.7749987978042,474.3578904101729,504.41451571989427,1636.5347219150965,1740.2300792336353,1612.7957753942203,1762.2532200492026,-66.98034374248985,6800057.0,1.0,0.5258997111077701,173,False,1.8410007446087842,False,0,False,True,False,True,True
Fiber_50um_Wollaston_25 Magnets/H,Fiber_50um_Wollaston_25 Magnets,legacy,50,25,,1,H,data_image13.png,13,130.0,722.7205992001336,609.010716809901,481.20615513886645,510.7380193771935,1660.1612352290892,1762.0461668513176,1635.1890594711165,1785.2447341635723,-66.39576921313511,7003670.0,1.0,0.5282766105855632,168,False,1.840371635185231,False,0,False,True,False,True,True
Fiber_50um_Wollaston_25 Magnets/H,Fiber_50um_Wollaston_25 Magnets,legacy,50,25,,1,H,data_image14.png,14,140.0,649.1271871410052,609.4978097901324,491.0589131683762,514.9571377250488,1694.153250430898,1776.6021251514185,1665.7574694354944,1803.2532822812143,-63.433087203798564,7046585.0,1.0,0.5305569640228139,186,False,1.8227286239697065,False,0,False,True,False,True,True
Fiber_50um_Wollaston_25 Magnets/H,Fiber_50um_Wollaston_25 Magnets,legacy,50,25,,1,H,data_image15.png,15,150.0,642.69398253993,596.2031073858005,502.98153537409263,522.8855330941341,1735.2862970406197,1803.9550891747626,1701.4678588710342,1835.88660371094,-60.369556209781216,6923569.0,1.0,0.5336461719762206,174,False,1.8465613820462983,False,0,False,True,False,True,True
Fiber_50um_Wollaston_25 Magnets/H,Fiber_50um_Wollaston_25 Magnets,legacy,50,25,,1,H,data_image16.png,16,160.0,651.4280902137201,592.3894223267091,511.5216981837212,530.9105132819619,1764.7498587338382,1831.6412708227688,1719.9471865941214,1873.7751957503644,-57.89800453180282,6901877.0,1.0,0.5424672302723316,168,False,1.8325132452895847,False,0,False,True,False,True,True
Fiber_50um_Wollaston_25 Magnets/H,Fiber_50um_Wollaston_25 Magnets,legacy,50,25,,1,H,data_image17.png,17,170.0,629.5015484417199,579.8967286172901,525.3813032006453,538.6256783440155,1812.5654960422264,1858.2585902868534,1771.0290660611327,1897.8869073220142,-55.56172614297229,6947307.0,1.0,0.5309311501232851,181,False,1.8521040048895139,False,0,False,True,False,True,True
Fiber_50um_Wollaston_25 Magnets/H,Fiber_50um_Wollaston_25 Magnets,legacy,50,25,,1,H,data_image18.png,18,180.0,733.0872931861342,573.5201644877573,533.54427413673,547.1518056467944,1840.7277457717187,1887.673729481441,1792.7066945710862,1933.33738655937,-54.756958012175836,7131473.0,1.0,0.5369105450908249,185,False,1.8463424110596334,False,0,False,True,False,True,True
Fiber_50um_Wollaston_25 Magnets/H,Fiber_50um_Wollaston_25 Magnets,legacy,50,25,,1,H,data_image19.png,19,190.0,720.8696489692,563.8090536588353,524.1001693229659,535.9266688310107,1808.1455841642326,1848.947007466987,1752.8522181632507,1901.448024857349,-52.97474175173516,6793364.0,1.0,0.3502257951380238,221,False,1.9230903290929777,False,0,False,True,False,False,True
Fiber_50um_Wollaston_25 Magnets/H,Fiber_50um_Wollaston_25 Magnets,legacy,50,25,,1,H,data_image20.png,20,200.0,777.8706043917322,549.3504257110869,557.5380674289092,566.2237278448639,1923.506332629737,1953.4718610647806,1863.3711652169416,2010.9144249014319,-50.86317785464398,7236598.0,1.0,0.5285771635425868,216,False,1.8714950430976638,False,0,False,True,False,True,True
Fiber_50um_Wollaston_25 Magnets/H,Fiber_50um_Wollaston_25 Magnets,legacy,50,25,,1,H,data_image21.png,21,210.0,796.6787655927942,539.1269564882152,564.2101244912618,577.8020304007974,1946.5249294948533,1993.4170048827511,1878.0194027574673,2058.0849786554368,-52.55492707244659,7210943.0,1.0,0.5317627315088742,166,False,1.866030399957527,False,1,False,True,False,True,True
Fiber_50um_Wollaston_25 Magnets/H,Fiber_50um_Wollaston_25 Magnets,legacy,50,25,,1,H,data_image22.png,22,220.0,727.8508047068519,525.5718561794308,580.8829885004092,583.8113094481909,2004.0463103264117,2014.1490175962585,1936.0966442059146,2079.549870359323,-47.020485608539026,7125017.0,1.0,0.5410765493910201,163,False,1.8003484479861436,False,0,False,True,False,True,True
Fiber_50um_Wollaston_25 Magnets/H,Fiber_50um_Wollaston_25 Magnets,legacy,50,25,,1,H,data_image23.png,23,230.0,743.8601230807659,515.0108610251024,591.1584412740194,593.084434238321,2039.496622395367,2046.1412981222077,1967.4419806266912,2115.517132407835,-46.286812107254796,7126215.0,1.0,0.5369181328207087,137,False,1.735818558894577,False,0,False,True,False,True,True
Fiber_50um_Wollaston_25 Magnets/H,Fiber_50um_Wollaston_25 Magnets,legacy,50,25,,1,H,data_image24.png,24,240.0,659.8027772611598,485.13775663558874,607.7002117267066,604.6568935216012,2096.5657304571378,2086.066282649524,2165.411146520799,2014.5110980726704,-43.00380635285656,8656730.0,1.0,0.559899184295086,152,False,1.6046348444666534,False,0,False,True,False,True,True
Fiber_50um_Wollaston_25 Magnets/V,Fiber_50um_Wollaston_25 Magnets,legacy,50,25,,1,V,data_image01.png,1,10.0,974.0194986977455,606.25065855371,530.0777312750639,518.6123065276951,1828.7681728989705,1789.212457520548,1829.9492988385405,1788.0044217046252,9.715099511289678,6463406.0,1.0,0.6451730004115181,153,False,1.7541895765706625,False,0,False,True,False,True,True
Fiber_50um_Wollaston_25 Magnets/V,Fiber_50um_Wollaston_25 Magnets,legacy,50,25,,1,V,data_image02.png,2,20.0,1044.4892494629482,616.8745640554371,506.7927179423915,497.4287586068938,1748.4348769012508,1716.1292171937837,1748.6735924208194,1715.8859740789617,-4.917812215359528,6365775.0,1.0,0.6245818066974258,165,False,1.6,True,0,False,True,False,True,True
Fiber_50um_Wollaston_25 Magnets/V,Fiber_50um_Wollaston_25 Magnets,legacy,50,25,,1,V,data_image03.png,3,30.0,982.2862015621382,612.7144434347404,509.762543314191,500.20042643503575,1758.6807744339592,1725.6914712008734,1759.000848148618,1725.3652182513445,-5.62486450105175,6517861.0,1.0,0.5764840914876361,153,False,1.7910851399411076,False,0,False,True,False,True,True
Fiber_50um_Wollaston_25 Magnets/V,Fiber_50um_Wollaston_25 Magnets,legacy,50,25,,1,V,data_image04.png,4,40.0,1037.7095297992394,609.8117740023706,491.3028838781049,484.4578088098625,1694.994949379462,1671.3794403940258,1694.9987974094288,1671.3755379849028,-0.7338411555830899,6479360.0,1.0,0.5750969748609411,158,False,1.6333202883263864,False,0,False,True,False,True,True
Fiber_50um_Wollaston_25 Magnets/V,Fiber_50um_Wollaston_25 Magnets,legacy,50,25,,1,V,data_image05.png,5,50.0,823.4483092112131,619.5066092835095,493.144344125314,489.85264050088796,1701.3479872323333,1689.9916097280636,1701.83419986733,1689.501988981572,-11.473044202270485,6725086.0,1.0,0.5642192390886513,166,False,1.8757498546074842,False,0,False,True,False,True,True
Fiber_50um_Wollaston_25 Magnets/V,Fiber_50um_Wollaston_25 Magnets,legacy,50,25,,1,V,data_image06.png,6,60.0,856.1645993991414,617.5298100216792,487.28300402060194,488.83728856912705,1681.1263638710768,1686.4886455634885,1679.5499463302515,1688.0585833136856,-64.53308591372651,6676446.0,1.0,0.5558222257173467,174,False,1.8875116950943047,False,0,False,True,False,True,True
Fiber_50um_Wollaston_25 Magnets/V,Fiber_50um_Wollaston_25 Magnets,legacy,50,25,,1,V,data_image07.png,7,70.0,808.9756714292546,618.7277134587662,488.5821524549734,487.36640931922796,1685.6084259696584,1681.4141121513364,1685.6084419178158,1681.4140961633962,-0.11179345595597526,6712807.0,1.0,0.5506182365661162,163,False,1.8884486579929365,False,0,False,True,False,True,True
Fiber_50um_Wollaston_25 Magnets/V,Fiber_50um_Wollaston_25 Magnets,legacy,50,25,,1,V,data_image08.png,8,80.0,651.615928992486,622.32201370227,488.24310472639723,485.48624753070476,1684.4387113060704,1674.9275539809314,1686.451963403079,1672.9004328904045,-22.71202764273245,6759172.0,1.0,0.5761156766207751,167,False,1.8809621059417914,False,0,False,True,False,True,True
Fiber_50um_Wollaston_25 Magnets/V,Fiber_50um_Wollaston_25 Magnets,legacy,50,25,,1,V,data_image09.png,9,90.0,688.5496520055482,617.9197459959817,486.5602804616665,484.5732527528072,1678.6329675927495,1671.777721997185,1679.355276422195,1671.0521377887262,-17.174208285804173,6795798.0,1.0,0.5649719709347245,150,False,1.9026869590082798,False,0,False,True,False,True,True
Fiber_50um_Wollaston_25 Magnets/V,Fiber_50um_Wollaston_25 Magnets,legacy,50,25,,1,V,data_image10.png,10,100.0,707.4163934307584,613.0579554928958,488.3692650192006,487.44177838474843,1684.873964316242,1681.6741354273822,1685.9297021487905,1680.6157243131622,-26.487849269026746,6908560.0,1.0,0.5466395882055034,163,False,1.9116151137126325,False,0,False,True,False,True,True
Fiber_50um_Wollaston_25 Magnets/V,Fiber_50um_Wollaston_25 Magnets,legacy,50,25,,1,V,data_image11.png,11,110.0,755.6450292686807,594.9533856579524,501.2124643853731,500.51412825217534,1729.1830021295373,1726.7737424700051,1735.5559582671112,1720.368253677426,-40.43619882787596,6977595.0,1.0,0.5489662158984445,184,False,1.935524421371978,False,0,False,True,False,True,True
Fiber_50um_Wollaston_25 Magnets/V,Fiber_50um_Wollaston_25 Magnets,legacy,50,25,,1,V,data_image12.png,12,120.0,798.8980886223472,579.6940740767941,510.8861360832273,507.53139540806797,1762.5571694871344,1750.9833141578345,1764.8787335209356,1748.6433021446057,-22.265132625191857,7080652.0,1.0,0.5395021496704487,164,False,1.9687807391047023,False,0,False,True,False,True,True
Fiber_50um_Wollaston_25 Magnets/V,Fiber_50um_Wollaston_25 Magnets,legacy,50,25,,1,V,data_image13.png,13,130.0,790.0131903406302,572.5812945070047,517.5163341096011,517.7206073482445,1785.4313526781239,1786.1360953514436,1776.3657699384526,1795.1523382805997,-46.07493861319336,7130900.0,1.0,0.5366201474695969,171,False,1.9576296921483984,False,0,False,True,False,True,True
Fiber_50um_Wollaston_25 Magnets/V,Fiber_50um_Wollaston_25 Magnets,legacy,50,25,,1,V,data_image14.png,14,140.0,815.2348996657635,569.9757344556107,524.827780419267,529.3417429246915,1810.6558424464713,1826.2290130901858,1807.5736349933352,1829.2797878167453,-67.92260151251587,7111730.0,1.0,0.5312167289899111,147,False,1.9243378422547919,False,0,False,True,False,True,True
Fiber_50um_Wollaston_25 Magnets/V,Fiber_50um_Wollaston_25 Magnets,legacy,50,25,,1,V,data_image15.png,15,150.0,739.297303847487,551.9688026343155,540.9626612187039,544.7815994780321,1866.3211812045288,1879.496518199211,1861.3708759262036,1884.3992081269143,-62.44990783091725,7212500.0,1.0,0.5451121308764341,168,False,1.9363575811564058,False,0,False,True,False,True,True
Fiber_50um_Wollaston_25 Magnets/V,Fiber_50um_Wollaston_25 Magnets,legacy,50,25,,1,V,data_image16.png,16,160.0,742.2489547234823,553.1857438110818,547.7859701964212,552.0920913629221,1889.8615971776533,1904.7177152020815,1884.1275047944316,1910.3900064564352,-62.225011278321716,7296873.0,1.0,0.541659944243442,148,False,1.90626217474658,False,0,False,True,False,True,True
Fiber_50um_Wollaston_25 Magnets/V,Fiber_50um_Wollaston_25 Magnets,legacy,50,25,,1,V,data_image17.png,17,170.0,697.6605962314178,539.6214257847317,563.5583999402922,564.8666315167674,1944.2764797940083,1948.7898787328475,1930.817383708072,1962.1256973248387,-49.14444501894189,7230783.0,1.0,0.5415249629031036,138,False,1.9117988857473203,False,0,False,True,False,True,True
Fiber_50um_Wollaston_25 Magnets/V,Fiber_50um_Wollaston_25 Magnets,legacy,50,25,,1,V,data_image18.png,18,180.0,721.8810082889468,536.7491135305748,575.8689401634618,575.8636609098027,1986.7478435639434,1986.7296301388192,2004.0532250615659,1969.2720198839588,-44.984997753617876,7265338.0,1.0,0.5355585267289119,138,False,1.8633138650324843,False,0,False,True,False,True,True
Fiber_50um_Wollaston_25 Magnets/V,Fiber_50um_Wollaston_25 Magnets,legacy,50,25,,1,V,data_image19.png,19,190.0,722.0902480276711,524.4418400420183,583.9245780980049,584.352089257203,2014.5397944381168,2016.0147079373505,2001.4635617244319,2028.9971653710718,-46.535373942281836,7349180.0,1.0,0.5347774030193788,144,False,1.7943954282149979,False,0,False,True,False,True,True
Fiber_50um_Wollaston_25 Magnets/V,Fiber_50um_Wollaston_25 Magnets,legacy,50,25,,1,V,data_image20.png,20,200.0,725.2611783694758,515.1240521819086,593.8191345232299,594.6844746375496,2048.676014105143,2051.661437499546,2033.3472409100536,2066.8543883824796,-47.55594686702884,7290956.0,1.0,0.5394565065149282,146,False,1.7315049368881474,False,0,False,True,False,True,True
Fiber_50um_Wollaston_25 Magnets/V,Fiber_50um_Wollaston_25 Magnets,legacy,50,25,,1,V,data_image21.png,21,210.0,693.7382105752663,497.53540856021186,608.4588899893297,605.46966909003,2099.1831704631877,2088.870358360604,2109.297005807038,2078.657138271461,-35.16538903179374,7825297.0,1.0,0.5515666994154164,138,False,1.6433282380003589,False,0,False,True,False,True,True
Fiber_50um_Wollaston_25 Magnets/V,Fiber_50um_Wollaston_25 Magnets,legacy,50,25,,1,V,data_image22.png,22,220.0,724.5663174000916,487.7062929839149,615.6406993412066,614.9829436851273,2123.960412727163,2121.6911557136896,2141.245537090426,2104.2454098693356,-43.24182459829161,8034837.0,1.0,0.5622539090321689,164,False,1.6,True,0,False,True,False,True,True
Fiber_50um_Wollaston_25 Magnets/V,Fiber_50um_Wollaston_25 Magnets,legacy,50,25,,1,V,data_image23.png,23,230.0,743.374025581033,470.44956031359794,633.3061909544504,631.598766096418,2184.906358792854,2179.015743032642,2201.5804766783845,2162.1676183372383,-40.70203237688429,7309869.0,1.0,0.567690651174006,140,False,1.6,True,0,False,True,False,True,True
Fiber_50um_Wollaston_25 Magnets/V,Fiber_50um_Wollaston_25 Magnets,legacy,50,25,,1,V,data_image24.png,24,240.0,703.6214442859522,438.5992297246178,665.1552893997521,654.864045294346,2294.785748429145,2259.280956265494,2305.553920256427,2248.291171384983,-25.839627194841064,7393979.0,1.0,0.7436337338130846,127,False,1.6,True,0,False,True,False,True,True
Fiber_50um_Wollaston_V_50 Magnets/Horizontal,Fiber_50um_Wollaston_V_50 Magnets,legacy,50,50,,1,H,data_image01.png,1,10.0,403.9585426284364,655.3967891473633,491.2376444173048,524.6166342764883,1694.7698732397016,1809.9273882538848,1687.7550129702731,1816.4705035276945,-76.74057678856356,8234386.0,1.0,0.710187057826519,229,False,1.615066708788197,False,0,False,True,False,True,True
Fiber_50um_Wollaston_V_50 Magnets/Horizontal,Fiber_50um_Wollaston_V_50 Magnets,legacy,50,50,,1,H,data_image02.png,2,20.0,502.3994815764177,655.9944964377244,479.42192025765377,516.3019896271267,1654.0056248889057,1781.2418642135872,1647.2436124962699,1787.4970397406182,-77.56892531959703,6692211.0,1.0,0.5905602390356415,216,False,1.6386917168439212,False,0,False,True,False,True,True
Fiber_50um_Wollaston_V_50 Magnets/Horizontal,Fiber_50um_Wollaston_V_50 Magnets,legacy,50,50,,1,H,data_image03.png,3,30.0,423.6844713342215,663.2956231418478,473.9292642646012,508.43791026609006,1635.0559617128743,1754.1107904180108,1627.5307559318123,1761.0951994397506,-76.53170663013094,7203729.0,1.0,0.603518628748551,191,False,1.635319852806211,False,0,False,True,False,True,True
Fiber_50um_Wollaston_V_50 Magnets/Horizontal,Fiber_50um_Wollaston_V_50 Magnets,legacy,50,50,,1,H,data_image04.png,4,40.0,370.30379218053,663.8652330621884,468.0836347663316,500.6713482336933,1614.888539943844,1727.316151406242,1605.4400981010049,1736.10142985952,-74.69320650730305,7145625.0,1.0,0.653365845937756,183,False,1.6,True,0,False,True,False,True,True
Fiber_50um_Wollaston_V_50 Magnets/Horizontal,Fiber_50um_Wollaston_V_50 Magnets,legacy,50,50,,1,H,data_image05.png,5,50.0,553.0820957567955,653.6911801422654,462.0179650214017,497.3099884113972,1593.961979323836,1715.7194600193204,1580.1923532267335,1728.4097268364087,-72.63003627813461,7573875.0,1.0,0.5714950925497765,233,False,1.7105188555356106,False,0,False,True,False,True,True
Fiber_50um_Wollaston_V_50 Magnets/Horizontal,Fiber_50um_Wollaston_V_50 Magnets,legacy,50,50,,1,H,data_image06.png,6,60.0,527.4357956431174,654.2244904799389,458.80468761566834,493.1820456437085,1582.8761722740558,1701.4780574707943,1569.953801955898,1713.4087709976789,-72.89605238078613,7309722.0,1.0,0.55996995940087,182,False,1.7223634790943745,False,0,False,True,False,True,True
Fiber_50um_Wollaston_V_50 Magnets/Horizontal,Fiber_50um_Wollaston_V_50 Magnets,legacy,50,50,,1,H,data_image07.png,7,70.0,493.3726272299498,658.354880734301,458.83254147525633,488.8186624786295,1582.9722680896343,1686.4243855512718,1567.467057688052,1700.8455052665977,-70.44270188038946,7421916.0,1.0,0.569022755574162,201,False,1.721124477081095,False,0,False,True,False,True,True
Fiber_50um_Wollaston_V_50 Magnets/Horizontal,Fiber_50um_Wollaston_V_50 Magnets,legacy,50,50,,1,H,data_image08.png,8,80.0,465.8061866791186,650.1750263159973,461.439024799661,488.81988647601145,1591.9646355588307,1686.4286083422396,1575.5042098406495,1701.8164814924946,-69.21326192237241,7469791.0,1.0,0.5623372302423925,164,False,1.7545503198515824,False,0,False,True,False,True,True
Fiber_50um_Wollaston_V_50 Magnets/Horizontal,Fiber_50um_Wollaston_V_50 Magnets,legacy,50,50,,1,H,data_image09.png,9,90.0,496.5344075524555,648.198647260403,463.35219882537837,490.7634181407756,1598.5650859475554,1693.133792585676,1575.3514650287727,1714.7536660517073,-66.3716973950513,8221538.0,1.0,0.5682552798543247,228,False,1.7556373801742784,False,0,False,True,False,True,True
Fiber_50um_Wollaston_V_50 Magnets/Horizontal,Fiber_50um_Wollaston_V_50 Magnets,legacy,50,50,,1,H,data_image10.png,10,100.0,711.6187830481223,639.3837324813674,461.7407999403036,492.74192824961887,1593.0057597940474,1699.9596524611852,1572.8345018544003,1718.639520233776,-68.6060323594537,8412543.0,1.0,0.5527378502267122,209,False,1.7843931810379352,False,0,False,True,False,True,True
Fiber_50um_Wollaston_V_50 Magnets/Horizontal,Fiber_50um_Wollaston_V_50 Magnets,legacy,50,50,,1,H,data_image11.png,11,110.0,704.346013546108,629.6730600077456,458.05888552910574,487.38513339569164,1580.303155075415,1681.4787102151363,1555.6453448897228,1704.3169528497344,-66.45740845318001,8368603.0,1.0,0.36810211004325527,199,False,1.8438411425849621,False,0,False,True,False,False,False
Fiber_50um_Wollaston_V_50 Magnets/Horizontal,Fiber_50um_Wollaston_V_50 Magnets,legacy,50,50,,1,H,data_image12.png,12,120.0,649.6818155909368,618.9635445006649,474.91674826421615,505.1278593851995,1638.4627815115457,1742.6911148789384,1616.3951054825652,1763.1787973000796,-67.6342691940133,8543951.0,1.0,0.5487005130034548,203,False,1.8216209120795042,False,0,False,True,False,True,True
Fiber_50um_Wollaston_V_50 Magnets/Horizontal,Fiber_50um_Wollaston_V_50 Magnets,legacy,50,50,,1,H,data_image13.png,13,130.0,653.7548830707312,615.8703117784507,482.15766080756504,511.05687081178644,1663.4439297860995,1763.1462043006634,1638.154228248494,1786.6675599432706,-66.09851355564305,8603449.0,1.0,0.5555961433469873,232,False,1.812290145663819,False,0,False,True,False,True,True
Fiber_50um_Wollaston_V_50 Magnets/Horizontal,Fiber_50um_Wollaston_V_50 Magnets,legacy,50,50,,1,H,data_image14.png,14,140.0,584.9426008413445,604.5514848022434,494.15246653791155,518.3840706569537,1704.8260095557948,1788.4250437664903,1679.3140023574908,1812.4018156896593,-64.46703128338206,8675162.0,1.0,0.5564089438333883,223,False,1.829950894938606,False,0,False,True,False,True,True
Fiber_50um_Wollaston_V_50 Magnets/Horizontal,Fiber_50um_Wollaston_V_50 Magnets,legacy,50,50,,1,H,data_image15.png,15,150.0,581.0845484216203,601.1100081398333,503.88422376316845,525.7926350351526,1738.4005719829313,1813.9845908712764,1709.0719309517458,1841.6432280498539,-62.38929872043016,8663568.0,1.0,0.5673664794699912,209,False,1.8172303823720686,False,0,False,True,False,True,True
Fiber_50um_Wollaston_V_50 Magnets/Horizontal,Fiber_50um_Wollaston_V_50 Magnets,legacy,50,50,,1,H,data_image16.png,16,160.0,838.9400532701558,577.4459107766817,508.44077447466947,530.6361539062042,1754.1206719376098,1830.6947309764046,1720.874031303118,1861.9814977948029,-61.44274064903163,9183003.0,1.0,0.5513709958108034,216,False,1.8902110440863102,False,0,False,True,False,True,True
Fiber_50um_Wollaston_V_50 Magnets/Horizontal,Fiber_50um_Wollaston_V_50 Magnets,legacy,50,50,,1,H,data_image17.png,17,170.0,842.4469097274434,576.9059846002597,506.3795249875574,523.9427872686678,1747.009361207073,1807.6026160769038,1699.2341429969604,1852.5852890127887,-56.64665190128344,8838201.0,1.0,0.36722991520325765,245,False,1.9161083499416645,False,0,False,True,False,False,False
Fiber_50um_Wollaston_V_50 Magnets/Horizontal,Fiber_50um_Wollaston_V_50 Magnets,legacy,50,50,,1,H,data_image18.png,18,180.0,720.1699171881953,557.352448008906,535.5574499365712,551.9582456964355,1847.6732022811707,1904.2559476527026,1806.1842435673532,1943.652606534325,-57.160087125869026,8386244.0,1.0,0.5465331863359868,238,False,1.8892228816347945,False,0,False,True,False,True,True
Fiber_50um_Wollaston_V_50 Magnets/Vertical,Fiber_50um_Wollaston_V_50 Magnets,legacy,50,50,,1,V,data_image01.png,1,10.0,884.0382053747752,624.0310889278776,534.4835817822636,518.0971050239064,1843.9683571488097,1787.435012332477,1844.597927062276,1786.7853013038907,6.037121745517485,5990911.0,1.0,2.5130826578990337,148,False,1.7566089562929095,False,1,False,True,False,True,True
Fiber_50um_Wollaston_V_50 Magnets/Vertical,Fiber_50um_Wollaston_V_50 Magnets,legacy,50,50,,1,V,data_image02.png,2,20.0,910.1355934353658,608.9027250776774,524.3120494858427,513.0719540606125,1808.8765707261575,1770.0982415091132,1809.0381732508906,1769.9330836042254,-3.7058083878472883,5359994.0,1.0,0.5840930748729646,130,False,1.8327177878667134,False,0,False,True,False,True,True
Fiber_50um_Wollaston_V_50 Magnets/Vertical,Fiber_50um_Wollaston_V_50 Magnets,legacy,50,50,,1,V,data_image03.png,3,30.0,973.8650519031141,613.4233324264443,511.19410942399077,501.4141631493599,1763.6196775127682,1729.878862865292,1763.7168629507098,1729.779776284156,-3.082398230006221,5322224.0,1.0,0.5570708790168594,131,False,1.8183161618115713,False,0,False,True,False,True,True
Fiber_50um_Wollaston_V_50 Magnets/Vertical,Fiber_50um_Wollaston_V_50 Magnets,legacy,50,50,,1,V,data_image04.png,4,40.0,822.9765385545028,618.5799869245072,501.856086144851,496.83721759049274,1731.4034971997362,1714.0884006872,1731.4084215921719,1714.0834265360556,0.9684382142929244,5494248.0,1.0,0.5654031589191234,127,False,1.8534322673986916,False,0,False,True,False,True,True
Fiber_50um_Wollaston_V_50 Magnets/Vertical,Fiber_50um_Wollaston_V_50 Magnets,legacy,50,50,,1,V,data_image05.png,5,50.0,869.8269732057314,618.1161979840996,495.30219626057715,492.9026337518651,1708.7925770989912,1700.5140864439347,1710.3879224855718,1698.9094691472974,21.92226795867955,5442134.0,1.0,0.5435375023908489,137,False,1.8700190505930225,False,0,False,True,False,True,True
Fiber_50um_Wollaston_V_50 Magnets/Vertical,Fiber_50um_Wollaston_V_50 Magnets,legacy,50,50,,1,V,data_image06.png,6,60.0,683.3500380401025,621.9497659161776,489.27719857776435,488.47202931203765,1688.0063350932871,1685.2285011265299,1688.3645809450159,1684.869588465114,-18.68161963626388,5485001.0,1.0,0.5612550575588902,135,False,1.8708195705356898,False,0,False,True,False,True,True
Fiber_50um_Wollaston_V_50 Magnets/Vertical,Fiber_50um_Wollaston_V_50 Magnets,legacy,50,50,,1,V,data_image07.png,7,70.0,706.1563999941246,623.8054439576752,487.80046732028495,488.6872552593756,1682.911612254983,1685.971030644846,1682.0506578331388,1686.8299841179655,-64.90099160670663,5514591.0,1.0,0.5447828586432185,135,False,1.8623848983536848,False,0,False,True,False,True,True
Fiber_50um_Wollaston_V_50 Magnets/Vertical,Fiber_50um_Wollaston_V_50 Magnets,legacy,50,50,,1,V,data_image08.png,8,80.0,805.58232531315,607.0479432165007,489.94996610464847,489.4998558091987,1690.3273830610374,1688.7745025417357,1690.8860240972776,1688.215162789851,-27.224909525558232,5919607.0,1.0,0.5380051278025875,150,False,1.9279287380359849,False,0,False,True,False,True,True
Fiber_50um_Wollaston_V_50 Magnets/Vertical,Fiber_50um_Wollaston_V_50 Magnets,legacy,50,50,,1,V,data_image09.png,9,90.0,843.8823072768723,604.4541911813691,490.8517637274137,493.0828281699405,1693.4385848595773,1701.1357571862948,1692.323852466968,1702.2447190226078,-70.44145125404543,6049261.0,1.0,0.5387469594880229,155,False,1.9244652438805143,False,0,False,True,False,True,True
Fiber_50um_Wollaston_V_50 Magnets/Vertical,Fiber_50um_Wollaston_V_50 Magnets,legacy,50,50,,1,V,data_image10.png,10,100.0,626.7453662287072,617.3650878281169,495.8381025343175,495.3706415972356,1710.6414537433955,1709.028713510463,1718.8169571926016,1700.806160188665,-42.43130707816479,6131237.0,1.0,0.5441073716501741,143,False,1.8640058729988653,False,0,False,True,False,True,True
Fiber_50um_Wollaston_V_50 Magnets/Vertical,Fiber_50um_Wollaston_V_50 Magnets,legacy,50,50,,1,V,data_image11.png,11,110.0,731.7445628435846,595.5544346313038,500.87040096736314,503.79908800223535,1728.0028833374029,1738.106853607712,1728.0017446938118,1738.107985631394,-89.39271039523226,6183885.0,1.0,0.5358604446812015,165,False,1.9201525392115653,False,0,False,True,False,True,True
Fiber_50um_Wollaston_V_50 Magnets/Vertical,Fiber_50um_Wollaston_V_50 Magnets,legacy,50,50,,1,V,data_image12.png,12,120.0,737.9753166206469,581.6840197022633,509.68472272098387,512.7479530099589,1758.4122933873944,1768.9804378843583,1756.347024332083,1771.0309746792377,-68.01527901911757,6246592.0,1.0,0.5325101986199229,158,False,1.9405858481450773,False,0,False,True,False,True,True
Fiber_50um_Wollaston_V_50 Magnets/Vertical,Fiber_50um_Wollaston_V_50 Magnets,legacy,50,50,,1,V,data_image13.png,13,130.0,666.7730421164524,582.6156449605353,518.2162074272766,520.0593808398688,1787.8459156241042,1794.2048638975475,1787.5265455524404,1794.5230454337357,-77.67523679351184,6428153.0,1.0,0.5403463046165649,136,False,1.9099982099670616,False,0,False,True,False,True,True
Fiber_50um_Wollaston_V_50 Magnets/Vertical,Fiber_50um_Wollaston_V_50 Magnets,legacy,50,50,,1,V,data_image14.png,14,140.0,677.3467362463048,566.7430312764793,527.9666438993189,530.57265437751,1821.4849214526503,1830.4756576024097,1816.0036040622817,1835.9137676337484,-58.42224517035971,6374087.0,1.0,0.5368959327459847,129,False,1.931598021046658,False,0,False,True,False,True,True
Fiber_50um_Wollaston_V_50 Magnets/Vertical,Fiber_50um_Wollaston_V_50 Magnets,legacy,50,50,,1,V,data_image15.png,15,150.0,735.116066511856,556.5176665015367,538.4016287522334,540.5670122078359,1857.4856191952051,1864.9561921170339,1850.9566035836053,1871.4363669873758,-55.697116498394834,6512042.0,1.0,0.5326603685007723,146,False,1.9348738957892688,False,0,False,True,False,True,True
Fiber_50um_Wollaston_V_50 Magnets/Vertical,Fiber_50um_Wollaston_V_50 Magnets,legacy,50,50,,1,V,data_image16.png,16,160.0,745.3216471414992,552.7347873217321,548.9966642300387,551.8193291014445,1894.0384915936338,1903.7766853999838,1886.2923220547918,1911.4520007753213,-56.3859303761915,6491707.0,1.0,0.5390335700895698,135,False,1.9090331425999973,False,0,False,True,False,True,True
Fiber_50um_Wollaston_V_50 Magnets/Vertical,Fiber_50um_Wollaston_V_50 Magnets,legacy,50,50,,1,V,data_image17.png,17,170.0,656.9125328604432,547.156601365061,563.8978111471595,565.5889170633623,1945.4474484577004,1951.2817638686,1941.9476414174533,1954.7648591863735,-58.53875833310245,7282312.0,1.0,0.547502693650194,143,False,1.882186806320936,False,0,False,True,False,True,True
Fiber_50um_Wollaston_V_50 Magnets/Vertical,Fiber_50um_Wollaston_V_50 Magnets,legacy,50,50,,1,V,data_image18.png,18,180.0,672.3096923248271,537.1563028281877,574.5928987664358,577.5175110190909,1982.3455007442037,1992.4354130158636,1980.5303217164706,1994.2397559275912,-68.69526216935269,7353437.0,1.0,0.5482351434627771,132,False,1.8589398692838295,False,0,False,True,False,True,True
No Magents_W_0M1/H,No Magents_W_0M1,legacy,,0,Baseline,1,H,image_01.png,1,10.0,577.9161781384788,619.2486392140423,291.16820377646854,310.3137080286944,1004.5303030288165,1070.5822926989958,1002.4390763448595,1072.5406628005624,80.22011707860477,1879796.0,0.0,0.0021134848569625097,168,False,3.0,False,0,False,True,False,True,True
No Magents_W_0M1/H,No Magents_W_0M1,legacy,,0,Baseline,1,H,image_02.png,2,20.0,584.227197786874,618.673724813785,286.1231686535334,302.70596645119366,987.1249318546903,1044.3355842566182,985.8432092859654,1045.5456041409614,81.69751294167891,1864512.0,0.0,0.002988912273040612,192,False,3.0,False,0,False,True,False,True,True
No Magents_W_0M1/H,No Magents_W_0M1,legacy,,0,Baseline,1,H,image_03.png,3,30.0,592.1368814265219,622.0947056110301,282.636009605072,299.33981541755463,975.0942331374985,1032.7223631905636,974.0696770218289,1033.6887864529142,82.57867824227743,1844991.0,0.0,0.0021134848569625097,194,False,3.0,False,0,False,True,False,True,True
No Magents_W_0M1/H,No Magents_W_0M1,legacy,,0,Baseline,1,H,image_04.png,4,40.0,588.2540318687137,619.5420100612354,279.8414772229458,294.3235434807597,965.4530964191631,1015.4162250086212,965.204844995158,1015.6522035588666,86.0287871011168,1884858.0,0.0,0.002988912273040612,189,False,3.0,False,0,False,True,False,True,True
No Magents_W_0M1/H,No Magents_W_0M1,legacy,,0,Baseline,1,H,image_05.png,5,50.0,599.6960884615696,631.5479591092231,276.1991052221986,292.18160988192625,952.8869130165853,1008.0265540926456,952.7891815160991,1008.1189306525562,-87.6254527483949,1850295.0,0.0,0.0021134848569625097,152,False,3.0,False,0,False,True,False,True,True
No Magents_W_0M1/H,No Magents_W_0M1,legacy,,0,Baseline,1,H,image_06.png,6,60.0,604.5360329699548,626.0774517415581,275.750369311116,285.2826207410069,951.3387741233503,984.2250415564738,950.4344454044929,985.0983507071851,-80.78703872050052,1880500.0,0.0,0.002988912273040612,160,False,3.0,False,0,False,True,False,True,True
No Magents_W_0M1/H,No Magents_W_0M1,legacy,,0,Baseline,1,H,image_07.png,7,70.0,615.6072850712109,633.9854168158801,276.63006482497974,287.1845886102743,954.3737236461801,990.7868307054464,950.2343176795251,994.7575030075149,-72.43840423129141,1870922.0,0.0,0.0021134848569625097,199,False,3.0,False,0,False,True,False,True,True
No Magents_W_0M1/H,No Magents_W_0M1,legacy,,0,Baseline,1,H,image_08.png,8,80.0,616.734060524614,629.5600327752138,275.488965410109,288.8272595759714,950.4369306648762,996.4540455371015,941.8385736189125,1004.5850512935274,-68.59274327103881,1898996.0,0.0,0.0021134848569625097,193,False,3.0,False,1,False,True,False,True,True
No Magents_W_0M1/H,No Magents_W_0M1,legacy,,0,Baseline,1,H,image_09.png,9,90.0,612.3336004746318,627.0249954135379,282.24367782855575,293.8846248367592,973.7406885085173,1013.9019556868193,961.2514816373824,1025.7503074591475,-64.26291783421405,1864182.0,0.0,0.0021134848569625097,146,False,3.0,False,1,False,True,False,True,True
No Magents_W_0M1/H,No Magents_W_0M1,legacy,,0,Baseline,1,H,image_10.png,10,100.0,651.8988651000293,624.1130449924543,291.54995286877346,300.1728238126165,1005.8473373972685,1035.596242153527,971.8724928398952,1067.544987610756,-54.06741330462038,1808970.0,0.0,0.002988912273040612,169,False,3.0,False,2,False,True,False,True,True
No Magents_W_0M1/H,No Magents_W_0M1,legacy,,0,Baseline,1,H,image_11.png,11,110.0,653.4401208202956,614.4110717430336,307.1648741260761,313.4741884478118,1059.7188157349626,1081.4859501449507,1040.5867385799158,1099.9068452715676,-55.7673772644762,1796718.0,0.0,0.0021134848569625097,172,False,3.0,False,0,False,True,False,True,True
No Magents_W_0M1/H,No Magents_W_0M1,legacy,,0,Baseline,1,H,image_12.png,12,120.0,627.9402338251542,613.8268623042272,317.6025314299409,325.9834457672094,1095.7287334332962,1124.6428878968725,1073.2450687947123,1146.1187132562604,-56.693862306235694,2200191.0,0.0,0.002988912273040612,177,False,2.903050101713902,False,1,False,True,False,True,True
No Magents_W_0M1/H,No Magents_W_0M1,legacy,,0,Baseline,1,H,image_13.png,13,130.0,655.0550355019591,596.5976960162304,336.79877049507064,343.88208441707155,1161.9557582079938,1186.3931912388969,1135.0746108496655,1212.1367975831806,-54.248857534236606,2243679.0,0.0,0.002988912273040612,173,False,2.8521601943583694,False,1,False,True,False,True,True
No Magents_W_0M1/H,No Magents_W_0M1,legacy,,0,Baseline,1,H,image_14.png,14,140.0,661.2777011003594,592.4257582245648,359.31591183687044,360.5433604875939,1239.639895837203,1243.874593682199,1211.4136539730505,1271.3803660301623,-47.0253154024305,2239541.0,0.0,0.0021134848569625097,188,False,2.743493826132756,False,0,False,True,False,True,True
No Magents_W_0M1/H,No Magents_W_0M1,legacy,,0,Baseline,1,H,image_15.png,15,150.0,663.7974205298469,584.7486870767265,377.90744677658046,376.5419799550938,1303.7806913792026,1299.0698308450735,1338.5998902788372,1263.1614506350982,-43.20912670984364,2248989.0,0.0,0.0021134848569625097,193,False,2.66770421180221,False,1,False,True,False,True,True
No Magents_W_0M1/H,No Magents_W_0M1,legacy,,0,Baseline,1,H,image_16.png,16,160.0,671.7168794401439,571.7658726708084,399.68447653727577,399.68171808775816,1378.9114440536014,1378.9019274027658,1410.474611973767,1346.5989250383736,-44.99573068977759,3093509.0,0.0,0.0021134848569625097,197,False,2.578222140328478,False,0,False,True,False,True,True
No Magents_W_0M1/H,No Magents_W_0M1,legacy,,0,Baseline,1,H,image_17.png,17,170.0,683.6073314232867,564.5067328413576,419.99088448702105,417.2473624784532,1448.9685514802227,1439.5034005506636,1485.5964666068323,1401.6715170755647,-41.760813715356285,3422255.0,0.0,0.0021134848569625097,191,False,2.50447726765738,False,1,False,True,False,True,True
No Magents_W_0M1/H,No Magents_W_0M1,legacy,,0,Baseline,1,H,image_18.png,18,180.0,684.4284890128904,563.8255253390959,442.5392146754234,434.0529448722365,1526.7602906302109,1497.4826598092159,1558.4607752674715,1464.4628071163984,-35.92195378957968,3872356.0,0.0,0.002988912273040612,198,False,2.4106481978363288,False,2,False,True,False,True,True
No Magents_W_0M1/H,No Magents_W_0M1,legacy,,0,Baseline,1,H,image_19.png,19,190.0,698.0225617659404,559.7249909639256,463.7726646223761,447.40568350137994,1600.0156929471977,1543.549608079761,1632.748736209654,1508.8827571041636,-31.430686386515287,4116832.0,0.0,0.0021134848569625097,175,False,2.3570331289027897,False,3,False,True,False,True,True
No Magents_W_0M1/H,No Magents_W_0M1,legacy,,0,Baseline,1,H,image_20.png,20,200.0,706.4239525453075,548.0465086852093,484.8494455615607,473.1418650107106,1672.7305871873843,1632.3394342869517,1709.9981918688939,1593.256360365654,-34.873165715177294,5144781.0,0.0,0.0021134848569625097,172,False,2.278188174461675,False,2,False,True,False,True,True
No Magents_W_0M1/H,No Magents_W_0M1,legacy,,0,Baseline,1,H,image_21.png,21,210.0,706.3109085140095,535.4369420019275,509.1513808445126,508.85253528404724,1756.5722639135686,1755.541246729963,1794.4604138244824,1716.7943996115264,-44.61959476815055,6908402.0,0.0,0.002988912273040612,189,False,2.10448766538243,False,0,False,True,False,True,False
No Magents_W_0M1/H,No Magents_W_0M1,legacy,,0,Baseline,1,H,image_22.png,22,220.0,713.6894466113126,522.3414851843335,529.8009982389094,526.2679161201382,1827.8134439242376,1815.624310614477,1879.4388420742048,1762.130319240677,-42.01637599138346,6827570.0,0.0,0.004226941391918989,199,False,1.9850782051668587,False,1,False,True,False,True,False
No Magents_W_0M1/H,No Magents_W_0M1,legacy,,0,Baseline,1,H,image_23.png,23,230.0,702.0301515550991,503.13172680314403,556.9486567343477,517.5290734366225,1921.4728657334995,1785.4753033563477,1949.4944987402266,1754.8365257274374,-22.820879747213258,6603341.0,0.0,0.004226941391918989,200,False,1.9443612064617986,False,3,False,True,False,True,False
No Magents_W_0M1/H,No Magents_W_0M1,legacy,,0,Baseline,1,H,image_24.png,24,240.0,717.3823643711762,490.1938859108266,583.6239557783412,551.3032810660463,2013.5026474352771,1901.99631967786,2023.8266954197277,1891.0072496432845,-16.44705154088869,6710926.0,0.0,0.0036606468015869626,179,False,1.7783093362439149,False,1,False,True,False,True,True
No Magents_W_0M1/H,No Magents_W_0M1,legacy,,0,Baseline,1,H,image_25.png,25,250.0,736.3305008406293,468.7333065404515,608.0076909044116,566.6504619643978,2097.62653362022,1954.9440937771724,2128.1598523947937,1921.660512941035,-23.128390043024684,6514168.0,0.0,0.009912657724956768,168,False,1.654400156722723,False,3,False,True,False,True,True
No Magents_W_0M1/V,No Magents_W_0M1,legacy,,0,Baseline,1,V,image_01.png,1,10.0,801.2869091895424,590.5437695712193,310.29947054597284,294.3378527422593,1070.5331733836063,1015.4655919607947,1079.2490750107984,1006.1973354463813,20.530276130521482,2558604.0,0.0,0.0484169713690517,181,False,3.0,False,0,False,True,False,True,True
No Magents_W_0M1/V,No Magents_W_0M1,legacy,,0,Baseline,1,V,image_02.png,2,20.0,926.9045297398546,576.9589098323639,297.60198649774566,282.9856169451977,1026.7268534172226,976.3003784609322,1039.3638064474221,962.8360911173384,24.380435217146616,2128003.0,0.0,0.0021134848569625097,191,False,3.0,False,0,False,True,False,True,True
No Magents_W_0M1/V,No Magents_W_0M1,legacy,,0,Baseline,1,V,image_03.png,3,30.0,1009.045954474434,596.4085829900141,289.6422033328464,274.8002795960335,999.2656014983202,948.0609646063156,1021.1014122185038,924.5016175829195,28.97904639878347,1991101.0,0.0,0.0021134848569625097,182,False,3.0,False,0,False,True,False,True,True
No Magents_W_0M1/V,No Magents_W_0M1,legacy,,0,Baseline,1,V,image_04.png,4,40.0,1093.585515390302,590.6846149206999,275.7731211033004,269.6720115288115,951.4172678063865,930.3684397743997,1000.0249156596748,877.912535090074,40.026828996333094,1608383.0,0.0,0.002988912273040612,224,False,2.6211005243058483,False,1,False,True,False,True,True
No Magents_W_0M1/V,No Magents_W_0M1,legacy,,0,Baseline,1,V,image_05.png,5,50.0,1173.2834211268328,578.6979346098636,283.5733393913734,268.8910719705922,978.3280209002382,927.674198298543,1005.2684844807046,898.4099335922822,30.83316659020967,1560480.0,0.0,0.021024305583625676,188,False,1.9869295681287806,False,0,False,True,False,True,True
No Magents_W_0M1/V,No Magents_W_0M1,legacy,,0,Baseline,1,V,image_06.png,6,60.0,791.6139654980523,594.068760950791,287.5188030539073,264.04980872683024,991.9398705359802,910.9718401075644,1012.6808959058868,887.8579859950293,24.749057078766132,1572375.0,0.0,0.0021134848569625097,203,False,3.0,False,1,False,True,False,True,True
No Magents_W_0M1/V,No Magents_W_0M1,legacy,,0,Baseline,1,V,image_07.png,7,70.0,780.9002815699971,586.6380542339989,289.5860723868022,267.2481369899041,999.0719497344676,922.0060726151692,1020.5225488597155,898.2058149190248,25.444553177134235,1636538.0,0.0,0.002988912273040612,204,False,3.0,False,1,False,True,False,True,True
No Magents_W_0M1/V,No Magents_W_0M1,legacy,,0,Baseline,1,V,image_08.png,8,80.0,782.4152600159251,582.592116848323,296.22567207515715,274.2047430236333,1021.9785686592923,946.0063634315349,1042.7364387052314,923.075811538892,25.267788163724912,1591191.0,0.0,0.0021134848569625097,191,False,3.0,False,1,False,True,False,True,True
No Magents_W_0M1/V,No Magents_W_0M1,legacy,,0,Baseline,1,V,image_09.png,9,90.0,806.4429916458485,576.5241723382588,300.646418148428,278.8859673564662,1037.2301426120766,962.1565873798085,1063.9574895585956,932.5160201270534,27.555472144392827,1637988.0,0.0,0.0021134848569625097,161,False,3.0,False,1,False,True,False,True,True
No Magents_W_0M1/V,No Magents_W_0M1,legacy,,0,Baseline,1,V,image_10.png,10,100.0,868.404971730927,571.9382630818752,316.66456187870114,292.53776750488043,1092.492738481519,1009.2552978918376,1122.552791759394,975.7109560063273,27.7017910067889,1665778.0,0.0,0.0021134848569625097,125,False,3.0,False,1,False,True,False,True,True
No Magents_W_0M1/V,No Magents_W_0M1,legacy,,0,Baseline,1,V,image_11.png,11,110.0,873.2475786221557,569.6896635475265,331.0913837245765,321.5062429202068,1142.2652738497889,1109.1965380747133,1188.5812224319168,1059.4156849897558,37.57133989229144,2194515.0,0.0,0.0021134848569625097,163,False,3.0,False,0,False,True,False,True,True
No Magents_W_0M1/V,No Magents_W_0M1,legacy,,0,Baseline,1,V,image_12.png,12,120.0,937.8195112849559,549.8200597744698,341.13699244568437,333.1168773383818,1176.9226239376112,1149.2532268174173,1223.1234267060802,1099.9540559174343,38.500185971454755,2663679.0,0.0,0.002988912273040612,199,False,3.0,False,0,False,True,False,True,True
No Magents_W_0M1/V,No Magents_W_0M1,legacy,,0,Baseline,1,V,image_13.png,13,130.0,714.1467811011574,554.3531776153117,358.84072633944714,358.9478561073528,1238.0005058710926,1238.370103570367,1166.1875761790507,1306.2206180885348,45.0757333809503,2507053.0,0.0,0.0021134848569625097,199,False,2.9678393050547873,False,1,False,True,False,True,True
No Magents_W_0M1/V,No Magents_W_0M1,legacy,,0,Baseline,1,V,image_14.png,14,140.0,762.3158808112996,543.0855781952075,378.35343549428677,369.71398450491387,1305.3193524552894,1275.5132465419529,1367.534815973591,1208.569890862074,39.58646848458416,2575177.0,0.0,0.0021134848569625097,200,False,2.9378977162159456,False,1,False,True,False,True,True
No Magents_W_0M1/V,No Magents_W_0M1,legacy,,0,Baseline,1,V,image_15.png,15,150.0,783.9775134874698,537.7000218715726,393.95757782149343,387.1834231267831,1359.1536434841523,1335.782809787402,1417.6617679797764,1273.5185326991625,40.32797518431696,2523824.0,0.0,0.0021134848569625097,181,False,2.7774950566285113,False,1,False,True,False,True,True
No Magents_W_0M1/V,No Magents_W_0M1,legacy,,0,Baseline,1,V,image_16.png,16,160.0,833.855143152996,526.5844439015788,418.0149961269125,414.7541322749924,1442.1517366378482,1430.901756348724,1492.8437908706771,1377.9328299551798,42.18858744308598,2914574.0,0.0,0.0021134848569625097,163,False,2.539260747147614,False,0,False,True,False,True,True
No Magents_W_0M1/V,No Magents_W_0M1,legacy,,0,Baseline,1,V,image_17.png,17,170.0,846.5504770896513,518.3302596297788,433.65227220440494,434.8530598377942,1496.100339105197,1500.24305644039,1441.108128932198,1553.1428826073368,46.06029743519589,2847054.0,0.0,0.0021134848569625097,138,False,2.3839329074659044,False,0,False,True,False,True,True
No Magents_W_0M1/V,No Magents_W_0M1,legacy,,0,Baseline,1,V,image_18.png,18,180.0,845.5658354039424,518.6769611409836,436.50067654775523,437.61316394163447,1505.9273340897557,1509.765415598639,1455.0526697118435,1558.8555013409186,46.06011707269937,3312230.0,0.0,0.0021134848569625097,172,False,2.370481529710842,False,0,False,True,False,True,True
No Magents_W_0M1/V,No Magents_W_0M1,legacy,,0,Baseline,1,V,image_19.png,19,190.0,875.4181148819406,505.5603815434543,454.37482364054085,458.7804448383029,1567.5931415598661,1582.7925346921452,1518.9166312926518,1629.562129078023,48.95025580889661,3700129.0,0.0,0.0021134848569625097,147,False,2.203931694262335,False,0,False,True,False,True,True
No Magents_W_0M1/V,No Magents_W_0M1,legacy,,0,Baseline,1,V,image_20.png,20,200.0,915.4268184969227,490.1404890938773,478.57215062088096,478.5736664536385,1651.0739196420393,1651.079149265053,1594.251371914446,1706.009967265387,45.001341315534034,3694301.0,0.0,0.002988912273040612,157,False,2.04833873424734,False,0,False,True,False,True,True
No Magents_W_0M1/V,No Magents_W_0M1,legacy,,0,Baseline,1,V,image_21.png,21,210.0,912.88978861168,480.99238177511415,498.7571641374536,502.1234770542167,1720.7122162742148,1732.3259958370477,1679.130187896936,1772.6606271876583,48.56774135298364,4118676.0,0.0,0.0021134848569625097,124,False,1.9158330719644048,False,0,False,True,False,True,True
No Magents_W_0M1/V,No Magents_W_0M1,legacy,,0,Baseline,1,V,image_22.png,22,220.0,829.7556858605643,471.7785305092016,520.6795376084891,527.8758967679894,1796.3444047492876,1821.1718438495634,1757.8170726457788,1858.3861935613697,52.14881824745492,4643976.0,0.0,0.0021134848569625097,125,False,1.7874606376779107,False,0,False,True,False,True,True
No Magents_W_0M1/V,No Magents_W_0M1,legacy,,0,Baseline,1,V,image_23.png,23,230.0,850.5803162979995,464.33662165037197,549.5094112642657,556.4426709715059,1895.8074688617169,1919.7272148516954,1856.1270819080132,1958.1191981699585,51.78415999842565,4493484.0,0.0,0.0021134848569625097,110,False,1.6689468506779903,False,0,False,True,False,True,True
No Magents_W_0M1/V,No Magents_W_0M1,legacy,,0,Baseline,1,V,image_24.png,24,240.0,855.8985490468074,446.4083187156113,570.2019199320811,577.5725577411147,1967.1966237656798,1992.6253242068458,1929.0293228780017,2029.5970316056253,52.32541938172084,4837165.0,0.0,0.010776098785628166,122,False,1.6,True,0,False,True,False,True,True
No Magents_W_0M1/V,No Magents_W_0M1,legacy,,0,Baseline,1,V,image_25.png,25,250.0,905.9811307168693,429.2665601501305,598.0008940168519,600.7673805033403,2063.1030843581393,2072.647462736524,1998.6698003541708,2134.8491447004963,47.01057385729735,5360670.0,0.0,0.11327779347791174,148,False,1.6,True,1,False,True,False,True,True
Norma 25 Magents_W_OM1/H,Norma 25 Magents_W_OM1,legacy,,25,Normal,1,H,image_01.png,1,10.0,562.4019240799223,623.2308582657803,296.0769601928634,313.8654935978403,1021.4655126653788,1082.8359529125491,1021.4635167733386,1082.8378356826183,-89.6780616079515,1915409.0,0.0,0.0021134848569625097,156,False,2.9552094842796115,False,0,False,True,False,True,True
Norma 25 Magents_W_OM1/H,Norma 25 Magents_W_OM1,legacy,,25,Normal,1,H,image_02.png,2,20.0,574.2907869211207,629.0007138499117,290.9031499926352,304.136199632483,1003.6158674745914,1049.2698887320664,1003.4647646605869,1049.4143961902053,-86.74948930610861,1879947.0,0.0,0.0021134848569625097,157,False,3.0,False,0,False,True,False,True,True
Norma 25 Magents_W_OM1/H,Norma 25 Magents_W_OM1,legacy,,25,Normal,1,H,image_03.png,3,30.0,572.9425048180393,635.0178557759451,284.8927836192323,291.3423495635546,982.8801034863516,1005.1311059942634,981.9190703625914,1006.0699664162811,-78.56158245229507,1920387.0,0.0,0.0021134848569625097,194,False,3.0,False,0,False,True,False,True,True
Norma 25 Magents_W_OM1/H,Norma 25 Magents_W_OM1,legacy,,25,Normal,1,H,image_04.png,4,40.0,586.0226339728395,625.8408985094605,279.05531951813344,288.2548457323033,962.7408523375605,994.4792177764464,959.6067920964892,997.5037182442936,-73.44055878634784,1787004.0,0.0,0.0021134848569625097,191,False,3.0,False,0,False,True,False,True,True
Norma 25 Magents_W_OM1/H,Norma 25 Magents_W_OM1,legacy,,25,Normal,1,H,image_05.png,5,50.0,581.5633290646343,632.0376249132066,279.71591734233647,287.6140944928974,965.0199148310609,992.268626000496,961.2813024930581,995.8909175420317,-70.96987948226507,1767127.0,0.0,0.0,198,False,3.0,False,0,False,True,False,True,True
Norma 25 Magents_W_OM1/H,Norma 25 Magents_W_OM1,legacy,,25,Normal,1,H,image_06.png,6,60.0,589.5103926741529,629.3739995762509,278.3127395710072,283.70859616980255,960.1789515199749,978.7946567858188,935.4534926205939,1002.4516757621785,-53.070648276444786,1755756.0,0.0,0.0036606468015869626,162,False,3.0,False,2,False,True,False,True,True
Norma 25 Magents_W_OM1/H,Norma 25 Magents_W_OM1,legacy,,25,Normal,1,H,image_07.png,7,70.0,599.6906344449717,626.4014725098,284.3779580498581,292.76255468090864,981.1039552720105,1010.0308136491349,953.7720048437124,1035.8794226875646,-55.32222414984946,1711228.0,0.0,0.0021134848569625097,182,False,3.0,False,2,False,True,False,True,True
Norma 25 Magents_W_OM1/H,Norma 25 Magents_W_OM1,legacy,,25,Normal,1,H,image_08.png,8,80.0,601.0326806709702,621.492095760044,291.1225572724439,300.37919766497333,1004.3728225899315,1036.308231944158,988.1013916862405,1051.834187550589,-60.04189467057329,1766457.0,0.0,0.0021134848569625097,181,False,3.0,False,1,False,True,False,True,True
Norma 25 Magents_W_OM1/H,Norma 25 Magents_W_OM1,legacy,,25,Normal,1,H,image_09.png,9,90.0,612.9449971980915,618.35109586992,301.4470943161779,307.5169544391909,1039.992475390814,1060.9334928152086,1018.7344869741393,1081.362228902105,-54.77121686101959,1791636.0,0.0,0.0021134848569625097,167,False,3.0,False,1,False,True,False,True,True
Norma 25 Magents_W_OM1/H,Norma 25 Magents_W_OM1,legacy,,25,Normal,1,H,image_10.png,10,100.0,614.5084718503066,617.6328905955594,319.8820719587656,320.4979361308162,1103.5931482577414,1105.7178796513158,1068.6083054644316,1139.564020033307,-45.85841674901802,1703642.0,0.0,0.0021134848569625097,162,False,2.9289867826971663,False,1,False,True,False,True,True
Norma 25 Magents_W_OM1/H,Norma 25 Magents_W_OM1,legacy,,25,Normal,1,H,image_11.png,11,110.0,615.8158413153442,617.4525377253085,320.3829330524821,317.85787294815134,1105.3211190310633,1096.6096616711222,1131.9331274738975,1069.1187591533958,-41.012496539489966,1885803.0,0.0,0.0021134848569625097,181,False,2.9544491562823967,False,1,False,True,False,True,True
Norma 25 Magents_W_OM1/H,Norma 25 Magents_W_OM1,legacy,,25,Normal,1,H,image_12.png,12,120.0,605.0132645649951,605.0102529091471,332.8320079480041,328.4437877108491,1148.2704274206142,1133.1310676024295,1163.8270718850831,1117.1470528099403,-35.53590613950942,1973001.0,0.0,0.0021134848569625097,191,False,2.934990796751988,False,0,False,True,False,True,True
Norma 25 Magents_W_OM1/H,Norma 25 Magents_W_OM1,legacy,,25,Normal,1,H,image_13.png,13,130.0,608.4462458097441,608.594357985701,352.94737114533706,349.92233298250096,1217.6684304514129,1207.2320487896284,1231.9001993200407,1192.7059675620208,-37.277723044433195,2257917.0,0.0,0.0021134848569625097,197,False,2.734353294553642,False,0,False,True,False,True,True
Norma 25 Magents_W_OM1/H,Norma 25 Magents_W_OM1,legacy,,25,Normal,1,H,image_14.png,14,140.0,619.6460416779827,589.5496443133319,371.2249209885101,369.96796147283567,1280.72597741036,1276.389467081283,1304.3696813573004,1252.2175670567874,-42.61464643291648,2246078.0,0.0,0.002988912273040612,165,False,2.6891536970192087,False,0,False,True,False,True,True
Norma 25 Magents_W_OM1/H,Norma 25 Magents_W_OM1,legacy,,25,Normal,1,H,image_15.png,15,150.0,624.3749506087032,585.8670813661164,387.6098602263167,388.05529775324476,1337.2540177807928,1338.7907772486944,1313.1136157530304,1362.476306377854,-45.89216203789413,2667474.0,0.0,0.002988912273040612,171,False,2.5827912750339115,False,0,False,True,False,True,True
Norma 25 Magents_W_OM1/H,Norma 25 Magents_W_OM1,legacy,,25,Normal,1,H,image_17.png,17,170.0,620.6944522756102,582.2753646712856,413.606118933867,402.6024694550526,1426.941110321841,1388.9785196199316,1435.8504267054684,1379.7665789624816,-23.696625814495818,3160449.0,0.0,0.0021134848569625097,155,False,2.507310181241017,False,1,False,True,False,True,True
Norma 25 Magents_W_OM1/H,Norma 25 Magents_W_OM1,legacy,,25,Normal,1,H,image_18.png,18,180.0,631.8467412855568,571.0760943598774,433.01801577831037,429.6459512745311,1493.9121544351708,1482.2785318971323,1508.1917425913996,1467.7468578986534,-36.64087038113327,3134595.0,0.0,0.0021134848569625097,125,False,2.4016234953903357,False,0,False,True,False,True,True
Norma 25 Magents_W_OM1/H,Norma 25 Magents_W_OM1,legacy,,25,Normal,1,H,image_19.png,19,190.0,636.5803954881351,561.8127121503735,456.1328688551053,454.7723413198986,1573.6583975501135,1568.9645775536503,1592.679355345715,1549.6525639167169,-41.86826012921184,3150183.0,0.0,0.002988912273040612,120,False,2.309671202084529,False,0,False,True,False,True,True
Norma 25 Magents_W_OM1/H,Norma 25 Magents_W_OM1,legacy,,25,Normal,1,H,image_20.png,20,200.0,651.0122788242193,544.4271263449913,475.78569040434456,470.1541057484224,1641.4606318949889,1622.0316648320575,1662.1278526140418,1600.8468787937177,-35.756255170223625,3501231.0,0.0,0.0021134848569625097,136,False,2.3080639603957316,False,1,False,True,False,True,True
Norma 25 Magents_W_OM1/H,Norma 25 Magents_W_OM1,legacy,,25,Normal,1,H,image_21.png,21,210.0,660.1104487024558,525.7196694655887,510.5534607717518,476.88314020564786,1761.409439662544,1645.2468337094851,1765.4221904523392,1640.9402327391053,-10.526485307606297,3463119.0,0.0,0.0021134848569625097,125,False,2.2048160141695683,False,1,False,True,False,True,True
Norma 25 Magents_W_OM1/H,Norma 25 Magents_W_OM1,legacy,,25,Normal,1,H,image_22.png,22,220.0,667.115489791092,510.02492331058903,534.092432081582,505.94278926469,1842.6188906814582,1745.5026229631806,1844.7120919224471,1743.2903031287185,-8.374126108586033,3843751.0,0.0,0.0021134848569625097,120,False,2.0161367416732308,False,1,False,True,False,True,True
Norma 25 Magents_W_OM1/H,Norma 25 Magents_W_OM1,legacy,,25,Normal,1,H,image_23.png,23,230.0,662.3116579265447,500.75513577348704,552.573834134846,529.0539480908653,1906.3797277652188,1825.2361209134856,1914.3259040480054,1816.9003540679623,-16.797731296943123,4180529.0,0.0,0.002988912273040612,110,False,1.893021071217796,False,2,False,True,False,True,True
Norma 25 Magents_W_OM1/H,Norma 25 Magents_W_OM1,legacy,,25,Normal,1,H,image_24.png,24,240.0,660.034680757667,488.8414933761073,576.9750678961205,555.1073991110426,1990.563984241616,1915.120526933097,1998.5868858200465,1906.7464613494078,-17.38056061974871,5137085.0,0.0,0.0021134848569625097,117,False,1.761250144238558,False,2,False,True,False,True,True
Norma 25 Magents_W_OM1/H,Norma 25 Magents_W_OM1,legacy,,25,Normal,1,H,image_25.png,25,250.0,671.6179247720028,467.68675706020093,607.5355949614626,585.5118600413693,2095.997802617046,2020.0159171427244,2101.172506298426,2014.6327687350472,-14.296322414097236,5980885.0,0.0,0.005591680397988088,115,False,1.6,True,2,False,True,False,True,True
Norma 25 Magents_W_OM1/V,Norma 25 Magents_W_OM1,legacy,,25,Normal,1,V,image_03.png,3,30.0,682.2222201830693,596.7549695612734,307.600009928263,287.6791408370558,1061.2200342525073,992.4930358878426,1077.3045936442759,975.0103588668693,23.87705437687449,1144266.0,0.0,2.459258104160696,98,False,3.0,False,2,False,True,False,True,True
Norma 25 Magents_W_OM1/V,Norma 25 Magents_W_OM1,legacy,,25,Normal,1,V,image_04.png,4,40.0,656.3421678121545,593.9171876769785,294.59934224002336,276.97043932506324,1016.3677307280807,955.5480156714682,1040.351261588113,929.3786240446092,28.362137344138986,1156567.0,0.0,0.8327813231056173,148,False,3.0,False,1,False,True,False,True,True
Norma 25 Magents_W_OM1/V,Norma 25 Magents_W_OM1,legacy,,25,Normal,1,V,image_05.png,5,50.0,717.3072930510587,598.0713719752221,286.4879252107926,271.8840236788839,988.3833419772344,937.9998816921495,1023.8769344493184,899.1225900038548,33.06784535426466,1185087.0,0.0,0.0021134848569625097,151,False,3.0,False,0,False,True,False,True,True
Norma 25 Magents_W_OM1/V,Norma 25 Magents_W_OM1,legacy,,25,Normal,1,V,image_06.png,6,60.0,760.7029845041436,592.7277808752292,285.20364454465505,271.8001332931487,983.9525736790599,937.710459861363,1017.7492829758309,900.9161841066225,33.322882499550055,1266274.0,0.0,0.0021134848569625097,170,False,3.0,False,0,False,True,False,True,True
Norma 25 Magents_W_OM1/V,Norma 25 Magents_W_OM1,legacy,,25,Normal,1,V,image_07.png,7,70.0,604.7535987466593,599.079804123625,286.76069601832256,259.0634314526377,989.3244012632128,893.7688385116002,1013.1900208991535,866.6207297195022,24.61264288166405,1193610.0,0.0,0.0021134848569625097,146,False,3.0,False,2,False,True,False,True,True
Norma 25 Magents_W_OM1/V,Norma 25 Magents_W_OM1,legacy,,25,Normal,1,V,image_08.png,8,80.0,381.8902378766394,597.9797321877111,287.51505117372346,268.70121104354996,991.926926549346,927.0191781002474,1024.0381449005863,891.419913378569,30.31904950123266,1212267.0,0.0,4.061129468946083,170,False,2.6564886694985033,False,1,False,True,False,True,True
Norma 25 Magents_W_OM1/V,Norma 25 Magents_W_OM1,legacy,,25,Normal,1,V,image_09.png,9,90.0,406.2726735805493,591.843628257625,293.22153739665583,267.041978516226,1011.6143040184627,921.2948258809797,1036.71153291191,892.9596036872338,25.49871417631805,1567860.0,0.0,0.6424197397904181,192,False,2.7710970837108966,False,1,False,True,False,True,True
Norma 25 Magents_W_OM1/V,Norma 25 Magents_W_OM1,legacy,,25,Normal,1,V,image_10.png,10,100.0,423.76756289989197,591.7337540366133,301.3075689096001,270.3511573647026,1039.5111127381203,932.711492908224,1070.5702790325824,896.8909410631996,25.972693459882674,1823930.0,0.0,0.0140179261014401,188,False,2.8128570711546446,False,2,False,True,False,True,True
Norma 25 Magents_W_OM1/V,Norma 25 Magents_W_OM1,legacy,,25,Normal,1,V,image_11.png,11,110.0,440.1582664274163,594.2737180848603,309.875224058976,294.27615242235004,1069.0695230034673,1015.2527258571076,1102.0809013553635,979.3188598423388,31.979998168185105,1793937.0,0.0,0.002988912273040612,141,False,2.8408742116384533,False,1,False,True,False,True,True
Norma 25 Magents_W_OM1/V,Norma 25 Magents_W_OM1,legacy,,25,Normal,1,V,image_12.png,12,120.0,477.1924827733286,589.6048757942993,321.5511546951455,305.14302442051195,1109.351483698252,1052.7434342507663,1143.889052086631,1015.1094961914008,31.94156113845502,1767753.0,0.0,0.0021134848569625097,180,False,2.9680657388759353,False,1,False,True,False,True,True
Norma 25 Magents_W_OM1/V,Norma 25 Magents_W_OM1,legacy,,25,Normal,1,V,image_13.png,13,130.0,489.437946031055,575.5978765409108,338.8155102338787,327.054821755993,1168.9135103068816,1128.3391350581758,1200.6039832098136,1094.5583921301404,33.74139202503189,2384223.0,0.0,0.0021134848569625097,198,False,2.889111810101044,False,0,False,True,False,True,True
Norma 25 Magents_W_OM1/V,Norma 25 Magents_W_OM1,legacy,,25,Normal,1,V,image_14.png,14,140.0,495.0234694996123,576.3554027097764,352.36858631244854,339.5047388360675,1215.6716227779475,1171.291348984433,1242.9440147075106,1142.309544272531,31.90590991904562,2499542.0,0.0,0.002988912273040612,208,False,2.809691264933988,False,0,False,True,False,True,True
Norma 25 Magents_W_OM1/V,Norma 25 Magents_W_OM1,legacy,,25,Normal,1,V,image_15.png,15,150.0,527.2736494891925,552.1014048961479,372.4190100418751,366.8252576468408,1284.845584644469,1265.5471388816009,1320.1377171215165,1228.6879770490898,38.90489947940895,3135036.0,0.0,0.0021134848569625097,214,False,2.831615117766977,False,0,False,True,False,True,True
Norma 25 Magents_W_OM1/V,Norma 25 Magents_W_OM1,legacy,,25,Normal,1,V,image_16.png,16,160.0,539.6428356021542,545.6415083839526,389.4911242912404,381.3071055982517,1343.7443788047794,1315.5095143139686,1377.4102432413977,1280.216879920621,36.55067047460359,3216502.0,0.0,0.0021134848569625097,199,False,2.7710148034009547,False,0,False,True,False,True,True
Norma 25 Magents_W_OM1/V,Norma 25 Magents_W_OM1,legacy,,25,Normal,1,V,image_17.png,17,170.0,560.5397373645277,543.2570313636484,406.9652593192319,410.0465896740276,1404.0301446513502,1414.6607343753954,1363.9789607948678,1453.3158758446755,48.41873543609445,3698358.0,0.0,0.0021134848569625097,208,False,2.649733201271194,False,0,False,True,False,True,True
Norma 25 Magents_W_OM1/V,Norma 25 Magents_W_OM1,legacy,,25,Normal,1,V,image_18.png,18,180.0,568.7608173012924,533.271266241546,436.2451410929254,434.17560558844286,1505.0457367705926,1497.905839280128,1542.9097145184821,1458.874287238396,42.56210276153317,5258428.0,0.0,0.0021134848569625097,200,False,2.4564773302673126,False,0,False,True,False,True,True
Norma 25 Magents_W_OM1/V,Norma 25 Magents_W_OM1,legacy,,25,Normal,1,V,image_19.png,19,190.0,591.4983201898606,518.3629299054461,453.26036165737645,456.42844070027513,1563.7482477179487,1574.6781204159493,1527.8600846043612,1609.5227016200852,48.84711341174135,5180645.0,0.0,0.0021134848569625097,156,False,2.271387510866536,False,0,False,True,False,True,True
Norma 25 Magents_W_OM1/V,Norma 25 Magents_W_OM1,legacy,,25,Normal,1,V,image_20.png,20,200.0,614.189720353258,518.282871300006,477.6129589115167,482.24109312248595,1647.764708244733,1663.7317712725767,1612.29403419227,1698.128348443265,50.36211869661534,5043792.0,0.0,0.0021134848569625097,176,False,2.149476240730854,False,0,False,True,False,True,True
Norma 25 Magents_W_OM1/V,Norma 25 Magents_W_OM1,legacy,,25,Normal,1,V,image_21.png,21,210.0,638.1217068139708,503.1839006507763,503.3462318066816,507.4967732814522,1736.5444997330517,1750.8638678210102,1709.066779027088,1777.69565112261,51.022737853690266,5031222.0,0.0,0.0021134848569625097,204,False,1.9830033495472728,False,0,False,True,False,True,True
Norma 25 Magents_W_OM1/V,Norma 25 Magents_W_OM1,legacy,,25,Normal,1,V,image_22.png,22,220.0,663.3648161923135,490.33460996862897,528.6303432415957,531.3704161220649,1823.7746841835053,1833.2279356211238,1797.2392086203486,1859.2498459346543,49.3849615531752,5720245.0,0.0,0.0,199,False,1.845547268314579,False,0,False,True,False,False,True
Norma 25 Magents_W_OM1/V,Norma 25 Magents_W_OM1,legacy,,25,Normal,1,V,image_23.png,23,230.0,669.9242735038775,478.83993326514224,547.2907598806302,553.1341608112978,1888.1531215881741,1908.3128547989775,1886.715767226431,1909.7339542599568,-75.57116553098172,5612659.0,0.0,0.0021134848569625097,207,False,1.731369953946847,False,1,False,True,False,True,True
Norma 25 Magents_W_OM1/V,Norma 25 Magents_W_OM1,legacy,,25,Normal,1,V,image_24.png,24,240.0,676.2665267453839,464.8298773576993,570.6596985310706,582.4533516411864,1968.7759599321937,2009.464063162093,1968.4785305653818,2009.7554269736393,-85.1557095914204,5579804.0,0.0,0.0029889122730406116,201,False,1.6,True,1,False,True,False,True,True
Norma 25 Magents_W_OM1/V,Norma 25 Magents_W_OM1,legacy,,25,Normal,1,V,image_25.png,25,250.0,705.7452542980561,450.1798234009615,590.8994404127918,603.8254639398996,2038.603069424132,2083.1978505926536,2030.311092664195,2091.2801405799437,-68.50489975129528,5790292.0,0.0,0.03553191834716833,191,False,1.6,True,2,False,True,False,False,True
Norma 50 Magents_W_OM1/H,Norma 50 Magents_W_OM1,legacy,,50,Normal,1,H,image_01.png,1,10.0,645.5681604256911,620.2555003790328,300.5550691306865,316.8295362154307,1036.9149885008685,1093.061899943236,1036.8053006355426,1093.1659430568238,87.50517883424071,1703019.0,0.0,0.0036606468015869626,170,False,2.9463446192314633,False,0,False,True,False,True,True
Norma 50 Magents_W_OM1/H,Norma 50 Magents_W_OM1,legacy,,50,Normal,1,H,image_02.png,2,20.0,684.1085443712941,628.3572551082799,285.97060051703744,304.31182346464,986.5985717837792,1049.875790953008,986.1385220679149,1050.3079232152381,-85.21961237898776,1758175.0,0.0,0.004226941391918989,170,False,3.0,False,0,False,True,False,True,True
Norma 50 Magents_W_OM1/H,Norma 50 Magents_W_OM1,legacy,,50,Normal,1,H,image_03.png,3,30.0,702.2373558907901,628.6976189187487,278.238708594755,295.8013854082361,959.9235446519048,1020.5147796584147,959.4993225735548,1020.9136481893214,-85.30670714577298,1810606.0,0.0,0.00211348485696251,160,False,3.0,False,0,False,True,False,True,True
Norma 50 Magents_W_OM1/H,Norma 50 Magents_W_OM1,legacy,,50,Normal,1,H,image_04.png,4,40.0,724.0674719452883,632.399999892232,276.1628232965994,290.36944892122693,952.761740373268,1001.774598778233,950.5754300431428,1003.8494072691792,-78.4679754276751,1855838.0,0.0,0.0021134848569625097,187,False,3.0,False,0,False,True,False,True,True
Norma 50 Magents_W_OM1/H,Norma 50 Magents_W_OM1,legacy,,50,Normal,1,H,image_05.png,5,50.0,745.8208699680846,635.2731066793467,277.80410437865066,288.3148280215145,958.4241601063449,994.686156674225,953.0665678322382,999.8207530529518,-70.43321742781069,1843309.0,0.0,0.0,186,False,3.0,False,0,False,True,False,True,True
Norma 50 Magents_W_OM1/H,Norma 50 Magents_W_OM1,legacy,,50,Normal,1,H,image_06.png,6,60.0,757.7655331210109,637.1469131868506,277.6415701170963,289.24613508253026,957.8634169039823,997.8991660347294,946.8239877612491,1008.3795948032997,-65.29288651453463,1791929.0,0.0,0.0021134848569625097,168,False,3.0,False,1,False,True,False,True,True
Norma 50 Magents_W_OM1/H,Norma 50 Magents_W_OM1,legacy,,50,Normal,1,H,image_07.png,7,70.0,777.3714127266549,635.6596250894378,286.48735603563017,291.14601243854776,988.3813783229241,1004.4537429129898,967.2360772333012,1024.8314210472731,-53.10516386130292,1895172.0,0.0,0.002988912273040612,195,False,3.0,False,1,False,True,False,True,True
Norma 50 Magents_W_OM1/H,Norma 50 Magents_W_OM1,legacy,,50,Normal,1,H,image_08.png,8,80.0,810.73079230559,630.4974974502323,291.1448887456639,299.96511133839556,1004.4498661725404,1034.8796341174648,994.4146737868246,1044.5261352989573,-63.69933641779442,1800164.0,0.0,0.0021134848569625097,196,False,3.0,False,0,False,True,False,True,True
Norma 50 Magents_W_OM1/H,Norma 50 Magents_W_OM1,legacy,,50,Normal,1,H,image_09.png,9,90.0,844.7617287206226,622.6699212447731,304.9251198975313,312.1763227798014,1051.9916636464832,1077.0083135903149,1036.8893734786748,1091.5556765879378,-58.620813756520036,1797468.0,0.0,0.0021134848569625097,172,False,2.9748272511518983,False,0,False,True,False,True,True
Norma 50 Magents_W_OM1/H,Norma 50 Magents_W_OM1,legacy,,50,Normal,1,H,image_10.png,10,100.0,857.7242244665829,624.8952146953544,318.24224151509577,321.7801831709221,1097.9357332270804,1110.1416319396812,1071.9899441977263,1135.2157842461238,-50.56771157341361,1674815.0,0.0,0.0021134848569625097,128,False,2.872176780750891,False,0,False,True,False,True,True
Norma 50 Magents_W_OM1/H,Norma 50 Magents_W_OM1,legacy,,50,Normal,1,H,image_11.png,11,110.0,859.4370446204256,610.42310840137,333.728983655674,331.2323923305353,1151.3649936120755,1142.7517535403467,1178.4733523998316,1114.775078847018,-41.112867209927714,1753345.0,0.0,0.0021134848569625097,137,False,2.8775983426346547,False,1,False,True,False,True,True
Norma 50 Magents_W_OM1/H,Norma 50 Magents_W_OM1,legacy,,50,Normal,1,H,image_12.png,12,120.0,882.928710559568,621.1863241307601,351.15955678884916,350.7659174434079,1211.5004709215298,1210.1424151797573,1232.6661644511719,1188.5756951399524,-44.11731416901578,1715752.0,0.0,0.002988912273040612,139,False,2.655980257514008,False,0,False,True,False,True,True
Norma 50 Magents_W_OM1/H,Norma 50 Magents_W_OM1,legacy,,50,Normal,1,H,image_13.png,13,130.0,904.168460075242,601.8519558692988,371.2732602722164,367.1138238896995,1280.8927479391466,1266.5426924194635,1308.3922680939459,1238.1140077699717,-39.10680239947666,2365700.0,0.0,0.0021134848569625097,178,False,2.643038820986842,False,1,False,True,False,True,True
Norma 50 Magents_W_OM1/H,Norma 50 Magents_W_OM1,legacy,,50,Normal,1,H,image_14.png,14,140.0,930.6076997963992,592.7719465139634,393.53211205604435,380.79592947787523,1357.685786593353,1313.7459566986697,1377.4768386200437,1292.9797728213093,-29.32696702912266,2473468.0,0.0,0.0021134848569625097,165,False,2.5957633221746503,False,2,False,True,False,True,True
Norma 50 Magents_W_OM1/H,Norma 50 Magents_W_OM1,legacy,,50,Normal,1,H,image_15.png,15,150.0,960.9821019549353,588.8119163671371,416.2790871399762,398.06440756348417,1436.162850632918,1373.3222060940204,1437.756591103564,1371.6536005957464,-9.03549965265275,2834723.0,0.0,0.0021134848569625097,155,False,2.3734937127838394,False,1,False,True,False,True,True
Norma 50 Magents_W_OM1/H,Norma 50 Magents_W_OM1,legacy,,50,Normal,1,H,image_16.png,16,160.0,976.8224725887868,579.177380379962,437.2065638175777,419.47364139546926,1508.3626451706432,1447.184062814369,1518.990317607441,1436.0250680350007,-21.23917032586785,2768119.0,0.0,0.002988912273040612,144,False,2.187421539310331,False,2,False,True,False,True,True
Norma 50 Magents_W_OM1/H,Norma 50 Magents_W_OM1,legacy,,50,Normal,1,H,image_17.png,17,170.0,997.1901583537561,572.423210399229,460.0137999975159,446.02356115356105,1587.04760999143,1538.7812859797857,1589.2461027222434,1536.5105881324976,-11.877674306704227,3324708.0,0.0,0.0021134848569625097,150,False,1.9904178598499265,False,1,False,True,False,True,True
Norma 50 Magents_W_OM1/H,Norma 50 Magents_W_OM1,legacy,,50,Normal,1,H,image_18.png,18,180.0,744.8255553475166,558.6520446345983,472.89875946153603,480.188614802408,1631.5007201422993,1656.6507210683076,1624.4454014116238,1663.5694603092516,-65.00247129753221,3578390.0,0.0,0.0021134848569625097,136,False,2.2005850995980434,False,1,False,True,False,False,True
Norma 50 Magents_W_OM1/H,Norma 50 Magents_W_OM1,legacy,,50,Normal,1,H,image_19.png,19,190.0,738.1627762399545,552.6134101466849,507.7832355635239,504.4744459231591,1751.8521626941574,1740.436838434899,1764.773402869606,1727.3335592876945,-36.12351554912903,4069605.0,0.0,0.0021134848569625097,126,False,2.118587350348018,False,0,False,True,False,True,True
Norma 50 Magents_W_OM1/H,Norma 50 Magents_W_OM1,legacy,,50,Normal,1,H,image_20.png,20,200.0,756.3701340126061,533.2193457956521,528.1762318075301,527.4274089056596,1822.207999735979,1819.6245607245257,1832.4016966566219,1809.3588804832655,-41.78131879440364,4451820.0,0.0,0.002988912273040612,134,False,2.021962972694233,False,0,False,True,False,True,True
Norma 50 Magents_W_OM1/H,Norma 50 Magents_W_OM1,legacy,,50,Normal,1,H,image_21.png,21,210.0,751.4167230833185,528.1718402625938,551.0663379865263,546.7564628936528,1901.1788660535158,1886.3097969831024,1910.8002896483245,1876.5628110998161,-32.12941083165584,4630725.0,0.0,0.0021134848569625097,118,False,1.932018644890993,False,0,False,True,False,True,True
Norma 50 Magents_W_OM1/H,Norma 50 Magents_W_OM1,legacy,,50,Normal,1,H,image_22.png,22,220.0,766.2562826113248,508.60036152953364,565.722170575452,577.8437603770861,1951.7414884853094,1993.5609733009474,1950.8880875460893,1994.3961146207225,-81.99302393061089,4489813.0,0.0,0.0036606468015869626,110,False,1.7603386811605752,False,1,False,True,False,False,True
Norma 50 Magents_W_OM1/H,Norma 50 Magents_W_OM1,legacy,,50,Normal,1,H,image_23.png,23,230.0,752.1857582594569,493.94630346893115,603.6212958945541,609.9710274360277,2082.493470836212,2104.400044654296,2070.7939270332276,2115.913777964206,-59.523967851856966,5280099.0,0.0,0.0,101,False,1.6195731677606326,False,1,False,True,False,True,True
Norma 50 Magents_W_OM1/V,Norma 50 Magents_W_OM1,legacy,,50,Normal,1,V,image_01.png,1,10.0,761.5992160159722,596.7229119506216,305.0876743443209,281.48989243625664,1052.5524764879071,971.1401289050855,1070.0607441749544,951.8139889213412,23.219975335752995,1149003.0,0.0,0.09259213881915224,100,False,3.0,False,1,False,True,False,True,True
Norma 50 Magents_W_OM1/V,Norma 50 Magents_W_OM1,legacy,,50,Normal,1,V,image_02.png,2,20.0,856.6002010255253,597.1720160153328,296.3578515261404,279.5596883632198,1022.4345877651845,964.4809248531083,1046.4328214384943,938.3892001085381,28.761632657937284,1559006.0,0.0,0.0021134848569625097,174,False,3.0,False,0,False,True,False,True,True
Norma 50 Magents_W_OM1/V,Norma 50 Magents_W_OM1,legacy,,50,Normal,1,V,image_03.png,3,30.0,949.7963593118193,596.5139869832719,288.3062376852477,270.3002433525612,994.6565200141047,932.5358395663362,1020.2670937314007,904.4444384986522,28.75900762272247,1691823.0,0.0,0.002988912273040612,205,False,3.0,False,0,False,True,False,True,True
Norma 50 Magents_W_OM1/V,Norma 50 Magents_W_OM1,legacy,,50,Normal,1,V,image_04.png,4,40.0,954.8123080769991,593.453929203754,283.21808952811506,265.66166720477605,977.102408871997,916.5327518564774,1007.7313821993043,882.7450730418982,30.48000183367419,1239755.0,0.0,0.0021134848569625097,174,False,3.0,False,0,False,True,False,True,True
Norma 50 Magents_W_OM1/V,Norma 50 Magents_W_OM1,legacy,,50,Normal,1,V,image_05.png,5,50.0,878.3387871936038,581.9356136666601,282.8584474342072,260.47412903572604,975.8616436480149,898.6357451732549,998.7611336840345,873.1141665834309,26.006342374622434,1303786.0,0.0,0.0021134848569625097,164,False,3.0,False,1,False,True,False,True,True
Norma 50 Magents_W_OM1/V,Norma 50 Magents_W_OM1,legacy,,50,Normal,1,V,image_06.png,6,60.0,952.4583784839399,579.8835015119004,288.947150970506,262.2659014840399,996.8676708482458,904.8173601199377,1021.8582425679205,876.4960584354163,25.31376889633314,1259673.0,0.0,0.0021134848569625097,158,False,3.0,False,1,False,True,False,True,True
Norma 50 Magents_W_OM1/V,Norma 50 Magents_W_OM1,legacy,,50,Normal,1,V,image_07.png,7,70.0,773.9934294165873,591.4740985924545,294.2440015275042,269.2521468923113,1015.1418052698896,928.9199067784741,1038.5942397441736,902.6223369638943,25.288341063446424,1275838.0,0.0,0.0021134848569625097,133,False,3.0,False,1,False,True,False,True,True
Norma 50 Magents_W_OM1/V,Norma 50 Magents_W_OM1,legacy,,50,Normal,1,V,image_08.png,8,80.0,822.9777601621965,588.0116013087811,305.34964141639074,272.8420764362056,1053.456262886548,941.3051637049094,1073.7165498804068,918.1275943709209,21.89536092371591,1334677.0,0.0,0.002988912273040612,123,False,3.0,False,2,False,True,False,True,False
Norma 50 Magents_W_OM1/V,Norma 50 Magents_W_OM1,legacy,,50,Normal,1,V,image_09.png,9,90.0,870.7678456587565,583.8784123618977,317.5900347340694,286.9257393769149,1095.6856198325395,989.8938008503566,1119.2657709126777,963.1515189901487,23.629499777278408,1578269.0,0.0,0.0021134848569625097,118,False,3.0,False,2,False,True,False,True,False
Norma 50 Magents_W_OM1/V,Norma 50 Magents_W_OM1,legacy,,50,Normal,1,V,image_10.png,10,100.0,906.8787786082221,579.6606778086168,330.317895331168,319.5684296538022,1139.5967388925296,1102.5110823056175,1165.2016504934022,1075.4145840505626,32.79337447799897,1670324.0,0.0,0.0021134848569625097,156,False,3.0,False,0,False,True,False,True,True
Norma 50 Magents_W_OM1/V,Norma 50 Magents_W_OM1,legacy,,50,Normal,1,V,image_11.png,11,110.0,964.4708268485533,572.8350412167766,338.9097094841008,328.26921485578197,1169.2384977201477,1132.528791252448,1205.5293700727466,1093.8185706316228,35.39718233373427,1854342.0,0.0,0.002988912273040612,189,False,2.8947717170336817,False,1,False,True,False,True,True
Norma 50 Magents_W_OM1/V,Norma 50 Magents_W_OM1,legacy,,50,Normal,1,V,image_12.png,12,120.0,756.8823374217934,566.6029640438064,362.64971511713645,354.57364320299223,1251.1415171541207,1223.2790690503232,1275.872833891996,1197.4620196314154,34.588097182430964,1857260.0,0.0,0.0021134848569625097,148,False,2.935339644849282,False,0,False,True,False,True,True
Norma 50 Magents_W_OM1/V,Norma 50 Magents_W_OM1,legacy,,50,Normal,1,V,image_13.png,13,130.0,758.1938861017144,554.1853103292303,381.5981033759214,369.96083601716083,1316.513456646929,1276.364884259205,1337.8985511182855,1253.9308059929192,30.711599873022106,2294837.0,0.0,0.0021134848569625097,179,False,2.880384288276691,False,0,False,True,False,True,True
Norma 50 Magents_W_OM1/V,Norma 50 Magents_W_OM1,legacy,,50,Normal,1,V,image_14.png,14,140.0,794.3657574096943,545.7647217225907,401.3657989102349,389.93172992149744,1384.7120062403105,1345.2644682291661,1401.8610206696062,1327.3844614252262,29.003837097970795,2224417.0,0.0,0.0021134848569625097,152,False,2.7760514815574147,False,0,False,True,False,True,True
Norma 50 Magents_W_OM1/V,Norma 50 Magents_W_OM1,legacy,,50,Normal,1,V,image_15.png,15,150.0,819.5540480175255,539.712682314534,416.6673332527668,413.361975000876,1437.5022997220456,1426.0988137530221,1458.1271478136932,1405.0038822375723,38.80115043896417,2614712.0,0.0,0.0021134848569625097,140,False,2.6113320283675843,False,0,False,True,False,True,True
Norma 50 Magents_W_OM1/V,Norma 50 Magents_W_OM1,legacy,,50,Normal,1,V,image_16.png,16,160.0,844.6414051945111,531.691472267283,445.0621792367456,435.36049752861675,1535.4645183667724,1501.9937164737278,1546.7399455564241,1490.3798013627181,26.781455497891923,3134655.0,0.0,0.0021134848569625097,104,False,2.442534291859285,False,1,False,True,False,True,True
Norma 50 Magents_W_OM1/V,Norma 50 Magents_W_OM1,legacy,,50,Normal,1,V,image_17.png,17,170.0,879.6921111899954,516.0492097760034,464.9972205731998,461.5778226541283,1604.2404109775393,1592.4434881567427,1622.5600941327552,1573.773268331275,38.00265357600609,3172012.0,0.0,0.002988912273040612,118,False,2.2360104670812957,False,0,False,True,False,True,True
Norma 50 Magents_W_OM1/V,Norma 50 Magents_W_OM1,legacy,,50,Normal,1,V,image_18.png,18,180.0,901.4511429406455,505.61475353735676,486.8765651815572,489.0289938906543,1679.7241498763726,1687.1500289227574,1663.6387029896623,1703.0134191153159,50.43576685188732,3082881.0,0.0,0.0021134848569625097,109,False,2.0678303352987975,False,0,False,True,False,True,True
Norma 50 Magents_W_OM1/V,Norma 50 Magents_W_OM1,legacy,,50,Normal,1,V,image_19.png,19,190.0,910.6706548203263,491.24024387244765,514.9162777045824,512.95688548311,1776.4611580808094,1769.7012549167296,1782.8184500552593,1763.2966715689743,34.870037072771765,3578264.0,0.0,0.002988912273040612,153,False,1.9153276143658378,False,0,False,True,False,True,True
Norma 50 Magents_W_OM1/V,Norma 50 Magents_W_OM1,legacy,,50,Normal,1,V,image_20.png,20,200.0,932.7730407162371,482.2426176447999,533.9979130629332,533.5476448744474,1842.2928000671197,1840.7393748168438,1872.8782552335151,1809.6108002147084,-44.29642509722604,3645720.0,0.0,0.0021134848569625097,129,False,1.8076834272533602,False,1,False,True,False,True,True
Norma 50 Magents_W_OM1/V,Norma 50 Magents_W_OM1,legacy,,50,Normal,1,V,image_21.png,21,210.0,619.1452412574113,471.37670626491666,538.0394421584552,564.6383314688097,1856.2360754466706,1948.0022435673936,1852.3019007536614,1951.7435223916157,78.67401563242518,3861871.0,0.0,0.0021134848569625097,162,False,1.669658894884841,False,4,False,True,False,False,True
Norma 50 Magents_W_OM1/V,Norma 50 Magents_W_OM1,legacy,,50,Normal,1,V,image_22.png,22,220.0,632.2714885597863,455.829919012015,562.2321382110027,591.0959656810437,1939.7008768279595,2039.2810815996008,1932.8180362114285,2045.8057728516146,75.90680848183551,3858844.0,0.0,0.002988912273040612,151,False,1.6,True,3,False,True,False,False,True
Norma 50 Magents_W_OM1/V,Norma 50 Magents_W_OM1,legacy,,50,Normal,1,V,image_23.png,23,230.0,642.2031349212922,438.9251889704218,601.7368689040944,618.1060717991579,2075.9921977191257,2132.465947707095,2051.23503633424,2156.2906689117485,-61.262907525335166,4346712.0,0.0,0.04846456100735421,154,False,1.6,True,3,False,True,False,False,True
Normal Config 0 Magnets Horizontal LP_1,Normal Config 0 Magnets Horizontal LP_1,legacy,,0,Baseline,1,-,data_image01.png,1,10.0,609.856593567355,667.3414672106795,530.5866999404295,518.2772984074892,1830.5241147944819,1788.0566795058378,1835.3705552456042,1783.0816439263251,17.84438376948065,6206716.0,1.0,0.10468388211956108,177,False,1.6,True,0,False,True,False,True,True
Normal Config 0 Magnets Horizontal LP_1,Normal Config 0 Magnets Horizontal LP_1,legacy,,0,Baseline,1,-,data_image02.png,2,20.0,622.9784200847499,669.4884675347681,521.7928439548582,510.2363211001909,1800.185311644261,1760.3153077956586,1809.3559943339242,1750.8877819230356,23.501570888575806,6187142.0,1.0,0.10980249183117022,186,False,1.6053562277070101,False,0,False,True,False,True,True
Normal Config 0 Magnets Horizontal LP_1,Normal Config 0 Magnets Horizontal LP_1,legacy,,0,Baseline,1,-,data_image03.png,3,30.0,638.4614401007757,682.3807779274274,511.5710665445897,496.6563971512073,1764.9201795788347,1713.4645701716652,1769.3280502275477,1708.9126145581995,15.799740149393891,6265006.0,1.0,0.10060017351234302,205,False,1.6,True,0,False,True,False,True,True
Normal Config 0 Magnets Horizontal LP_1,Normal Config 0 Magnets Horizontal LP_1,legacy,,0,Baseline,1,-,data_image04.png,4,40.0,656.482139513389,676.1791888408959,501.8654024306897,485.65039262878696,1731.4356383858797,1675.493854569315,1734.2293438411496,1672.6020475691626,12.40052854445557,6344452.0,1.0,0.0915923797006184,206,False,1.658835667241838,False,0,False,True,False,True,True
Normal Config 0 Magnets Horizontal LP_1,Normal Config 0 Magnets Horizontal LP_1,legacy,,0,Baseline,1,-,data_image05.png,5,50.0,655.5227231996568,680.2116805078721,494.08084064569704,477.9537801132588,1704.578900227655,1648.940541390743,1708.2626916455288,1645.123920096991,14.103700639633168,6115556.0,1.0,0.08716960086130694,176,False,1.668832922354708,False,0,False,True,False,True,True
Normal Config 0 Magnets Horizontal LP_1,Normal Config 0 Magnets Horizontal LP_1,legacy,,0,Baseline,1,-,data_image06.png,6,60.0,669.2160144508938,687.4111815800227,487.61222498180723,466.77358395678533,1682.2621761872351,1610.3688646509095,1683.679870869334,1608.8865721661964,8.001682814165353,6270062.0,1.0,0.09009177261162163,178,False,1.6778844126213777,False,0,False,True,False,True,True
Normal Config 0 Magnets Horizontal LP_1,Normal Config 0 Magnets Horizontal LP_1,legacy,,0,Baseline,1,-,data_image07.png,7,70.0,681.0304078532586,689.711582605446,480.4392616694512,460.58201593328147,1657.5154527596067,1589.0079549698212,1658.9705891532515,1587.4886901703494,8.291391310983851,5993945.0,1.0,0.08425167473040361,176,False,1.6903575295815463,False,0,False,True,False,True,True
Normal Config 0 Magnets Horizontal LP_1,Normal Config 0 Magnets Horizontal LP_1,legacy,,0,Baseline,1,-,data_image08.png,8,80.0,690.755523171038,692.6671883402252,476.5081104911789,453.97525947700444,1643.9529811945674,1566.2146451956653,1644.3356798731675,1565.8128531532554,4.05170275860255,5932190.0,1.0,0.07663531053399615,206,False,1.7019639397985526,False,0,False,True,False,True,True
Normal Config 0 Magnets Horizontal LP_1,Normal Config 0 Magnets Horizontal LP_1,legacy,,0,Baseline,1,-,data_image09.png,9,90.0,704.553497745866,693.0376909864328,472.7686689733448,452.91339978856814,1631.0519079580397,1562.5512292705603,1631.3832179112285,1562.2053216098407,4.010905478323879,5894725.0,1.0,0.07654180096899134,218,False,1.704333122799341,False,0,False,True,False,True,True
Normal Config 0 Magnets Horizontal LP_1,Normal Config 0 Magnets Horizontal LP_1,legacy,,0,Baseline,1,-,data_image10.png,10,100.0,712.4462786863272,693.1875591021048,471.9228990912325,448.89277652493627,1628.1340018647522,1548.68007901103,1628.3691237960895,1548.4328567365458,3.1477224726239674,5975887.0,1.0,0.08080638391106834,196,False,1.7189062942754905,False,0,False,True,False,True,True
Normal Config 0 Magnets Horizontal LP_1,Normal Config 0 Magnets Horizontal LP_1,legacy,,0,Baseline,1,-,data_image11.png,11,110.0,729.9966600139454,692.5853206832691,470.1940634730639,448.7425543251874,1622.1695189820707,1548.1618124218967,1622.4176630312759,1547.9017644670182,3.346765637022703,5895833.0,1.0,0.07390741850347836,185,False,1.7221881598519533,False,0,False,True,False,True,True
Normal Config 0 Magnets Horizontal LP_1,Normal Config 0 Magnets Horizontal LP_1,legacy,,0,Baseline,1,-,data_image12.png,12,120.0,744.4276477238329,690.5186731289429,471.1134294828346,451.0434540637851,1625.3413317157795,1556.0999165200585,1625.5285550682634,1555.9043387801967,3.0047613254777827,6015837.0,1.0,0.06997034404879558,173,False,1.7225659952050747,False,0,False,True,False,True,True
Normal Config 0 Magnets Horizontal LP_1,Normal Config 0 Magnets Horizontal LP_1,legacy,,0,Baseline,1,-,data_image13.png,13,130.0,756.6389384996381,690.2371959578915,473.9165882424985,451.04274070945024,1635.01222943662,1556.0974554476034,1635.1654716111302,1555.93642598551,2.5516933785876366,5874063.0,1.0,0.05877062007087194,188,False,1.7238291320629642,False,0,False,True,False,True,True
Normal Config 0 Magnets Horizontal LP_1,Normal Config 0 Magnets Horizontal LP_1,legacy,,0,Baseline,1,-,data_image14.png,14,140.0,764.1088604569487,684.1297487193557,478.20157665092455,454.11853450914606,1649.7954394456897,1566.708944056554,1649.862495551458,1566.6383287712947,1.6474776891366938,5882586.0,1.0,0.05263757059445433,186,False,1.7390495744016512,False,0,False,True,False,True,True
Normal Config 0 Magnets Horizontal LP_1,Normal Config 0 Magnets Horizontal LP_1,legacy,,0,Baseline,1,-,data_image15.png,15,150.0,789.8884562783009,672.028177529223,481.9802911133361,457.8729546580329,1662.8320043410095,1579.6616935702136,1662.8350885639911,1579.6584469543532,0.3533437438698847,5987679.0,1.0,0.04930517765466593,183,False,1.7776602567759947,False,0,False,True,False,True,True
Normal Config 0 Magnets Horizontal LP_1,Normal Config 0 Magnets Horizontal LP_1,legacy,,0,Baseline,1,-,data_image16.png,16,160.0,801.6638936536135,673.2789330514495,490.8742118429597,463.98172741291734,1693.516030858211,1600.736959574565,1693.516132497566,1600.7368520441642,-0.06080780818966667,6175593.0,1.0,0.05477359465520104,198,False,1.7488596166386963,False,0,False,True,False,True,True
Normal Config 0 Magnets Horizontal LP_1,Normal Config 0 Magnets Horizontal LP_1,legacy,,0,Baseline,1,-,data_image17.png,17,170.0,809.3189523580911,673.3444532821242,497.0892693897859,471.32970875199663,1714.9579793947614,1626.0874951943886,1715.1917675323405,1625.8408943394832,-2.970949571727529,6032252.0,1.0,0.059778904986434,197,False,1.721303114221653,False,0,False,True,False,True,True
Normal Config 0 Magnets Horizontal LP_1,Normal Config 0 Magnets Horizontal LP_1,legacy,,0,Baseline,1,-,data_image18.png,18,180.0,824.5914366416387,665.780077768119,504.9351639843345,477.11922245144376,1742.0263157459542,1646.061317457481,1743.0776386795092,1644.9479903987083,-6.025957239484751,6091185.0,1.0,0.06911718626363167,221,False,1.7320778125570373,False,0,False,True,False,True,True
Normal Config 0 Magnets Horizontal LP_1,Normal Config 0 Magnets Horizontal LP_1,legacy,,0,Baseline,1,-,data_image19.png,19,190.0,839.8467868321736,663.3557854128472,515.0495031170408,483.8722037499067,1776.9207857537908,1669.3591029371782,1777.3252924774981,1668.9284281007583,-3.5567737213001154,6289603.0,1.0,0.09179948327294227,224,False,1.7179166362645006,False,0,False,True,False,True,True
Normal Config 0 Magnets Horizontal LP_1,Normal Config 0 Magnets Horizontal LP_1,legacy,,0,Baseline,1,-,data_image20.png,20,200.0,861.946385913446,656.1446553709512,523.7413149114292,494.085279613661,1806.907536444431,1704.5942146671305,1807.5109849197001,1703.9543190270538,-4.4418495248218095,6397647.0,1.0,0.10019746275150752,223,False,1.7115344834276798,False,0,False,True,False,True,True
Normal Config 0 Magnets Horizontal LP_1,Normal Config 0 Magnets Horizontal LP_1,legacy,,0,Baseline,1,-,data_image21.png,21,210.0,837.6480007196078,658.6894665171112,533.3556680020432,500.8138560082292,1840.0770546070491,1727.8078032283909,1840.458416263523,1727.4015716656727,-3.381789015265072,6247848.0,1.0,0.08281544482858905,197,False,1.6783788105173232,False,0,False,True,False,True,True
Normal Config 0 Magnets Horizontal LP_1,Normal Config 0 Magnets Horizontal LP_1,legacy,,0,Baseline,1,-,data_image22.png,22,220.0,850.0409290254001,651.2636557918087,544.1870745395072,512.6333452419706,1877.4454071613,1768.5850410847986,1878.7082478539835,1767.2435100645844,-6.2021585773852665,6284220.0,1.0,0.09416744108165973,182,False,1.6685619883598914,False,0,False,True,False,True,True
Normal Config 0 Magnets Horizontal LP_1,Normal Config 0 Magnets Horizontal LP_1,legacy,,0,Baseline,1,-,data_image23.png,23,230.0,869.6914967829823,642.5865900258812,554.3144213555407,523.0702736576314,1912.3847536766157,1804.5924441188286,1913.7664689095225,1803.1270720454274,-6.510329103570758,6194091.0,1.0,0.09356563914245884,188,False,1.6683084619010702,False,0,False,True,False,True,True
Normal Config 0 Magnets Horizontal LP_1,Normal Config 0 Magnets Horizontal LP_1,legacy,,0,Baseline,1,-,data_image24.png,24,240.0,882.2281866915404,636.867310573113,564.3925892895807,533.3584402122614,1947.1544330490533,1840.0866187323018,1948.7501977976588,1838.3965342558288,-7.005585593043957,6290976.0,1.0,0.09315876064600369,169,False,1.6573150831393442,False,0,False,True,False,True,True
Normal Config 0 Magnets Horizontal LP_1,Normal Config 0 Magnets Horizontal LP_1,legacy,,0,Baseline,1,-,data_image25.png,25,250.0,883.8880169744917,636.6544746511297,566.0840457194118,533.7062907830716,1952.989957731971,1841.2867032015972,1953.7209172369198,1840.5110909581233,-4.67684853587552,6507647.0,1.0,0.09741224463856249,179,False,1.6565651634225822,False,0,False,True,False,True,True
Normal Config 0 Magnets Horizontal LP_1,Normal Config 0 Magnets Horizontal LP_1,legacy,,0,Baseline,1,-,data_image26.png,26,260.0,894.5180046333641,625.191509698118,577.5850633724774,543.4661814354216,1992.6684686350472,1874.9583259522046,1994.3048462608147,1873.217694271135,-6.778509144612925,6589165.0,1.0,0.09634706086580393,183,False,1.6690254943838672,False,0,False,True,False,True,True
Normal Config 0 Magnets Horizontal LP_1,Normal Config 0 Magnets Horizontal LP_1,legacy,,0,Baseline,1,-,data_image27.png,27,270.0,900.5492699878913,620.9790214054078,589.8902724277312,557.2090757662337,2035.1214398756729,1922.3713113935064,2038.2289123856322,1919.0762451308979,-9.430028243921653,6625849.0,1.0,0.11178442983414145,167,False,1.6435834736156334,False,0,False,True,False,True,True
Normal Config 0 Magnets Horizontal LP_1,Normal Config 0 Magnets Horizontal LP_1,legacy,,0,Baseline,1,-,data_image28.png,28,280.0,919.4212143408884,607.9861122123035,599.5294871984662,568.7788306426816,2068.3767308347083,1962.2869657172514,2073.181076347001,1957.2104284309808,-11.907059470938206,6659448.0,1.0,0.11352992483982902,170,False,1.6557998696062288,False,0,False,True,False,True,True
Normal Config 0 Magnets Horizontal LP_1,Normal Config 0 Magnets Horizontal LP_1,legacy,,0,Baseline,1,-,data_image29.png,29,290.0,917.9543748248964,606.6286703294894,608.9093771014277,580.6651525840098,2100.7373509999256,2003.294776414834,2104.8950565355667,1998.9257565175546,-11.56738493809695,6499723.0,1.0,0.11802010600321276,160,False,1.6264687883005542,False,0,False,True,False,True,True
Normal Config 25 Magnets (Horizontal),Normal Config 25 Magnets (Horizontal),legacy,,25,Normal,1,-,image_01.png,1,10.0,780.2985478248738,518.4548266273382,495.84552560125684,491.2105692821986,1710.6670633243361,1694.6764640235854,1712.0209991014472,1693.3086599595106,-15.644868688062685,6121438.0,1.0,0.04211581348033775,190,False,2.1109306449777603,False,0,False,True,False,True,True
Normal Config 25 Magnets (Horizontal),Normal Config 25 Magnets (Horizontal),legacy,,25,Normal,1,-,image_02.png,2,20.0,793.0485708616725,524.7720242749571,487.8993616200416,486.75279322337684,1683.2527975891435,1679.2971366206502,1687.5781844271985,1674.950364965898,-35.872348125383574,5967302.0,1.0,0.038221903429794306,202,False,2.1562182297329033,False,0,False,True,False,True,True
Normal Config 25 Magnets (Horizontal),Normal Config 25 Magnets (Horizontal),legacy,,25,Normal,1,-,image_03.png,3,30.0,782.8639349574534,526.122797731607,488.23509536040075,484.41941696698194,1684.4110789933827,1671.2469885360879,1684.494884297719,1671.1625188776252,4.556362417871801,5968278.0,1.0,0.039639184715161015,166,False,2.172182307180072,False,0,False,True,False,True,True
Normal Config 25 Magnets (Horizontal),Normal Config 25 Magnets (Horizontal),legacy,,25,Normal,1,-,image_04.png,4,40.0,786.5650442779811,530.9452658301981,484.75896190487947,479.4926213160466,1672.4184185718343,1654.249543540361,1673.943289651327,1652.7065021089204,-15.590140283716492,6037764.0,1.0,0.03887742055966967,203,False,2.2146178379325585,False,0,False,True,False,True,True
Normal Config 25 Magnets (Horizontal),Normal Config 25 Magnets (Horizontal),legacy,,25,Normal,1,-,image_05.png,5,50.0,782.8165331620922,531.7373144304356,480.6858378739804,476.34927259971886,1658.3661406652325,1643.40499046903,1658.646359715033,1643.1221721489492,-7.739067721603482,5945614.0,1.0,0.037675225886091936,169,False,2.232559659494484,False,0,False,True,False,True,True
Normal Config 25 Magnets (Horizontal),Normal Config 25 Magnets (Horizontal),legacy,,25,Normal,1,-,image_06.png,6,60.0,786.2273565697598,535.6699370890165,478.6581511874589,470.79095995639705,1651.3706215967331,1624.2288118495699,1652.5770128765566,1623.0013492375917,-11.70296973446112,6056812.0,1.0,0.03592574227950271,215,False,2.2756175534422955,False,0,False,True,False,True,True
Normal Config 25 Magnets (Horizontal),Normal Config 25 Magnets (Horizontal),legacy,,25,Normal,1,-,image_07.png,7,70.0,782.6780869003584,537.2517380869868,476.0877636472841,468.96221123184773,1642.50278458313,1617.9196287498748,1644.4759447237352,1615.9140415512354,-15.302029578715974,6013508.0,1.0,0.03514666374963212,206,False,2.2912468347341566,False,0,False,True,False,True,True
Normal Config 25 Magnets (Horizontal),Normal Config 25 Magnets (Horizontal),legacy,,25,Normal,1,-,image_08.png,8,80.0,778.2402680069902,541.7554288046915,473.70435457853677,467.65981017905693,1634.2800232959519,1613.4263451177465,1637.4273311958693,1610.2321263460744,-19.965159781429275,6006709.0,1.0,0.033192854280378575,207,False,2.29757249260247,False,0,False,True,False,True,True
Normal Config 25 Magnets (Horizontal),Normal Config 25 Magnets (Horizontal),legacy,,25,Normal,1,-,image_09.png,9,90.0,778.6137892964273,544.764878280526,471.4493670692357,465.0399679427834,1626.5003163888632,1604.3878894026027,1631.7379175675644,1599.0607078053913,-23.706404487781892,5952704.0,1.0,0.035795246151335024,201,False,2.297582856500218,False,0,False,True,False,True,True
Normal Config 25 Magnets (Horizontal),Normal Config 25 Magnets (Horizontal),legacy,,25,Normal,1,-,image_10.png,10,100.0,770.1836381602811,547.9685314854424,469.24984524716183,465.79345302403226,1618.9119661027084,1606.9874129329114,1627.668544666962,1598.1175200895218,-33.10021712023619,5996025.0,1.0,0.037675550267663754,203,False,2.280083143872804,False,0,False,True,False,True,True
Normal Config 25 Magnets (Horizontal),Normal Config 25 Magnets (Horizontal),legacy,,25,Normal,1,-,image_11.png,11,110.0,769.7592221498813,551.4198066404919,467.7695494380652,463.8362284917866,1613.804945561325,1600.2349882966637,1619.7298411696997,1594.2376427971444,-28.91848883766781,5956366.0,1.0,0.035796774774768454,201,False,2.2748343347374376,False,0,False,True,False,True,True
Normal Config 25 Magnets (Horizontal),Normal Config 25 Magnets (Horizontal),legacy,,25,Normal,1,-,image_12.png,12,120.0,774.8325838511466,552.7015193976009,468.70820573940944,464.18721968239,1617.0433098009626,1601.4459079042456,1624.5016262037632,1593.8797094437946,-29.689020178254253,5895626.0,1.0,0.038160010542636465,231,False,2.2675890521341966,False,0,False,True,False,True,True
Normal Config 25 Magnets (Horizontal),Normal Config 25 Magnets (Horizontal),legacy,,25,Normal,1,-,image_13.png,13,130.0,774.9229798334227,556.0765347968261,463.73203078127943,458.9613214905411,1599.8755061954141,1583.4165591423669,1604.3441567701389,1578.8886793335994,-24.857509117065106,5877993.0,1.0,0.03566672728638577,198,False,2.2786973326899678,False,0,False,True,False,True,True
Normal Config 25 Magnets (Horizontal),Normal Config 25 Magnets (Horizontal),legacy,,25,Normal,1,-,image_14.png,14,140.0,769.286592895857,555.3667433001663,464.91201572319966,458.0603716916673,1603.946454245039,1580.3082823362522,1612.9382873957504,1571.129713409639,-27.784140832325626,5836003.0,1.0,0.036997273333916496,197,False,2.2862899581451557,False,0,False,True,False,True,True
Normal Config 25 Magnets (Horizontal),Normal Config 25 Magnets (Horizontal),legacy,,25,Normal,1,-,image_15.png,15,150.0,765.8579840693827,558.217154398197,464.64887528756367,459.0005104316784,1603.0386197420949,1583.5517609892904,1616.7657197691547,1569.5341995306287,-32.81526026131388,5897951.0,1.0,0.03749155236714131,170,False,2.2691816763809203,False,0,False,True,False,True,True
Normal Config 25 Magnets (Horizontal),Normal Config 25 Magnets (Horizontal),legacy,,25,Normal,1,-,image_16.png,16,160.0,764.3402188258159,561.9068686224631,464.9341999326063,459.1902955495192,1604.022989767492,1584.2065196458414,1616.8027349856688,1571.1616609164996,-32.13226807314616,5862471.0,1.0,0.03929046238272507,175,False,2.252167242083059,False,0,False,True,False,True,True
Normal Config 25 Magnets (Horizontal),Normal Config 25 Magnets (Horizontal),legacy,,25,Normal,1,-,image_17.png,17,170.0,762.3353760521568,563.9091162946712,465.43312070234134,457.1482280518918,1605.7442664230778,1577.1613867790268,1614.780810725328,1567.9080401638946,-26.21108172210514,5873055.0,1.0,0.03579586474611286,180,False,2.25347231472994,False,0,False,True,False,True,True
Normal Config 25 Magnets (Horizontal),Normal Config 25 Magnets (Horizontal),legacy,,25,Normal,1,-,image_18.png,18,180.0,759.313509818042,566.8139611662367,469.24551198435586,460.5982303415977,1618.8970163460278,1589.063894678512,1633.5006198939213,1574.048072871692,-29.93837750692874,5948844.0,1.0,0.039523294430743296,185,False,2.2239874008668927,False,0,False,True,False,True,True
Normal Config 25 Magnets (Horizontal),Normal Config 25 Magnets (Horizontal),legacy,,25,Normal,1,-,image_19.png,19,190.0,753.2793505878763,568.4793501845941,470.1112690484663,460.5159982626446,1621.8838782172088,1588.7801940061238,1635.6433726352168,1574.6112462577944,-28.574136176582854,5951167.0,1.0,0.03592392162104878,196,False,2.2171386710006873,False,0,False,True,False,True,True
Normal Config 25 Magnets (Horizontal),Normal Config 25 Magnets (Horizontal),legacy,,25,Normal,1,-,image_20.png,20,200.0,759.6977033585628,569.9596263945965,472.19296848295653,462.4216468106243,1629.0657412662001,1595.354681496654,1645.9173981324325,1577.9631388804517,-30.12661196740849,6001198.0,1.0,0.03834307792632454,214,False,2.201620414930471,False,0,False,True,False,True,True
Normal Config 25 Magnets (Horizontal),Normal Config 25 Magnets (Horizontal),legacy,,25,Normal,1,-,image_21.png,21,210.0,761.8764853780232,570.3579596407362,474.53659919849247,463.67824169102664,1637.1512672347992,1599.689933834042,1647.1876510466066,1589.3536417229595,-24.812075305160135,6043916.0,1.0,0.04151013099313938,220,False,2.1939293820892822,False,0,False,True,False,True,True
Normal Config 25 Magnets (Horizontal),Normal Config 25 Magnets (Horizontal),legacy,,25,Normal,1,-,image_22.png,22,220.0,756.8896030191892,572.1545102238667,474.0340823687786,464.4440431805776,1635.4175841722863,1602.3319489729927,1648.91678542847,1588.4368996128705,-28.41521388501568,5967165.0,1.0,0.03803956710392013,217,False,2.1825717399147817,False,0,False,True,False,True,True
Normal Config 25 Magnets (Horizontal),Normal Config 25 Magnets (Horizontal),legacy,,25,Normal,1,-,image_23.png,23,230.0,757.2277574359265,575.253348291614,477.26297720804064,467.4527336561561,1646.5572713677402,1612.7119311137387,1660.6419389478517,1598.2049215473285,-28.585214871432665,6018517.0,1.0,0.04067233289036551,215,False,2.155252642924112,False,0,False,True,False,True,True
Normal Config 25 Magnets (Horizontal),Normal Config 25 Magnets (Horizontal),legacy,,25,Normal,1,-,image_24.png,24,240.0,756.0145954032574,576.7092419730332,479.8222269907414,470.56545257954673,1655.3866831180578,1623.4508113994364,1670.132601596812,1608.2769353446433,-29.455664136997857,6040669.0,1.0,0.041952413106637304,237,False,2.134826850643402,False,0,False,True,False,True,True
Normal Config 25 Magnets (Horizontal),Normal Config 25 Magnets (Horizontal),legacy,,25,Normal,1,-,image_25.png,25,250.0,748.0696000358789,578.4737609473912,480.9572440407396,471.8878868445018,1659.3024919405518,1628.0132096135312,1678.1767963209352,1608.5504066476374,-31.645198415454036,5953359.0,1.0,0.04021597533744949,223,False,2.1213709753703425,False,0,False,True,False,True,True
Normal Config 25 Magnets (Horizontal),Normal Config 25 Magnets (Horizontal),legacy,,25,Normal,1,-,image_26.png,26,260.0,718.9036041977142,568.0789864541288,481.363111956696,477.1329617679383,1660.7027362506012,1646.1087180993873,1689.634029249252,1616.3985700302946,-39.25133565304768,5970011.0,1.0,0.040784242075376544,228,False,2.1416170146199716,False,0,False,True,False,True,True
Normal Config 25 Magnets (Horizontal),Normal Config 25 Magnets (Horizontal),legacy,,25,Normal,1,-,image_27.png,27,270.0,712.1096253144666,567.695698707529,486.6857875553435,477.61743204464085,1679.0659670659352,1647.780140554011,1704.4952883751334,1621.461601540484,-33.929552449367556,6005009.0,1.0,0.03804151486003022,237,False,2.141058462355794,False,0,False,True,False,True,True
Normal Config 25 Magnets (Horizontal),Normal Config 25 Magnets (Horizontal),legacy,,25,Normal,1,-,image_28.png,28,280.0,713.4111145329109,572.0825053549896,486.97673316559525,480.3529680058512,1680.0697294213037,1657.2177396201866,1704.5588654094688,1632.018384266427,-35.816845725273275,6114391.0,1.0,0.040558380526951834,216,False,2.1106013072600476,False,0,False,True,False,True,True
Normal Config 25 Magnets (Horizontal),Normal Config 25 Magnets (Horizontal),legacy,,25,Normal,1,-,image_29.png,29,290.0,714.4944588217309,578.8134626416637,490.40429386148224,483.79512927104787,1691.8948138221137,1669.0931959851152,1711.041993860161,1649.4591395875852,-34.1325440266392,5998273.0,1.0,0.04211508347206889,242,False,2.0677488749346837,False,0,False,True,False,True,True
Normal Config 25 Magnets (Horizontal),Normal Config 25 Magnets (Horizontal),legacy,,25,Normal,1,-,image_30.png,30,300.0,703.8911111313248,573.0160464864356,494.7228947119635,485.3732796633806,1706.793986756274,1674.537814838663,1724.0446485463822,1656.7717574761475,-30.671810360421922,6046495.0,1.0,0.0398702794013357,214,False,2.0849164419784367,False,0,False,True,False,True,False
Normal Config 25 Magnets Horizontal LP_1,Normal Config 25 Magnets Horizontal LP_1,legacy,,25,Normal,1,-,data_image01.png,1,10.0,600.3203148029396,658.149101687245,524.1633370850623,511.44356874465393,1808.363512943465,1764.480312169056,1812.5479674027592,1760.1815908711144,16.533653485798077,5298934.0,1.0,0.08131062385948395,166,False,1.6456467969167228,False,0,False,True,False,True,True
Normal Config 25 Magnets Horizontal LP_1,Normal Config 25 Magnets Horizontal LP_1,legacy,,25,Normal,1,-,data_image02.png,2,20.0,613.7682521860066,660.0714870537568,519.0111677357909,504.4293674375357,1790.5885286884786,1740.2813176594982,1794.5887753161167,1736.1559466749673,15.287086822310204,5094335.0,1.0,0.08297570823490667,166,False,1.6610244654645785,False,0,False,True,False,True,True
Normal Config 25 Magnets Horizontal LP_1,Normal Config 25 Magnets Horizontal LP_1,legacy,,25,Normal,1,-,data_image03.png,3,30.0,625.2044531640464,669.088076745109,509.6037393548244,495.1964780216585,1758.1329007741444,1708.4278491747218,1761.4694477653063,1704.9875064673233,14.176221499074954,5286174.0,1.0,0.07699155798878073,184,False,1.6555495637181668,False,0,False,True,False,True,True
Normal Config 25 Magnets Horizontal LP_1,Normal Config 25 Magnets Horizontal LP_1,legacy,,25,Normal,1,-,data_image04.png,4,40.0,636.9480741137274,670.441620765247,504.32137232918484,487.08147729033936,1739.9087345356877,1680.431096651671,1742.080364211414,1678.1796923263441,10.719724034362178,5168867.0,1.0,0.07180654058181613,161,False,1.677620175122926,False,0,False,True,False,True,True
Normal Config 25 Magnets Horizontal LP_1,Normal Config 25 Magnets Horizontal LP_1,legacy,,25,Normal,1,-,data_image05.png,5,50.0,648.6059922932325,670.0740984661531,496.1344675234434,475.2894553537626,1711.6639129558798,1639.7486209704812,1712.3696784133904,1639.0115848707264,5.6898387216828725,5115504.0,1.0,0.06838816051460869,127,False,1.7208220859002263,False,0,False,True,False,True,True
Normal Config 25 Magnets Horizontal LP_1,Normal Config 25 Magnets Horizontal LP_1,legacy,,25,Normal,1,-,data_image06.png,6,60.0,656.8428639734154,675.6941710567096,489.0415656249136,466.9418766635123,1687.1934014059518,1610.9494744891174,1688.95114163221,1609.1065298120584,8.633828237888793,5398011.0,1.0,0.06911718626363167,167,False,1.7274716641828702,False,0,False,True,False,True,True
Normal Config 25 Magnets Horizontal LP_1,Normal Config 25 Magnets Horizontal LP_1,legacy,,25,Normal,1,-,data_image07.png,7,70.0,665.6230895930256,681.3444970878672,481.2594242484499,458.15624036784266,1660.345013657152,1580.6390292690573,1661.9963269226423,1578.9026298415122,8.205941991570278,5467814.0,1.0,0.06505778586451849,184,False,1.7358444173571672,False,0,False,True,False,True,True
Normal Config 25 Magnets Horizontal LP_1,Normal Config 25 Magnets Horizontal LP_1,legacy,,25,Normal,1,-,data_image08.png,8,80.0,676.4198486182535,686.9966858629216,475.61179013047973,451.77494738874645,1640.8606759501552,1558.6235684911753,1642.103714598466,1557.3138979145106,7.045075144161001,5236959.0,1.0,0.06791175514289102,161,False,1.7353366078311927,False,0,False,True,False,True,True
Normal Config 25 Magnets Horizontal LP_1,Normal Config 25 Magnets Horizontal LP_1,legacy,,25,Normal,1,-,data_image09.png,9,90.0,687.9130205615655,688.1944556431426,472.6538798809185,448.03116410137784,1630.655885589169,1545.7075161497537,1631.084069174932,1545.2556752758373,4.104448874792792,5293274.0,1.0,0.06498741018315611,191,False,1.7444879347780913,False,0,False,True,False,True,True
Normal Config 25 Magnets Horizontal LP_1,Normal Config 25 Magnets Horizontal LP_1,legacy,,25,Normal,1,-,data_image10.png,10,100.0,690.2866866177159,690.6531518239549,470.1694189551763,444.57022686700856,1622.0844953953583,1533.7672826911796,1622.2678959960333,1533.573298305791,2.6426208255131565,5401888.0,1.0,0.06804935439715423,201,False,1.7470371208264421,False,0,False,True,False,True,True
Normal Config 25 Magnets Horizontal LP_1,Normal Config 25 Magnets Horizontal LP_1,legacy,,25,Normal,1,-,data_image11.png,11,110.0,702.8093554637793,690.5564524273008,471.9168887838578,446.19897030296136,1628.1132663043095,1539.3864475452167,1628.194275789022,1539.300764337442,1.7539940172307762,5159167.0,1.0,0.061140248595001175,182,False,1.741093260956979,False,0,False,True,False,True,True
Normal Config 25 Magnets Horizontal LP_1,Normal Config 25 Magnets Horizontal LP_1,legacy,,25,Normal,1,-,data_image12.png,12,120.0,713.3813268913378,688.6542388683961,474.4579231798488,448.76984613296975,1636.8798349704784,1548.2559691587458,1637.0365484895592,1548.0902683881388,2.4390099293388836,5208324.0,1.0,0.059697921795023146,194,False,1.7396085935119583,False,0,False,True,False,True,True
Normal Config 25 Magnets Horizontal LP_1,Normal Config 25 Magnets Horizontal LP_1,legacy,,25,Normal,1,-,data_image13.png,13,130.0,734.9895543718769,690.0896797762889,475.27695313069853,452.13513621533326,1639.70548830091,1559.8662199428998,1639.8530137002492,1559.7111290047555,2.4895749437563923,5345107.0,1.0,0.05543904700950475,165,False,1.720330585995467,False,0,False,True,False,True,True
Normal Config 25 Magnets Horizontal LP_1,Normal Config 25 Magnets Horizontal LP_1,legacy,,25,Normal,1,-,data_image14.png,14,140.0,750.429737191591,684.9419659556281,482.16577957464716,456.4199527157054,1663.4719395325328,1574.6488368691837,1663.471992884698,1574.6487805075174,0.04501027668033229,5362766.0,1.0,0.05140218819485642,167,False,1.7267311299678187,False,0,False,True,False,True,True
Normal Config 25 Magnets Horizontal LP_1,Normal Config 25 Magnets Horizontal LP_1,legacy,,25,Normal,1,-,data_image15.png,15,150.0,765.8677737730707,684.4757184089739,487.58483110852063,459.2478921065937,1682.1676673243962,1584.4052277677483,1682.1987763675384,1584.3721985559232,-1.0369715347796995,5393098.0,1.0,0.055686198272179493,179,False,1.71812464118989,False,0,False,True,False,True,True
Normal Config 25 Magnets Horizontal LP_1,Normal Config 25 Magnets Horizontal LP_1,legacy,,25,Normal,1,-,data_image16.png,16,160.0,778.396671769168,679.934131128758,490.0380889673609,461.71641018247135,1690.6314069373952,1592.9216151295263,1690.6464551726665,1592.9056436845447,0.7214519301953946,5428710.0,1.0,0.05285510298886448,173,False,1.7286098362754845,False,0,False,True,False,True,True
Normal Config 25 Magnets Horizontal LP_1,Normal Config 25 Magnets Horizontal LP_1,legacy,,25,Normal,1,-,data_image17.png,17,170.0,788.604143347431,680.8146589747937,496.68469592943785,467.9168256151074,1713.5622009565607,1614.3130483721206,1713.6011260800638,1614.2717291053323,1.1510971712756772,5455975.0,1.0,0.05670627385783223,160,False,1.7019433952894907,False,0,False,True,False,True,True
Normal Config 25 Magnets Horizontal LP_1,Normal Config 25 Magnets Horizontal LP_1,legacy,,25,Normal,1,-,data_image18.png,18,180.0,794.3313057246745,678.4992506980024,502.05562614711414,472.5590048353283,1732.0919102075438,1630.3285666818829,1732.1021682590965,1630.317668265163,-0.5838441071724954,5497116.0,1.0,0.05755104127724967,211,False,1.6949103967533827,False,0,False,True,False,True,True
Normal Config 25 Magnets Horizontal LP_1,Normal Config 25 Magnets Horizontal LP_1,legacy,,25,Normal,1,-,data_image19.png,19,190.0,799.5289490529398,670.8032848971355,509.46314722337434,480.3259843065875,1757.6478579206416,1657.1246458577268,1757.9665062416645,1656.7866028232459,-3.264278828495103,5463063.0,1.0,0.09182832338723175,217,False,1.6994991284683352,False,0,False,True,False,True,True
Normal Config 25 Magnets Horizontal LP_1,Normal Config 25 Magnets Horizontal LP_1,legacy,,25,Normal,1,-,data_image20.png,20,200.0,812.8278910724216,670.9476171025632,519.9134254130114,488.68916246420747,1793.7013176748894,1685.9776105015158,1794.4456477925482,1685.1853717794424,-4.807868609009059,5390958.0,1.0,0.06858227765621941,204,False,1.6697455444924298,False,0,False,True,False,True,True
Normal Config 25 Magnets Horizontal LP_1,Normal Config 25 Magnets Horizontal LP_1,legacy,,25,Normal,1,-,data_image21.png,21,210.0,821.4545029298307,667.3817905357349,527.4144357071084,495.3037037468001,1819.579803189524,1708.7977779264604,1820.2267837336724,1708.1085919227173,-4.425030291394294,5434273.0,1.0,0.07303416850635712,182,False,1.6617799575098542,False,0,False,True,False,True,True
Normal Config 25 Magnets Horizontal LP_1,Normal Config 25 Magnets Horizontal LP_1,legacy,,25,Normal,1,-,data_image22.png,22,220.0,831.7006327048224,663.4269118246751,535.8194689683315,503.19702499435346,1848.577167940744,1736.0297362305196,1848.9769732964946,1735.6039130883992,-3.4577511160839554,5404732.0,1.0,0.07726665292553969,157,False,1.6515094839598754,False,0,False,True,False,True,True
Normal Config 25 Magnets Horizontal LP_1,Normal Config 25 Magnets Horizontal LP_1,legacy,,25,Normal,1,-,data_image23.png,23,230.0,840.4777330383208,658.7124421190065,545.684807621904,511.8223622075582,1882.6125862955691,1765.787149616076,1883.849976670808,1764.466965750607,-5.937489709845927,5523834.0,1.0,0.08336331851190562,148,False,1.642070952483345,False,0,False,True,False,True,True
Normal Config 25 Magnets Horizontal LP_1,Normal Config 25 Magnets Horizontal LP_1,legacy,,25,Normal,1,-,data_image24.png,24,240.0,845.7699718798369,646.7862923815175,557.0598764986013,524.1164340679302,1921.8565739201745,1808.2016975343593,1923.417402315124,1806.5413269996536,-6.738304319998228,5514904.0,1.0,0.07165185195769931,158,False,1.6489127411128737,False,0,False,True,False,True,True
Normal Config 25 Magnets Horizontal LP_1,Normal Config 25 Magnets Horizontal LP_1,legacy,,25,Normal,1,-,data_image25.png,25,250.0,860.9091997627002,644.3895383453028,569.9760461197551,536.9004467632745,1966.4173591131553,1852.3065413332972,1968.336373981703,1850.2671893940721,-7.435664105866711,5601351.0,1.0,0.0912523501212129,156,False,1.6185389507820978,False,0,False,True,False,True,True
Normal Config 25 Magnets Horizontal LP_1,Normal Config 25 Magnets Horizontal LP_1,legacy,,25,Normal,1,-,data_image26.png,26,260.0,865.5824114013941,635.7409425014334,582.3760198781025,545.3826239301683,2009.1972685794537,1881.5700525590808,2010.0739090487186,1880.633512121892,4.798058683976058,5502485.0,1.0,0.0739657974467511,163,False,1.6247153558013647,False,1,False,True,False,True,True
Normal Config 25 Magnets Horizontal LP_1,Normal Config 25 Magnets Horizontal LP_1,legacy,,25,Normal,1,-,data_image27.png,27,270.0,883.1142840843673,630.6200104155885,593.1098663368259,554.3331241499213,2046.2290388620495,1912.4492783172286,2047.0088945657553,1911.614528922366,4.426117093540622,5574337.0,1.0,0.08225638532145192,143,False,1.61701820283904,False,1,False,True,False,True,True
Normal Config 25 Magnets Horizontal LP_1,Normal Config 25 Magnets Horizontal LP_1,legacy,,25,Normal,1,-,data_image28.png,28,280.0,887.0850590946732,621.2413516116196,601.9488330390286,567.5548733873243,2076.723473984649,1958.064313186269,2078.1960570248666,1956.5013137074006,-6.409269996145493,5634518.0,1.0,0.08023772737528036,137,False,1.6121221917910042,False,0,False,True,False,True,True
Normal Config 25 Magnets Horizontal LP_1,Normal Config 25 Magnets Horizontal LP_1,legacy,,25,Normal,1,-,data_image29.png,29,290.0,900.3068156943247,602.3886135466086,610.1851926954129,581.3176701653198,2105.1389147991745,2005.5459620703534,2109.459113581641,2001.0014254632365,-11.659467503271463,5756068.0,1.0,0.08742909316711908,135,False,1.6391766340262384,False,0,False,True,False,False,True
Normal Config 25 Magnets Horizontal LP_2,Normal Config 25 Magnets Horizontal LP_2,legacy,,25,Normal,2,-,data_image01.png,1,10.0,605.3531497963187,666.3415883480448,520.0253261972563,510.086672502517,1794.0873753805342,1759.7990201336836,1800.5441001078461,1753.192244259058,21.800946210055162,6143175.0,1.0,0.1171378398868197,179,False,1.6180848366159768,False,1,False,True,False,True,True
Normal Config 25 Magnets Horizontal LP_2,Normal Config 25 Magnets Horizontal LP_2,legacy,,25,Normal,2,-,data_image02.png,2,20.0,612.1730817208653,693.224037011125,512.4162813264419,506.28404868017964,1767.8361705762245,1746.6799679466199,1769.6057028630453,1744.8871862725691,15.570875577644877,5815981.0,1.0,0.12540515576124617,178,False,1.6,True,0,False,True,False,True,True
Normal Config 25 Magnets Horizontal LP_2,Normal Config 25 Magnets Horizontal LP_2,legacy,,25,Normal,2,-,data_image03.png,3,30.0,610.1300213910606,698.954753374753,506.611155905059,499.1504129182286,1747.8084878724535,1722.0689245678886,1750.0770995970379,1719.7633664860457,15.942243523356348,5891246.0,1.0,0.12483073195484345,212,False,1.6,True,0,False,True,False,True,True
Normal Config 25 Magnets Horizontal LP_2,Normal Config 25 Magnets Horizontal LP_2,legacy,,25,Normal,2,-,data_image04.png,4,40.0,637.2310293843055,687.5690021851901,498.657836454437,489.1675068023058,1720.3695357678077,1687.6278984679552,1720.3726317703085,1687.624742394177,-0.5597769026648801,5714377.0,1.0,0.09332801068097535,171,False,1.600507352800848,False,0,False,True,False,True,True
Normal Config 25 Magnets Horizontal LP_2,Normal Config 25 Magnets Horizontal LP_2,legacy,,25,Normal,2,-,data_image05.png,5,50.0,645.597457128077,683.3019437194079,493.08910772855705,482.1949172485095,1701.157421663522,1663.5724645073578,1701.6029744973625,1663.1167232427476,6.211718603293462,5756798.0,1.0,0.083411116363701,162,False,1.6413305816506463,False,0,False,True,False,True,True
Normal Config 25 Magnets Horizontal LP_2,Normal Config 25 Magnets Horizontal LP_2,legacy,,25,Normal,2,-,data_image06.png,6,60.0,652.879894960766,690.3288545969733,486.4080793807645,472.48940029725634,1678.1078738636377,1630.0884310255344,1678.2699516107868,1629.9215621638837,3.3433351238971594,5873234.0,1.0,0.08280720355144303,151,False,1.6452942838422913,False,0,False,True,False,True,True
Normal Config 25 Magnets Horizontal LP_2,Normal Config 25 Magnets Horizontal LP_2,legacy,,25,Normal,2,-,data_image07.png,7,70.0,663.1182065550166,696.8478753338791,480.49477901680746,464.6822976534362,1657.7069876079859,1603.1539269043549,1657.9376544781494,1602.9153764240614,3.7434614376265496,5797758.0,1.0,0.08996569567014931,153,False,1.644829245096763,False,0,False,True,False,True,True
Normal Config 25 Magnets Horizontal LP_2,Normal Config 25 Magnets Horizontal LP_2,legacy,,25,Normal,2,-,data_image08.png,8,80.0,665.2618798522533,699.350939868344,475.8291670994273,461.22463010613126,1641.6106264930243,1591.2249738661528,1642.6886041440473,1590.112108087175,8.298181569596034,5884122.0,1.0,0.09301848477349228,185,False,1.6462256270574092,False,0,False,True,False,True,True
Normal Config 25 Magnets Horizontal LP_2,Normal Config 25 Magnets Horizontal LP_2,legacy,,25,Normal,2,-,data_image09.png,9,90.0,674.567666042075,701.1687877201772,472.7108480931852,456.32184125426556,1630.852425921489,1574.3103523272164,1630.9684686981027,1574.1901329544717,2.6139442231004457,5798455.0,1.0,0.09302017948277794,192,False,1.6559477345217621,False,0,False,True,False,True,True
Normal Config 25 Magnets Horizontal LP_2,Normal Config 25 Magnets Horizontal LP_2,legacy,,25,Normal,2,-,data_image10.png,10,100.0,697.790363858461,700.5786632804118,469.2817000588039,454.5955423201182,1619.0218652028734,1568.354621004408,1619.467286745375,1567.8946789859467,5.375160769456706,5733768.0,1.0,0.08103227922833847,175,False,1.664816302488744,False,0,False,True,False,True,True
Normal Config 25 Magnets Horizontal LP_2,Normal Config 25 Magnets Horizontal LP_2,legacy,,25,Normal,2,-,data_image11.png,11,110.0,707.7003653640186,698.5541801901825,467.1952374878507,454.31653959369186,1611.823569333085,1567.392061598237,1611.9632710778317,1567.2483868598736,3.2266399784782895,5838287.0,1.0,0.07507156704992879,189,False,1.6747661069938242,False,0,False,True,False,True,True
Normal Config 25 Magnets Horizontal LP_2,Normal Config 25 Magnets Horizontal LP_2,legacy,,25,Normal,2,-,data_image12.png,12,120.0,718.260082517476,697.5583303449862,468.7844524289574,453.6073920933725,1617.3063608799032,1564.9455027221352,1617.3526517702267,1564.897661588338,1.7162835027461065,5627414.0,1.0,0.06901790542107895,190,False,1.681794824675351,False,0,False,True,False,True,True
Normal Config 25 Magnets Horizontal LP_2,Normal Config 25 Magnets Horizontal LP_2,legacy,,25,Normal,2,-,data_image13.png,13,130.0,731.5418740900005,695.3815083792034,470.09694918625013,455.7693868906381,1621.834474692563,1572.4043847727014,1622.137445954048,1572.091829056878,4.497196390256225,5791899.0,1.0,0.06961017124818146,181,False,1.6833643518269024,False,0,False,True,False,True,True
Normal Config 25 Magnets Horizontal LP_2,Normal Config 25 Magnets Horizontal LP_2,legacy,,25,Normal,2,-,data_image14.png,14,140.0,744.5193493114323,694.7199945901857,472.46241363839874,458.7753106774575,1629.9953270524757,1582.7748218372285,1630.6843491351685,1582.0649342995976,6.888055106815509,5745114.0,1.0,0.06828412125576587,208,False,1.6752433091631853,False,0,False,True,False,True,True
Normal Config 25 Magnets Horizontal LP_2,Normal Config 25 Magnets Horizontal LP_2,legacy,,25,Normal,2,-,data_image15.png,15,150.0,751.7158731854693,688.1596439087791,477.6911462763052,459.75968057412,1648.0344546532529,1586.170897980714,1648.5036223792745,1585.6832875223229,5.005363377828132,5690452.0,1.0,0.05622295805384992,172,False,1.7001921199451475,False,0,False,True,False,True,True
Normal Config 25 Magnets Horizontal LP_2,Normal Config 25 Magnets Horizontal LP_2,legacy,,25,Normal,2,-,data_image16.png,16,160.0,769.3664767447976,682.30407969706,484.7235687487012,465.7397145195886,1672.2963121830192,1606.8020150925806,1673.423982457194,1605.6275553139994,7.485436556928716,5704100.0,1.0,0.05184635329706493,179,False,1.703505921204206,False,0,False,True,False,True,True
Normal Config 25 Magnets Horizontal LP_2,Normal Config 25 Magnets Horizontal LP_2,legacy,,25,Normal,2,-,data_image17.png,17,170.0,773.3739125135803,679.4384884721251,489.1774472519096,471.45808834128735,1687.6621930190881,1626.5304047774414,1687.8981084181548,1626.285587161702,3.5804171168403593,6022489.0,1.0,0.0577086076624467,173,False,1.6950027955394913,False,0,False,True,False,True,True
Normal Config 25 Magnets Horizontal LP_2,Normal Config 25 Magnets Horizontal LP_2,legacy,,25,Normal,2,-,data_image18.png,18,180.0,790.957512128105,677.4318477974483,497.4924637666603,477.1105066062428,1716.3489999949782,1646.0312477915377,1717.3781383941307,1644.957473084286,6.919053654148703,5879113.0,1.0,0.06166353359762851,191,False,1.6833179710339936,False,0,False,True,False,True,True
Normal Config 25 Magnets Horizontal LP_2,Normal Config 25 Magnets Horizontal LP_2,legacy,,25,Normal,2,-,data_image19.png,19,190.0,800.8615319570195,665.0382281161274,504.44567813244964,483.60601895583187,1740.3375895569513,1668.44076539762,1740.6261137728743,1668.1397559309708,3.6553708226555948,5818440.0,1.0,0.05613934388337504,198,False,1.7118789554958853,False,0,False,True,False,True,True
Normal Config 25 Magnets Horizontal LP_2,Normal Config 25 Magnets Horizontal LP_2,legacy,,25,Normal,2,-,data_image20.png,20,200.0,799.263875204387,669.5238936355399,513.8916962133472,490.65336463597316,1772.9263519360481,1692.7541079941075,1773.059174004417,1692.6149842769817,2.3556316610114028,6057136.0,1.0,0.0778720401076379,223,False,1.6689539980816552,False,0,False,True,False,True,True
Normal Config 25 Magnets Horizontal LP_2,Normal Config 25 Magnets Horizontal LP_2,legacy,,25,Normal,2,-,data_image21.png,21,210.0,806.7589700961901,664.1438048549118,519.9465920501204,500.41788995014167,1793.8157425729157,1726.4417203279888,1793.8987626850262,1726.3554562223326,2.028316720417052,5827418.0,1.0,0.060389020441241635,232,False,1.657862978406033,False,0,False,True,False,True,True
Normal Config 25 Magnets Horizontal LP_2,Normal Config 25 Magnets Horizontal LP_2,legacy,,25,Normal,2,-,data_image22.png,22,220.0,818.865983887606,656.1401932893671,533.4339952439053,510.73087732177675,1840.3472835914733,1762.02152676013,1840.415612301452,1761.9501579175521,1.7093241869243974,5795042.0,1.0,0.07307136623409545,184,False,1.6558000301569662,False,0,False,True,False,True,True
Normal Config 25 Magnets Horizontal LP_2,Normal Config 25 Magnets Horizontal LP_2,legacy,,25,Normal,2,-,data_image23.png,23,230.0,821.8565830737283,653.913385856759,539.2647734547596,518.998284627954,1860.4634684189207,1790.5440819664416,1860.5939881379043,1790.408455657953,2.4951767061135413,5776724.0,1.0,0.07619103941625638,147,False,1.638036019560775,False,0,False,True,False,True,True
Normal Config 25 Magnets Horizontal LP_2,Normal Config 25 Magnets Horizontal LP_2,legacy,,25,Normal,2,-,data_image24.png,24,240.0,824.4193481788813,649.541093390846,546.698474532772,526.2517762389791,1886.1097371380636,1815.5686280244781,1886.2097155596146,1815.4647593721613,2.174890762226469,5836632.0,1.0,0.067100100171211,145,False,1.632045644185115,False,0,False,True,False,True,True
Normal Config 25 Magnets Horizontal LP_2,Normal Config 25 Magnets Horizontal LP_2,legacy,,25,Normal,2,-,data_image25.png,25,250.0,835.2585505330184,644.9296346379201,559.0212097454419,538.8950542054569,1928.6231736217746,1859.1879370088263,1928.6924048373778,1859.116117533457,1.8241684301637393,5820719.0,1.0,0.07313514057255026,156,False,1.6108160842065717,False,0,False,True,False,True,True
Normal Config 25 Magnets Horizontal LP_2,Normal Config 25 Magnets Horizontal LP_2,legacy,,25,Normal,2,-,data_image26.png,26,260.0,860.3659052592124,635.0666404895172,573.1536832161067,546.8379587781329,1977.3802070955683,1886.5909577845587,1978.2152076534064,1885.7153861642435,5.516428842624586,5888087.0,1.0,0.08369102382639726,173,False,1.6233049165415012,False,1,False,True,False,True,True
Normal Config 25 Magnets Horizontal LP_2,Normal Config 25 Magnets Horizontal LP_2,legacy,,25,Normal,2,-,data_image27.png,27,270.0,884.1595339517615,622.84918714119,589.9658062889815,559.550080779083,2035.3820316969864,1930.4477786878365,2035.3862932826187,1930.4432854432678,0.36991817945096567,5877589.0,1.0,0.0734116027016951,161,False,1.6298377579279038,False,1,False,True,False,True,True
Normal Config 25 Magnets Horizontal LP_2,Normal Config 25 Magnets Horizontal LP_2,legacy,,25,Normal,2,-,data_image28.png,28,280.0,893.6121650004857,626.6547516658405,605.8499000507011,545.3020171670189,2090.182155174919,1881.2919592262153,2091.2197067617085,1880.1385629023075,4.125432661973175,5630941.0,1.0,0.07250606264894624,153,False,1.6579737977368683,False,2,False,True,False,True,False
Normal Config 25 Magnets Horizontal LP_2,Normal Config 25 Magnets Horizontal LP_2,legacy,,25,Normal,2,-,data_image29.png,29,290.0,903.6972792574826,606.5043160010364,612.4781215212333,590.4500620918933,2113.049519248255,2037.052714217032,2113.9489551535894,2036.1193104283716,-6.228440732861773,6086537.0,1.0,0.08537557793649239,144,False,1.6,True,0,False,True,False,True,True
Normal Config 25 Magnets Horizontal LP_3,Normal Config 25 Magnets Horizontal LP_3,legacy,,25,Normal,3,-,data_image01.png,1,10.0,598.7982176512517,663.8551725169277,527.1554639836299,491.05992229580073,1818.6863507435235,1694.1567319205126,1819.1694792759486,1693.6379425258697,-3.6196121618133,6954419.0,1.0,0.11527766649865821,188,False,1.6913592610487849,False,0,False,True,False,True,True
Normal Config 25 Magnets Horizontal LP_3,Normal Config 25 Magnets Horizontal LP_3,legacy,,25,Normal,3,-,data_image02.png,2,20.0,605.4691320987669,680.4982195936698,515.70610188528,480.2077464260804,1779.186051504216,1656.7167251699775,1780.3128361842441,1655.5058195737977,-5.5498628886489465,7043336.0,1.0,0.10876121480410861,194,False,1.6600475540641992,False,0,False,True,False,True,True
Normal Config 25 Magnets Horizontal LP_3,Normal Config 25 Magnets Horizontal LP_3,legacy,,25,Normal,3,-,data_image03.png,3,30.0,610.9318959112792,696.564772840619,506.4913148703327,471.90896638663094,1747.395036302648,1628.0859340338768,1747.5427352047784,1627.9273970687686,-2.0490992860643855,7158278.0,1.0,0.12092533932717196,223,False,1.6209221193568348,False,0,False,True,False,True,True
Normal Config 25 Magnets Horizontal LP_3,Normal Config 25 Magnets Horizontal LP_3,legacy,,25,Normal,3,-,data_image04.png,4,40.0,643.2998104955974,688.1488965602786,503.12504094751574,449.6517554414652,1735.7813912689294,1551.298556273055,1736.060552459753,1550.9861402228914,2.287543626299788,6441539.0,1.0,0.09203546453822624,226,False,1.7384559059540532,False,1,False,True,False,True,False
Normal Config 25 Magnets Horizontal LP_3,Normal Config 25 Magnets Horizontal LP_3,legacy,,25,Normal,3,-,data_image05.png,5,50.0,654.3816383562641,683.3774988797218,494.8499631126102,459.7008804694857,1707.2323727385053,1585.9680376197257,1707.502286187975,1585.6774367886271,-2.747287737337869,6978177.0,1.0,0.1037612278462739,225,False,1.721162815323789,False,0,False,True,False,True,True
Normal Config 25 Magnets Horizontal LP_3,Normal Config 25 Magnets Horizontal LP_3,legacy,,25,Normal,3,-,data_image06.png,6,60.0,670.8673900035486,691.8883639230675,487.96497920403107,454.547165649922,1683.4791782539073,1568.187721492231,1683.488980158579,1568.1771988962455,-0.537543887790726,6923837.0,1.0,0.09991991341800588,239,False,1.7031971606659193,False,0,False,True,False,True,True
Normal Config 25 Magnets Horizontal LP_3,Normal Config 25 Magnets Horizontal LP_3,legacy,,25,Normal,3,-,data_image07.png,7,70.0,679.6802892108565,700.543163736456,482.75461074065134,446.55479985405077,1665.5034070552472,1540.6140594964752,1665.5502590881372,1540.563407874627,-1.1307959387828248,6464211.0,1.0,0.09554535211275776,193,False,1.6949398859279534,False,0,False,True,False,True,True
Normal Config 25 Magnets Horizontal LP_3,Normal Config 25 Magnets Horizontal LP_3,legacy,,25,Normal,3,-,data_image08.png,8,80.0,703.0403557690029,705.5871800864518,478.1749386659736,442.2713362099554,1649.703538397609,1525.8361099243461,1649.8873716874568,1525.6373290192232,-2.2470879983491403,6456549.0,1.0,0.10383028122268387,184,False,1.6886137652684101,False,0,False,True,False,True,True
Normal Config 25 Magnets Horizontal LP_3,Normal Config 25 Magnets Horizontal LP_3,legacy,,25,Normal,3,-,data_image09.png,9,90.0,704.4558189611009,707.1706788700673,473.8204284339425,436.8947094788517,1634.6804780971017,1507.2867477020386,1634.7297151887385,1507.2333474113768,-1.1486380054085803,6588109.0,1.0,0.09807333118110935,218,False,1.7020753732879559,False,0,False,True,False,True,True
Normal Config 25 Magnets Horizontal LP_3,Normal Config 25 Magnets Horizontal LP_3,legacy,,25,Normal,3,-,data_image10.png,10,100.0,715.6585195013148,706.5593839881675,469.52531481620656,435.59634669837584,1619.8623361159127,1502.8073961093967,1619.9284294408492,1502.736151577286,-1.386085785151675,6408773.0,1.0,0.08915849740394183,215,False,1.709944046564643,False,0,False,True,False,True,True
Normal Config 25 Magnets Horizontal LP_3,Normal Config 25 Magnets Horizontal LP_3,legacy,,25,Normal,3,-,data_image11.png,11,110.0,727.8269395351323,704.6617646373577,468.55379339795553,431.4963096094608,1616.5105872229467,1488.6622681526399,1616.679949522122,1488.4783397948345,-2.1254830984646222,6438218.0,1.0,0.08001028865333033,222,False,1.7350112375086109,False,0,False,True,False,True,True
Normal Config 25 Magnets Horizontal LP_3,Normal Config 25 Magnets Horizontal LP_3,legacy,,25,Normal,3,-,data_image12.png,12,120.0,736.5121781783569,703.3682046839219,469.8999639512681,433.54440994047786,1621.154875631875,1495.7282142946488,1621.4261668319205,1495.4341200249523,-2.7128010737663835,6477734.0,1.0,0.07901376578045585,205,False,1.732798843533189,False,0,False,True,False,True,True
Normal Config 25 Magnets Horizontal LP_3,Normal Config 25 Magnets Horizontal LP_3,legacy,,25,Normal,3,-,data_image13.png,13,130.0,748.8869350542119,703.4015279677923,472.89358726863156,436.4214507234986,1631.482876076779,1505.6540049960702,1631.5219299786984,1505.611686222928,-1.0291768737198423,6636920.0,1.0,0.08401364710758717,201,False,1.7212283732634088,False,0,False,True,False,True,True
Normal Config 25 Magnets Horizontal LP_3,Normal Config 25 Magnets Horizontal LP_3,legacy,,25,Normal,3,-,data_image14.png,14,140.0,757.2155934881013,701.5722538798996,475.88748841083924,441.75233114735386,1641.8118350173954,1524.0455424583708,1641.8132236320625,1524.0440465410813,-0.20036861049079507,6588186.0,1.0,0.0750715670499288,200,False,1.7087572110657039,False,0,False,True,False,True,True
Normal Config 25 Magnets Horizontal LP_3,Normal Config 25 Magnets Horizontal LP_3,legacy,,25,Normal,3,-,data_image15.png,15,150.0,765.4278744101848,689.2362263158196,480.02337591551776,445.77306731283176,1656.0806469085364,1537.9170822292697,1656.9803207484717,1536.9477146376444,-5.058620304393985,6811667.0,1.0,0.06147534359130455,188,False,1.7487369283973637,False,0,False,True,False,True,True
Normal Config 25 Magnets Horizontal LP_3,Normal Config 25 Magnets Horizontal LP_3,legacy,,25,Normal,3,-,data_image16.png,16,160.0,775.892669049253,692.0608995121488,484.7291141773765,449.26935975173325,1672.3154439119492,1549.9792911434797,1672.3513815552337,1549.9405161264624,-1.000238337563952,7070188.0,1.0,0.06871608409042347,181,False,1.7225277921050084,False,0,False,True,False,True,True
Normal Config 25 Magnets Horizontal LP_3,Normal Config 25 Magnets Horizontal LP_3,legacy,,25,Normal,3,-,data_image17.png,17,170.0,790.2801284261573,682.9675148451392,492.66264216859287,456.21604585865634,1699.6861154816454,1573.9453582123645,1699.693138448594,1573.9377741543985,-0.43632373254608303,6861842.0,1.0,0.06682568584298511,198,False,1.7361413330391402,False,0,False,True,False,True,True
Normal Config 25 Magnets Horizontal LP_3,Normal Config 25 Magnets Horizontal LP_3,legacy,,25,Normal,3,-,data_image18.png,18,180.0,809.2535435591947,679.4615384958726,498.27624751542857,464.0347637687977,1719.0530539282286,1600.919935002352,1719.1638482025464,1600.8009568779369,-1.7842002511685897,6721279.0,1.0,0.07375417346448226,186,False,1.7220110881694835,False,0,False,True,False,True,True
Normal Config 25 Magnets Horizontal LP_3,Normal Config 25 Magnets Horizontal LP_3,legacy,,25,Normal,3,-,data_image19.png,19,190.0,819.7998140512658,673.0741556721454,505.1749634560526,469.6385050804644,1742.8536239233815,1620.2528425276023,1742.8609614569127,1620.244949744058,-0.4512364959331021,6558797.0,1.0,0.07174225235331977,179,False,1.728637989608247,False,0,False,True,False,True,True
Normal Config 25 Magnets Horizontal LP_3,Normal Config 25 Magnets Horizontal LP_3,legacy,,25,Normal,3,-,data_image20.png,20,200.0,822.8319596544512,671.9527124123507,513.5894503713998,478.9658529866292,1771.8836037813296,1652.432192803871,1771.9118192856142,1652.4019371326294,0.895632541646735,6766744.0,1.0,0.07811152358748776,226,False,1.6995026716700161,False,0,False,True,False,True,True
Normal Config 25 Magnets Horizontal LP_3,Normal Config 25 Magnets Horizontal LP_3,legacy,,25,Normal,3,-,data_image21.png,21,210.0,833.3875250756342,667.133451256955,519.5270712887453,485.9176345480757,1792.3683959461714,1676.415839190861,1792.641217032042,1676.124100320299,2.819679545453136,6720169.0,1.0,0.07136114996585029,199,False,1.6950148573668664,False,0,False,True,False,True,True
Normal Config 25 Magnets Horizontal LP_3,Normal Config 25 Magnets Horizontal LP_3,legacy,,25,Normal,3,-,data_image22.png,22,220.0,851.3427476301935,660.6650970383628,521.6084147517643,493.96390874973224,1799.5490308935869,1704.1754851865762,1809.312267976964,1693.8063395350146,17.162851215370193,6622587.0,1.0,0.08317123739474871,223,False,1.6933212000792752,False,1,False,True,False,True,True
Normal Config 25 Magnets Horizontal LP_3,Normal Config 25 Magnets Horizontal LP_3,legacy,,25,Normal,3,-,data_image23.png,23,230.0,873.2678351806037,650.5226546759584,530.7280901350927,505.5734502716258,1831.0119109660698,1744.2284034371091,1839.4520940952377,1735.3251381182229,16.767559330025623,6964059.0,1.0,0.08449891591786231,205,False,1.6947534662605868,False,1,False,True,False,True,True
Normal Config 25 Magnets Horizontal LP_3,Normal Config 25 Magnets Horizontal LP_3,legacy,,25,Normal,3,-,data_image24.png,24,240.0,871.8874511142064,649.1695703195045,540.0251397079179,514.9289558407714,1863.0867319923168,1776.5048976506616,1872.8006435165382,1766.261467605133,17.815077218267113,6608515.0,1.0,0.09260022187224314,177,False,1.6692795836028633,False,1,False,True,False,True,True
Normal Config 25 Magnets Horizontal LP_3,Normal Config 25 Magnets Horizontal LP_3,legacy,,25,Normal,3,-,data_image25.png,25,250.0,878.3742195323659,644.075412976468,549.359245906634,525.2242535345283,1895.2893983778874,1812.0236746941227,1906.4277215381294,1800.3013758275436,19.15287730431431,6650500.0,1.0,0.0993341951606839,185,False,1.6560220711669698,False,1,False,True,False,True,True
Normal Config 25 Magnets Horizontal LP_3,Normal Config 25 Magnets Horizontal LP_3,legacy,,25,Normal,3,-,data_image26.png,26,260.0,882.2187923281582,637.3913965535141,561.1087430414809,537.7776050546302,1935.8251634931094,1855.3327374384742,1945.4604838487296,1845.226852180277,18.284123616141425,7040969.0,1.0,0.10086672637046684,234,False,1.642181634566227,False,1,False,True,False,True,True
Normal Config 25 Magnets Horizontal LP_3,Normal Config 25 Magnets Horizontal LP_3,legacy,,25,Normal,3,-,data_image27.png,27,270.0,891.1014591670108,625.609728238502,572.5379021624123,547.4935418308661,1975.2557624603223,1888.8527193164882,1984.1688900603144,1879.4876264872887,17.180989449298345,6834927.0,1.0,0.10595937946077914,199,False,1.6558919841170696,False,1,False,True,False,True,True
Normal Config 25 Magnets Horizontal LP_3,Normal Config 25 Magnets Horizontal LP_3,legacy,,25,Normal,3,-,data_image28.png,28,280.0,904.3870052932826,621.2500040536138,590.5652496877389,539.7650297243863,2037.4501114226991,1862.1893525491328,2054.1508512979353,1843.7506397004167,16.77732632050004,6784070.0,1.0,0.1020934633578017,190,False,1.6956322517756164,False,2,False,True,False,True,False
Normal Config 25 Magnets Horizontal LP_3,Normal Config 25 Magnets Horizontal LP_3,legacy,,25,Normal,3,-,data_image29.png,29,290.0,913.5887141060061,604.2782223928239,596.0824022788914,574.1819884892046,2056.4842878621757,1980.9278602877562,2073.2562758663535,1963.3673187839834,23.275642596770687,6757781.0,1.0,0.11416075124794137,172,False,1.6531158420076706,False,1,False,True,False,True,True
Normal Config 50 Magnets Horizontal LP_1,Normal Config 50 Magnets Horizontal LP_1,legacy,,50,Normal,1,-,data_image01.png,1,10.0,602.3479628137496,653.1778593401507,531.099833519157,506.6414559900318,1832.2944256410915,1747.9130231656097,1834.571046115509,1745.5233815512202,9.312596826838071,5211281.0,1.0,0.08998763032399193,204,False,1.6806090404207124,False,0,False,True,False,True,True
Normal Config 50 Magnets Horizontal LP_1,Normal Config 50 Magnets Horizontal LP_1,legacy,,50,Normal,1,-,data_image02.png,2,20.0,612.0504382060951,660.4606506556705,519.0085885908887,495.5208381165786,1790.5796306385662,1709.5468915021963,1791.9386795930666,1708.1222896739052,7.401858717699018,5156706.0,1.0,0.08449431379081149,190,False,1.6891440618680127,False,0,False,True,False,True,True
Normal Config 50 Magnets Horizontal LP_1,Normal Config 50 Magnets Horizontal LP_1,legacy,,50,Normal,1,-,data_image03.png,3,30.0,626.4791151298796,668.8147014709436,506.6440950584202,484.29005800108604,1747.9221279515498,1670.800700103747,1748.3700146634496,1670.332013904893,4.3939251990732275,5121746.0,1.0,0.07467674355949186,195,False,1.693864999380843,False,0,False,True,False,True,True
Normal Config 50 Magnets Horizontal LP_1,Normal Config 50 Magnets Horizontal LP_1,legacy,,50,Normal,1,-,data_image04.png,4,40.0,649.7487828029555,663.6242321638299,500.15823470827263,474.5351065013657,1725.5459097435407,1637.1461174297117,1726.0763702788095,1636.5868325307322,4.473777470269817,5149536.0,1.0,0.0655500371335592,172,False,1.7506039106297153,False,0,False,True,False,True,True
Normal Config 50 Magnets Horizontal LP_1,Normal Config 50 Magnets Horizontal LP_1,legacy,,50,Normal,1,-,data_image05.png,5,50.0,650.189873036063,668.5888942535371,491.5219275735469,465.9373693144345,1695.7506501287369,1607.483924134799,1696.1882971174505,1607.0221200984292,4.071045090066065,4974956.0,1.0,0.06406304436668987,138,False,1.7614660916051932,False,0,False,True,False,True,True
Normal Config 50 Magnets Horizontal LP_1,Normal Config 50 Magnets Horizontal LP_1,legacy,,50,Normal,1,-,data_image06.png,6,60.0,658.916698342306,671.5684277921592,484.37011617034653,457.8266769961665,1671.0769007876956,1579.5020356367745,1671.23600042381,1579.3336948898266,2.4180582678601783,4993322.0,1.0,0.07026426429687398,158,False,1.779617170235713,False,0,False,True,False,True,True
Normal Config 50 Magnets Horizontal LP_1,Normal Config 50 Magnets Horizontal LP_1,legacy,,50,Normal,1,-,data_image07.png,7,70.0,677.4365412513605,678.5929364535135,477.05357469222304,449.75578319380355,1645.8348326881696,1551.6574520186223,1646.0846124228462,1551.3924692479811,2.987183524025047,4946552.0,1.0,0.05931396543625759,192,False,1.7803417097959975,False,0,False,True,False,True,True
Normal Config 50 Magnets Horizontal LP_1,Normal Config 50 Magnets Horizontal LP_1,legacy,,50,Normal,1,-,data_image08.png,8,80.0,683.6875321058244,680.6103441906237,470.6968388897436,444.8229573860965,1623.9040941696155,1534.639202982033,1624.1316678249416,1534.3983563463378,2.9272756927335952,4942639.0,1.0,0.06177429459282751,216,False,1.7910546589603777,False,0,False,True,False,True,True
Normal Config 50 Magnets Horizontal LP_1,Normal Config 50 Magnets Horizontal LP_1,legacy,,50,Normal,1,-,data_image09.png,9,90.0,704.0521499406835,682.6378170858554,470.2060135443575,441.38754896305323,1622.2107467280334,1522.7870439225337,1622.2311176596236,1522.765342669402,0.8328493556903741,4815691.0,1.0,0.06452689588470671,206,False,1.795904118419973,False,0,False,True,False,True,True
Normal Config 50 Magnets Horizontal LP_1,Normal Config 50 Magnets Horizontal LP_1,legacy,,50,Normal,1,-,data_image10.png,10,100.0,702.7967333138217,682.9199733184114,468.3603588125907,438.59576085197506,1615.843237903438,1513.155374939314,1615.91504337374,1513.0786928591808,-1.5388538414476711,4810808.0,1.0,0.06631155798306776,186,False,1.8060595514108002,False,0,False,True,False,True,True
Normal Config 50 Magnets Horizontal LP_1,Normal Config 50 Magnets Horizontal LP_1,legacy,,50,Normal,1,-,data_image11.png,11,110.0,710.6404225642422,686.2479056894886,464.83341998723654,437.25113806945984,1603.6752989559661,1508.5164263396366,1603.6965684758798,1508.49381479564,0.8694306927970409,4997110.0,1.0,0.06568890212588142,174,False,1.796415022154529,False,0,False,True,False,True,True
Normal Config 50 Magnets Horizontal LP_1,Normal Config 50 Magnets Horizontal LP_1,legacy,,50,Normal,1,-,data_image12.png,12,120.0,720.7163695539242,688.1134636625225,463.1920274216119,437.85588183799064,1598.0124946045612,1510.6027923410677,1599.1538028993189,1509.39452888023,6.566582756417994,4806649.0,1.0,0.06030877744260353,196,False,1.7853742037225009,False,1,False,True,False,True,True
Normal Config 50 Magnets Horizontal LP_1,Normal Config 50 Magnets Horizontal LP_1,legacy,,50,Normal,1,-,data_image13.png,13,130.0,737.4547315649079,688.8060332017282,469.3769140893086,440.1607548756202,1619.3503536081148,1518.55460432089,1619.3512049901144,1518.5536964269543,-0.16917109984396306,4942815.0,1.0,0.05367311896659398,169,False,1.7729200205812237,False,0,False,True,False,True,True
Normal Config 50 Magnets Horizontal LP_1,Normal Config 50 Magnets Horizontal LP_1,legacy,,50,Normal,1,-,data_image14.png,14,140.0,743.8319806595738,684.5799364319928,473.2216807376584,442.5926329027356,1632.6147985449215,1526.944583514438,1632.8076904508928,1526.738316659531,-2.4847237748013167,4895859.0,1.0,0.04779041792819504,167,False,1.7822869918234094,False,0,False,True,False,True,True
Normal Config 50 Magnets Horizontal LP_1,Normal Config 50 Magnets Horizontal LP_1,legacy,,50,Normal,1,-,data_image15.png,15,150.0,758.3687517166438,683.6124707019442,476.1638798498885,447.24999066956957,1642.7653854821153,1543.012467810015,1643.362872581513,1542.37610736681,-4.480583395164604,4995212.0,1.0,0.051488664598554945,159,False,1.7680320572924197,False,0,False,True,False,True,True
Normal Config 50 Magnets Horizontal LP_1,Normal Config 50 Magnets Horizontal LP_1,legacy,,50,Normal,1,-,data_image16.png,16,160.0,765.0284767705912,682.1185639699502,483.37073589012795,451.41043117164594,1667.6290388209416,1557.3659875421786,1668.1152257653682,1556.8452151199356,-3.8547575716515197,5051872.0,1.0,0.05646214283651692,167,False,1.7583263767494521,False,0,False,True,False,True,True
Normal Config 50 Magnets Horizontal LP_1,Normal Config 50 Magnets Horizontal LP_1,legacy,,50,Normal,1,-,data_image17.png,17,170.0,774.70622179284,682.0342345728019,489.9291419114951,458.13415267477455,1690.255539594658,1580.5628267279724,1692.2883487981533,1578.3861323791366,-7.808237936899053,4965273.0,1.0,0.06481404474679146,162,False,1.7329017138034746,False,0,False,True,False,True,True
Normal Config 50 Magnets Horizontal LP_1,Normal Config 50 Magnets Horizontal LP_1,legacy,,50,Normal,1,-,data_image18.png,18,180.0,786.1360809398484,679.493218043445,496.52286639721586,463.46610846282186,1713.0038890703947,1598.9580741967354,1715.3393610805406,1596.4523554860743,-8.198539021447736,4941052.0,1.0,0.08339657500520503,186,False,1.7238768347661053,False,0,False,True,False,True,True
Normal Config 50 Magnets Horizontal LP_1,Normal Config 50 Magnets Horizontal LP_1,legacy,,50,Normal,1,-,data_image19.png,19,190.0,799.4304214879065,673.6901011716117,505.58843994775225,471.02436231880756,1744.2801178197453,1625.034049999886,1747.40591022617,1621.6724015617178,-9.2368106179391,4988257.0,1.0,0.09459004299142745,189,False,1.72078495906672,False,0,False,True,False,True,True
Normal Config 50 Magnets Horizontal LP_1,Normal Config 50 Magnets Horizontal LP_1,legacy,,50,Normal,1,-,data_image20.png,20,200.0,811.3212309115695,669.4811773679988,510.40699733282617,481.2585981506765,1760.9041407982504,1660.342163619834,1766.5226599933956,1654.36307535682,-13.136716919426286,5079975.0,1.0,0.09354503180371074,198,False,1.7016277085647877,False,0,False,True,False,True,True
Normal Config 50 Magnets Horizontal LP_1,Normal Config 50 Magnets Horizontal LP_1,legacy,,50,Normal,1,-,data_image21.png,21,210.0,821.009683458062,667.5432471454732,517.2496634338166,485.68097452333194,1784.5113388466675,1675.5993621054952,1790.5783213809482,1669.1145004945754,-13.131641996119823,5147438.0,1.0,0.08589019781259145,181,False,1.694083863067135,False,0,False,True,False,True,True
Normal Config 50 Magnets Horizontal LP_1,Normal Config 50 Magnets Horizontal LP_1,legacy,,50,Normal,1,-,data_image22.png,22,220.0,818.6668040341574,663.2403015516712,528.1077963778492,494.9825577449964,1821.97189750358,1707.6898242202378,1828.147604843304,1701.076854802226,-12.955804850029931,5217149.0,1.0,0.09329441635241244,149,False,1.6796495710657358,False,0,False,True,False,True,True
Normal Config 50 Magnets Horizontal LP_1,Normal Config 50 Magnets Horizontal LP_1,legacy,,50,Normal,1,-,data_image23.png,23,230.0,803.9329261123229,656.2272456988784,538.9788513367305,504.56403082390517,1859.4770371117202,1740.7459063424728,1864.2286043538304,1735.6563233263748,-11.275021625432368,5349593.0,1.0,0.10401508013740071,163,False,1.6754629544994306,False,0,False,True,False,True,True
Normal Config 50 Magnets Horizontal LP_1,Normal Config 50 Magnets Horizontal LP_1,legacy,,50,Normal,1,-,data_image24.png,24,240.0,827.1480390675611,653.258832281897,546.4702914780955,513.7649371502835,1885.3225055994296,1772.489033168478,1891.4377308738215,1765.9619568521648,-12.963860325971337,5314793.0,1.0,0.11054610761243386,159,False,1.6570308885152092,False,0,False,True,False,True,True
Normal Config 50 Magnets Horizontal LP_1,Normal Config 50 Magnets Horizontal LP_1,legacy,,50,Normal,1,-,data_image25.png,25,250.0,834.1757408388829,644.4986037181812,560.0531547098515,526.7323098044634,1932.1833837489876,1817.2264688253988,1937.5882307317347,1811.4625349604069,-12.140860147056046,5422974.0,1.0,0.10843802362161553,152,False,1.6494884393195863,False,0,False,True,False,True,True
Normal Config 50 Magnets Horizontal LP_1,Normal Config 50 Magnets Horizontal LP_1,legacy,,50,Normal,1,-,data_image26.png,26,260.0,864.8861993541465,634.2237576775823,576.2980560531907,540.3045964355781,1988.2282933835081,1864.0508577027445,1990.7662269172658,1861.340156037748,-8.182132859895477,5002063.0,1.0,0.0852940784192479,146,False,1.6457019180978363,False,0,False,True,False,True,True
Normal Config 50 Magnets Horizontal LP_1,Normal Config 50 Magnets Horizontal LP_1,legacy,,50,Normal,1,-,data_image27.png,27,270.0,871.904728165223,626.596318416299,586.1659969147772,553.6702634883945,2022.2726893559816,1910.1624090349612,2026.2604966996062,1905.9317035297952,-10.644804933923947,5119047.0,1.0,0.0872225189496391,136,False,1.6336943834988356,False,0,False,True,False,True,True
Normal Config 50 Magnets Horizontal LP_1,Normal Config 50 Magnets Horizontal LP_1,legacy,,50,Normal,1,-,data_image28.png,28,280.0,874.7328610910181,619.3249380638257,593.7912213642633,562.9694760699889,2048.5797137067084,1942.244692441462,2053.208488498933,1937.3508178653697,-11.691796188671624,5204955.0,1.0,0.10084799783981932,120,False,1.6322984975512123,False,0,False,True,False,True,True
Normal Config 50 Magnets Horizontal LP_1,Normal Config 50 Magnets Horizontal LP_1,legacy,,50,Normal,1,-,data_image29.png,29,290.0,882.3100135035021,604.6050660585613,605.1477093859813,576.4621227199276,2087.7595973816356,1988.7943233837505,2094.2049866607954,1982.0061733071411,-14.049995552754133,5322323.0,1.0,0.09585396515150071,122,False,1.6453516670678436,False,0,False,True,False,True,True
Normal Config 50 Magnets Horizontal LP_2,Normal Config 50 Magnets Horizontal LP_2,legacy,,50,Normal,2,-,data_image01.png,1,10.0,593.3734814909234,670.9631517438912,524.4068408092734,513.5033638354548,1809.2036007919933,1771.5866052323192,1809.2259369238268,1771.5637945384267,1.4027754046770033,5868256.0,1.0,0.10446084973458872,165,False,1.6,True,0,False,True,False,True,True
Normal Config 50 Magnets Horizontal LP_2,Normal Config 50 Magnets Horizontal LP_2,legacy,,50,Normal,2,-,data_image02.png,2,20.0,613.0543453404102,690.9799472671799,512.9508975104977,501.0551702215805,1769.6805964112173,1728.640337264453,1770.0031334824794,1728.3100810891335,5.075767200070606,5960235.0,1.0,0.1140732251605587,189,False,1.6,True,0,False,True,False,True,True
Normal Config 50 Magnets Horizontal LP_2,Normal Config 50 Magnets Horizontal LP_2,legacy,,50,Normal,2,-,data_image03.png,3,30.0,613.3345657432568,698.0406942767622,505.5744306888642,493.90765416137845,1744.2317858765816,1703.9814068567557,1744.5413817858896,1703.664440261731,-5.022003917122505,5737539.0,1.0,0.11344539362794136,198,False,1.6,True,0,False,True,False,True,True
Normal Config 50 Magnets Horizontal LP_2,Normal Config 50 Magnets Horizontal LP_2,legacy,,50,Normal,2,-,data_image04.png,4,40.0,647.6580560398241,685.8264015417724,498.49166844565354,485.2652983837769,1719.7962561375048,1674.1652794240304,1720.0657799160983,1673.888364920177,4.41116207493226,5950554.0,1.0,0.09181671482701576,177,False,1.6204278679220103,False,0,False,True,False,True,True
Normal Config 50 Magnets Horizontal LP_2,Normal Config 50 Magnets Horizontal LP_2,legacy,,50,Normal,2,-,data_image05.png,5,50.0,654.4092777389055,688.1701669682413,492.684057031189,477.1491964261728,1699.7599967576023,1646.1647276702963,1699.764342938428,1646.160239976145,-0.5200372802570684,5731030.0,1.0,0.08659490969815858,167,False,1.638197951278974,False,0,False,True,False,True,True
Normal Config 50 Magnets Horizontal LP_2,Normal Config 50 Magnets Horizontal LP_2,legacy,,50,Normal,2,-,data_image06.png,6,60.0,662.8297069063985,693.7885984559173,485.6308707864614,469.1510690818825,1675.426504213292,1618.5711883324948,1675.5005065927446,1618.4945829776177,2.082582071667403,5813160.0,1.0,0.09016650722429674,156,False,1.6422474963788258,False,0,False,True,False,True,True
Normal Config 50 Magnets Horizontal LP_2,Normal Config 50 Magnets Horizontal LP_2,legacy,,50,Normal,2,-,data_image07.png,7,70.0,671.0244962878996,699.6067924117249,482.521915023605,462.2256365258434,1664.7006068314374,1594.6784460141598,1664.9511587721793,1594.416851225008,3.453560224311446,5875380.0,1.0,0.09999052918484069,165,False,1.641612378735034,False,0,False,True,False,True,True
Normal Config 50 Magnets Horizontal LP_2,Normal Config 50 Magnets Horizontal LP_2,legacy,,50,Normal,2,-,data_image08.png,8,80.0,655.268472509072,698.5966072033732,475.4561548527991,456.4747273218441,1640.323734242157,1574.8378092603623,1640.3514347244309,1574.8089564107809,1.1899162127754226,5597683.0,1.0,0.08905412011337724,166,False,1.6666519396473043,False,0,False,True,False,True,True
Normal Config 50 Magnets Horizontal LP_2,Normal Config 50 Magnets Horizontal LP_2,legacy,,50,Normal,2,-,data_image09.png,9,90.0,684.4181259993429,703.3659724063533,472.5964654138349,454.06924016586737,1630.4578056777304,1566.5388785722425,1630.731937364837,1566.253511610475,3.775958038246458,5834459.0,1.0,0.09502393169687962,177,False,1.654490451239687,False,0,False,True,False,True,True
Normal Config 50 Magnets Horizontal LP_2,Normal Config 50 Magnets Horizontal LP_2,legacy,,50,Normal,2,-,data_image10.png,10,100.0,692.9630327280111,702.2057623886858,471.2594201059693,451.80935222813844,1625.844999365594,1558.7422651870777,1625.9579649511209,1558.6244279667444,2.372137947083286,5801483.0,1.0,0.08308233263157755,174,False,1.6678728643902183,False,0,False,True,False,True,True
Normal Config 50 Magnets Horizontal LP_2,Normal Config 50 Magnets Horizontal LP_2,legacy,,50,Normal,2,-,data_image11.png,11,110.0,708.8165445933126,703.2295172186763,471.371464228068,451.0450103714911,1626.2315515868347,1556.1052857816444,1626.32857518993,1556.0038834574902,2.1520354688954852,5747364.0,1.0,0.07866401871844755,175,False,1.6661738781621283,False,0,False,True,False,True,True
Normal Config 50 Magnets Horizontal LP_2,Normal Config 50 Magnets Horizontal LP_2,legacy,,50,Normal,2,-,data_image12.png,12,120.0,720.8559922766322,701.4492716273247,470.5707633643258,452.0209482506079,1623.469133606924,1559.4722714645973,1623.694472185483,1559.2376516219947,3.4237563873975745,5700104.0,1.0,0.07381604494116462,167,False,1.6704872228337944,False,0,False,True,False,True,True
Normal Config 50 Magnets Horizontal LP_2,Normal Config 50 Magnets Horizontal LP_2,legacy,,50,Normal,2,-,data_image13.png,13,130.0,730.8800994885089,700.462003427858,472.86849398821886,454.5323734754845,1631.3963042593552,1568.1366884904216,1631.4188103967101,1568.1132741050858,1.091016986408982,5730109.0,1.0,0.06868467650942929,218,False,1.6656151412572393,False,0,False,True,False,True,True
Normal Config 50 Magnets Horizontal LP_2,Normal Config 50 Magnets Horizontal LP_2,legacy,,50,Normal,2,-,data_image14.png,14,140.0,745.221974637639,698.9662847924124,475.4865470160832,457.19035515317205,1640.428587205487,1577.3067252784438,1640.5204832438674,1577.2111461015315,-2.2047998312658468,5585521.0,1.0,0.05535723266511326,166,False,1.6624755147922121,False,0,False,True,False,True,True
Normal Config 50 Magnets Horizontal LP_2,Normal Config 50 Magnets Horizontal LP_2,legacy,,50,Normal,2,-,data_image15.png,15,150.0,751.6121527042566,687.4554481433297,478.64618328031565,461.0249786646292,1651.329332317089,1590.536176392971,1651.433956959864,1590.4275456572866,2.3956310334579554,5794809.0,1.0,0.05259534427105858,181,False,1.6985798462563526,False,0,False,True,False,True,True
Normal Config 50 Magnets Horizontal LP_2,Normal Config 50 Magnets Horizontal LP_2,legacy,,50,Normal,2,-,data_image16.png,16,160.0,768.9846704543611,687.2173448915859,486.9683168626144,463.9669221603379,1680.0406931760199,1600.6858814531658,1680.2133967797768,1600.5045963984685,-2.700116901990548,5670292.0,1.0,0.055069337808475935,186,False,1.6888295534079645,False,0,False,True,False,True,True
Normal Config 50 Magnets Horizontal LP_2,Normal Config 50 Magnets Horizontal LP_2,legacy,,50,Normal,2,-,data_image17.png,17,170.0,776.1314491444318,682.4483750707511,490.52624334789414,469.5867138664567,1692.315539550235,1620.0741628392757,1693.3254075115713,1619.0186048277376,-6.768680541040976,5743727.0,1.0,0.0550242806184878,195,False,1.6889340213041155,False,0,False,True,False,True,True
Normal Config 50 Magnets Horizontal LP_2,Normal Config 50 Magnets Horizontal LP_2,legacy,,50,Normal,2,-,data_image18.png,18,180.0,797.9417258703495,679.5207951979925,501.08514499340237,471.7525160628101,1728.7437502272383,1627.546180416695,1729.8663182660318,1626.352988827282,6.068323311990406,5557509.0,1.0,0.05237345897477534,179,False,1.693580401877083,False,1,False,True,False,True,True
Normal Config 50 Magnets Horizontal LP_2,Normal Config 50 Magnets Horizontal LP_2,legacy,,50,Normal,2,-,data_image19.png,19,190.0,821.2449317250316,669.2973372660188,510.4573763336557,479.5742044650929,1761.0779483511124,1654.5310054045706,1761.8452226659806,1653.7139412191832,4.907656391553962,5874188.0,1.0,0.058418620353881796,208,False,1.708593329232,False,1,False,True,False,True,True
Normal Config 50 Magnets Horizontal LP_2,Normal Config 50 Magnets Horizontal LP_2,legacy,,50,Normal,2,-,data_image20.png,20,200.0,818.5448111164666,656.9064996821671,517.5422654104292,485.92675226526177,1785.5208156659808,1676.4472953151533,1785.522168428937,1676.4458545371604,0.20492983749650578,5726280.0,1.0,0.05662686872740745,181,False,1.7372537258965304,False,1,False,True,False,True,True
Normal Config 50 Magnets Horizontal LP_2,Normal Config 50 Magnets Horizontal LP_2,legacy,,50,Normal,2,-,data_image21.png,21,210.0,825.9302047321476,657.772501400812,528.127777807095,494.9832588668056,1822.0408334344777,1707.6922430904795,1822.2376453095062,1707.4822282620878,2.411712832655987,5641371.0,1.0,0.060800512830160754,182,False,1.7019306332598811,False,1,False,True,False,True,True
Normal Config 50 Magnets Horizontal LP_2,Normal Config 50 Magnets Horizontal LP_2,legacy,,50,Normal,2,-,data_image22.png,22,220.0,826.0430039286474,656.9148222949332,536.7900453978357,509.82715259365415,1851.925656622533,1758.9036764481068,1852.1087299147202,1758.7109009877518,-2.570082090383198,5677272.0,1.0,0.0752267635933461,170,False,1.6556803661181743,False,0,False,True,False,True,True
Normal Config 50 Magnets Horizontal LP_2,Normal Config 50 Magnets Horizontal LP_2,legacy,,50,Normal,2,-,data_image23.png,23,230.0,843.6426985271773,648.2625613883137,544.0808082490379,518.9313763096949,1877.0787884591807,1790.3132482684475,1877.0817871448423,1790.3101042495496,0.34078417279867657,6038405.0,1.0,0.06565347450449874,166,False,1.6599654021477068,False,0,False,True,False,True,True
Normal Config 50 Magnets Horizontal LP_2,Normal Config 50 Magnets Horizontal LP_2,legacy,,50,Normal,2,-,data_image24.png,24,240.0,842.1527694043931,644.807394257877,556.1642958376513,529.9361286719502,1918.7668206398969,1828.2796439182282,1918.8547843766817,1828.1873221387962,1.8063731688346598,5737425.0,1.0,0.06767997540270003,139,False,1.6385292822628814,False,0,False,True,False,True,True
Normal Config 50 Magnets Horizontal LP_2,Normal Config 50 Magnets Horizontal LP_2,legacy,,50,Normal,2,-,data_image25.png,25,250.0,843.3541899056135,639.6496033110705,567.9497701971185,534.7986017363072,1959.4267071800589,1845.0551759902598,1959.73281253088,1844.7300416995283,3.0015971702679747,5801145.0,1.0,0.0752254107066073,156,False,1.6428230500154783,False,1,False,True,False,True,True
Normal Config 50 Magnets Horizontal LP_2,Normal Config 50 Magnets Horizontal LP_2,legacy,,50,Normal,2,-,data_image26.png,26,260.0,860.5251564201617,631.9299353821101,582.39139928019,548.6028180044462,2009.2503275166555,1892.6797221153397,2009.2525950369995,1892.677314934976,-0.2564418238385412,5785859.0,1.0,0.07981794195390703,155,False,1.6294863671787292,False,1,False,True,False,True,True
Normal Config 50 Magnets Horizontal LP_2,Normal Config 50 Magnets Horizontal LP_2,legacy,,50,Normal,2,-,data_image27.png,27,270.0,924.3869664849374,609.790134038581,596.9371884960606,563.8687779459794,2059.433300311409,1945.347283913629,2059.6407627321546,1945.1276312761038,-2.4740631186953306,5906956.0,1.0,0.06980686408680677,156,False,1.6639569818694953,False,1,False,True,False,True,True
Normal Config 50 Magnets Horizontal LP_2,Normal Config 50 Magnets Horizontal LP_2,legacy,,50,Normal,2,-,data_image28.png,28,280.0,913.5781460117643,600.3262586529625,604.7428279390425,579.9291620373687,2086.3627563896966,2000.755609028922,2086.3805262263763,2000.7370787022608,-0.8339401437950335,5760166.0,1.0,0.06710191831231631,136,False,1.6504205450482203,False,0,False,True,False,True,True
Normal Config 50 Magnets Horizontal LP_2,Normal Config 50 Magnets Horizontal LP_2,legacy,,50,Normal,2,-,data_image29.png,29,290.0,927.5678392492414,589.7009703322796,617.8130205360868,595.4472977720042,2131.4549208494996,2054.2931773134146,2135.1954196089114,2050.405096084946,-12.243029113008411,5755245.0,1.0,0.06931468950520811,134,False,1.6440460251610518,False,1,False,True,False,True,True
Normal Config 50 Magnets Horizontal LP_3,Normal Config 50 Magnets Horizontal LP_3,legacy,,50,Normal,3,-,data_image01.png,1,10.0,614.4567211008746,668.68569037603,516.8114257625448,491.1270698352278,1782.9994188807796,1694.3883909315362,1787.4802205203564,1689.6607376338175,-12.525781861248737,7141159.0,1.0,0.12243363842526937,210,False,1.6713646427854505,False,1,False,True,False,True,True
Normal Config 50 Magnets Horizontal LP_3,Normal Config 50 Magnets Horizontal LP_3,legacy,,50,Normal,3,-,data_image02.png,2,20.0,601.013525398396,680.9656942483032,514.5915981299853,479.1067083489347,1775.3410135484494,1652.918143803825,1775.6165239323295,1652.6221783703586,-2.7609233108065068,6855177.0,1.0,0.12559429206810968,191,False,1.6616433603227851,False,0,False,True,False,True,True
Normal Config 50 Magnets Horizontal LP_3,Normal Config 50 Magnets Horizontal LP_3,legacy,,50,Normal,3,-,data_image03.png,3,30.0,619.0526069152672,696.4498386653296,508.2824165778024,470.81404120895127,1753.5743371934184,1624.308442170882,1753.7393040178722,1624.130328795643,-2.083363095478708,6924736.0,1.0,0.13036083039842683,200,False,1.6250533637793987,False,0,False,True,False,True,True
Normal Config 50 Magnets Horizontal LP_3,Normal Config 50 Magnets Horizontal LP_3,legacy,,50,Normal,3,-,data_image04.png,4,40.0,653.0190512314337,681.309365275036,500.0375450947533,466.6817504308226,1725.129530576899,1610.0520389863382,1726.0769632402225,1609.0362899835259,-5.251299374397135,6960180.0,1.0,0.09989453034245743,214,False,1.7042898238762145,False,0,False,True,False,True,True
Normal Config 50 Magnets Horizontal LP_3,Normal Config 50 Magnets Horizontal LP_3,legacy,,50,Normal,3,-,data_image05.png,5,50.0,666.2888164216304,684.6440810653382,493.26323813473203,458.96490149208785,1701.7581715648257,1583.4289101477032,1701.8421156604209,1583.3386881345587,-1.5523692349664975,6712610.0,1.0,0.09051742081277184,250,False,1.7183476799440418,False,0,False,True,False,True,True
Normal Config 50 Magnets Horizontal LP_3,Normal Config 50 Magnets Horizontal LP_3,legacy,,50,Normal,3,-,data_image06.png,6,60.0,675.9723978281828,692.3814750277813,489.90224755336885,443.92345825718195,1690.1627540591226,1531.5359309872779,1690.6191848580206,1531.032075073474,-3.1404942244493492,6849932.0,1.0,0.10375456002355968,240,False,1.7416926981521468,False,1,False,True,False,True,True
Normal Config 50 Magnets Horizontal LP_3,Normal Config 50 Magnets Horizontal LP_3,legacy,,50,Normal,3,-,data_image07.png,7,70.0,686.0091750668765,695.8990744089796,483.8225826496687,447.1431512801491,1669.187910141357,1542.6438719165144,1669.2333993909185,1542.5946496994877,-1.1071721904733005,6914609.0,1.0,0.10147273587771394,201,False,1.7134722871531276,False,0,False,True,False,True,True
Normal Config 50 Magnets Horizontal LP_3,Normal Config 50 Magnets Horizontal LP_3,legacy,,50,Normal,3,-,data_image08.png,8,80.0,694.104998208466,697.4716975646022,476.4200687287655,440.1895166959073,1643.649237114241,1518.6538326008802,1643.6544363921073,1518.6482053682194,0.37674686101011756,6706543.0,1.0,0.09570330566285115,205,False,1.7334353447795492,False,0,False,True,False,True,True
Normal Config 50 Magnets Horizontal LP_3,Normal Config 50 Magnets Horizontal LP_3,legacy,,50,Normal,3,-,data_image09.png,9,90.0,707.1576799882538,697.8636471905921,471.51582311548856,438.4860908671361,1626.7295897484355,1512.7770134916198,1626.7432888936587,1512.762282300554,-0.6394478113699369,6851586.0,1.0,0.09004300664620939,238,False,1.7383579251661847,False,0,False,True,False,True,True
Normal Config 50 Magnets Horizontal LP_3,Normal Config 50 Magnets Horizontal LP_3,legacy,,50,Normal,3,-,data_image10.png,10,100.0,709.9353468083582,699.4726727065416,468.0939070819404,434.6828633146396,1614.9239794326945,1499.6558784355066,1614.9472926161504,1499.6307729386815,0.8296326444088951,6543513.0,1.0,0.09001367754650114,220,False,1.746099314124926,False,0,False,True,False,True,True
Normal Config 50 Magnets Horizontal LP_3,Normal Config 50 Magnets Horizontal LP_3,legacy,,50,Normal,3,-,data_image11.png,11,110.0,728.1002727346131,697.406385787895,468.76225858706994,435.18067600602046,1617.2297921253914,1501.3733322207706,1617.3392242717434,1501.255446908924,-1.7918797763808254,6687820.0,1.0,0.08289637256460373,224,False,1.7536494580082798,False,0,False,True,False,True,True
Normal Config 50 Magnets Horizontal LP_3,Normal Config 50 Magnets Horizontal LP_3,legacy,,50,Normal,3,-,data_image12.png,12,120.0,740.9724289601361,694.87685921479,469.4514519404617,435.18869932780865,1619.607509194593,1501.4010126809399,1619.6927802866148,1501.309022888453,-1.566787895145395,6572331.0,1.0,0.08484120669609421,214,False,1.7652632151761256,False,0,False,True,False,True,True
Normal Config 50 Magnets Horizontal LP_3,Normal Config 50 Magnets Horizontal LP_3,legacy,,50,Normal,3,-,data_image13.png,13,130.0,751.1903089933681,692.603417521085,469.98390113588135,437.369380329098,1621.4444589187908,1508.9243621353883,1621.5465730320184,1508.81462595385,1.7554384586606326,6558555.0,1.0,0.08422620333673174,199,False,1.7668789258737385,False,0,False,True,False,True,True
Normal Config 50 Magnets Horizontal LP_3,Normal Config 50 Magnets Horizontal LP_3,legacy,,50,Normal,3,-,data_image14.png,14,140.0,762.6681117005501,692.251671255871,475.5638163802414,438.9088602157244,1640.695166511833,1514.2355677442492,1640.8246482468483,1514.0952604584186,1.868136119082241,6793843.0,1.0,0.0827759287807488,211,False,1.762270652663249,False,0,False,True,False,True,True
Normal Config 50 Magnets Horizontal LP_3,Normal Config 50 Magnets Horizontal LP_3,legacy,,50,Normal,3,-,data_image15.png,15,150.0,772.5813353238183,680.8402771527527,477.9413470548528,445.2998972778196,1648.8976473392424,1536.2846456084776,1649.0208451941244,1536.1524064520781,-1.9265186281196691,6855281.0,1.0,0.065022607708742,196,False,1.7882885977942728,False,0,False,True,False,True,True
Normal Config 50 Magnets Horizontal LP_3,Normal Config 50 Magnets Horizontal LP_3,legacy,,50,Normal,3,-,data_image16.png,16,160.0,796.4155784138427,676.8501223035994,483.96544666693234,451.4933453419217,1669.6807910009165,1557.6520414296301,1669.6812692600545,1557.6515287731959,0.12041977295302081,7008788.0,1.0,0.06449433629513131,225,False,1.7814091186913152,False,0,False,True,False,True,True
Normal Config 50 Magnets Horizontal LP_3,Normal Config 50 Magnets Horizontal LP_3,legacy,,50,Normal,3,-,data_image17.png,17,170.0,803.1176550325685,677.3646729230917,491.71411113233285,454.8987405255115,1696.4136834065484,1569.4006548130149,1696.4231865570728,1569.3903825014481,-0.5051145919450848,7030426.0,1.0,0.06540791651424505,224,False,1.7657900968466542,False,0,False,True,False,True,True
Normal Config 50 Magnets Horizontal LP_3,Normal Config 50 Magnets Horizontal LP_3,legacy,,50,Normal,3,-,data_image18.png,18,180.0,827.261009868443,668.2858334268037,501.2234544272144,458.40467768353375,1729.2209177738898,1581.4961380081916,1729.4794237873111,1581.213439007495,2.4460546015260345,6900582.0,1.0,0.06977725499393822,196,False,1.7919033232184252,False,1,False,True,False,True,True
Normal Config 50 Magnets Horizontal LP_3,Normal Config 50 Magnets Horizontal LP_3,legacy,,50,Normal,3,-,data_image19.png,19,190.0,832.358995303651,665.2495052010439,506.46686026935043,470.03737124071773,1747.3106679292591,1621.6289307804764,1747.332909283273,1621.6049653165464,0.7761676952072097,7073580.0,1.0,0.0859024446718222,180,False,1.7604719082807314,False,0,False,True,False,True,True
Normal Config 50 Magnets Horizontal LP_3,Normal Config 50 Magnets Horizontal LP_3,legacy,,50,Normal,3,-,data_image20.png,20,200.0,845.3284059477207,657.9635647586585,513.7370752966337,474.68355741076135,1772.3929097733865,1637.6582730671269,1773.4736792018905,1636.487810873728,5.196768361367995,6804758.0,1.0,0.06861746344484294,249,False,1.7738680628832684,False,1,False,True,False,True,True
Normal Config 50 Magnets Horizontal LP_3,Normal Config 50 Magnets Horizontal LP_3,legacy,,50,Normal,3,-,data_image21.png,21,210.0,841.4978735146086,657.2110193095479,522.4120128149921,488.29669907914126,1802.3214442117228,1684.6236118230374,1803.2198485957397,1683.6619255086468,5.057082472495922,6940090.0,1.0,0.0835186430914618,205,False,1.7274659298418582,False,0,False,True,False,True,True
Normal Config 50 Magnets Horizontal LP_3,Normal Config 50 Magnets Horizontal LP_3,legacy,,50,Normal,3,-,data_image22.png,22,220.0,843.3825964009922,648.7652343041078,533.3366295718789,500.08200648236004,1840.0113720229824,1725.2829223641422,1840.2914603890915,1724.9841599835745,2.8702428869862118,7108070.0,1.0,0.08599911889171102,249,False,1.7205574123290344,False,0,False,True,False,True,True
Normal Config 50 Magnets Horizontal LP_3,Normal Config 50 Magnets Horizontal LP_3,legacy,,50,Normal,3,-,data_image23.png,23,230.0,857.8954770407345,641.8225859294597,533.507956491543,502.9230729685936,1840.6024498958236,1735.084601741648,1858.098872162448,1716.3346221037784,20.938473112796917,6827897.0,1.0,0.0785225393941644,203,False,1.7382169208527454,False,2,False,True,False,True,True
Normal Config 50 Magnets Horizontal LP_3,Normal Config 50 Magnets Horizontal LP_3,legacy,,50,Normal,3,-,data_image24.png,24,240.0,867.7999198997296,637.6316070450137,549.5805843965546,518.9417298958224,1896.0530161681136,1790.3489681405874,1897.2345457586712,1789.0968521078328,6.086733148921824,6823947.0,1.0,0.08302979555805542,197,False,1.700818413919337,False,0,False,True,False,True,True
Normal Config 50 Magnets Horizontal LP_3,Normal Config 50 Magnets Horizontal LP_3,legacy,,50,Normal,3,-,data_image25.png,25,250.0,886.5101419795637,627.9631326699699,552.5653240112754,529.1767812140389,1906.3503678389002,1825.6598951884343,1918.4300272755386,1812.962219216532,20.037660595859542,6993753.0,1.0,0.08620573504136887,186,False,1.7045566058245147,False,1,False,True,False,True,True
Normal Config 50 Magnets Horizontal LP_3,Normal Config 50 Magnets Horizontal LP_3,legacy,,50,Normal,3,-,data_image27.png,27,270.0,883.3583082741463,631.2744551733599,565.6767111599613,541.1458203996319,1951.5846535018666,1866.9530803787302,1965.0080582291282,1852.8194178640895,20.508765338271203,6793583.0,1.0,0.1200030401841061,194,False,1.654480289562492,False,1,False,True,False,True,True
Normal Config 50 Magnets Horizontal LP_3,Normal Config 50 Magnets Horizontal LP_3,legacy,,50,Normal,3,-,data_image28.png,28,280.0,895.3784504574761,621.8978083272127,577.2196521911269,552.2576059355481,1991.407800059388,1905.288740477641,2005.9263274977504,1889.9972961302446,21.005876856035066,7273166.0,1.0,0.11188706912763631,209,False,1.655214263133127,False,1,False,True,False,True,True
Normal Config 50 Magnets Horizontal LP_3,Normal Config 50 Magnets Horizontal LP_3,legacy,,50,Normal,3,-,data_image29.png,29,290.0,885.8880825640628,617.8571232097758,592.5052116039245,542.6015626283537,2044.1429800335397,1871.9753910678203,2066.8665586470047,1846.8554400197675,19.23105994891958,6914776.0,1.0,0.10914715384673934,186,False,1.6992771011945693,False,2,False,True,False,True,False
Normal Config 50 Magnets Horizontal LP_3,Normal Config 50 Magnets Horizontal LP_3,legacy,,50,Normal,3,-,data_image30.png,30,300.0,904.4864808702715,577.7173023536396,603.5202902258255,575.9875388026597,2082.1450012790983,1987.1570088691763,2089.235834558656,1979.700586413366,14.92859200005401,6799809.0,1.0,0.10336971573546545,177,False,1.7404281106925321,False,2,False,True,False,True,True
mutliMode_50um/No Magnets 1,mutliMode_50um / No Magnets 1,legacy,,0,Baseline,1,-,image_01.png,1,10.0,793.1184182607881,525.1220819442387,494.00513685916195,477.74817102698603,1704.3177221641088,1648.2311900431018,1715.7178373634495,1636.3609798777422,22.509889536293986,4962765.0,1.0,0.03534378891797353,136,False,2.198300185584232,False,0,False,True,False,True,True
mutliMode_50um/No Magnets 1,mutliMode_50um / No Magnets 1,legacy,,0,Baseline,1,-,image_02.png,2,20.0,792.3935256744786,527.4963277231565,495.2452387610564,477.67423996557096,1708.5960737256446,1647.97612788122,1716.1795939484955,1640.07727334167,18.59510178121411,5022361.0,1.0,0.03347000607733108,149,False,2.208560177918535,False,0,False,True,False,True,True
mutliMode_50um/No Magnets 1,mutliMode_50um / No Magnets 1,legacy,,0,Baseline,1,-,image_03.png,3,30.0,793.8596878166583,533.3443466537944,489.89674222959934,473.40814630812804,1690.143760692118,1633.2581047630417,1698.6046278814192,1624.456920549291,19.945214349248168,4990593.0,1.0,0.036117141971948125,141,False,2.2531900233596867,False,0,False,True,False,True,True
mutliMode_50um/No Magnets 1,mutliMode_50um / No Magnets 1,legacy,,0,Baseline,1,-,image_04.png,4,40.0,785.3777640619918,537.3932314953057,486.2901365200227,470.88438012449603,1677.7009709940785,1624.5511114295114,1684.5065327344748,1617.4933084548488,18.757895695931598,4949690.0,1.0,0.03637205756313081,163,False,2.2824659675009324,False,0,False,True,False,True,True
mutliMode_50um/No Magnets 1,mutliMode_50um / No Magnets 1,legacy,,0,Baseline,1,-,image_05.png,5,50.0,774.9151718501819,540.2136016380045,477.8031970842468,458.217458578482,1648.4210299406516,1580.850232095763,1651.992610212578,1577.1175492241728,12.756183480169152,5096445.0,1.0,0.033194509159575156,223,False,2.3516205465847055,False,0,False,True,False,True,False
mutliMode_50um/No Magnets 1,mutliMode_50um / No Magnets 1,legacy,,0,Baseline,1,-,image_06.png,6,60.0,770.6930553256783,532.2312295179327,465.54067442041776,464.0379485482168,1606.1153267504415,1600.930922491348,1636.1969489712137,1570.1738138145622,42.74765793014622,5135590.0,1.0,0.033608675166712815,220,False,2.293908028928392,False,0,False,True,False,True,True
mutliMode_50um/No Magnets 1,mutliMode_50um / No Magnets 1,legacy,,0,Baseline,1,-,image_07.png,7,70.0,763.5070703372895,537.5112352397495,464.87710055149785,463.9796102707027,1603.8259969026676,1600.7296554339246,1636.4584454208748,1567.3535065635772,43.715663898580225,4971545.0,1.0,0.03643498742106446,206,False,2.3169723850930573,False,0,False,True,False,True,True
mutliMode_50um/No Magnets 1,mutliMode_50um / No Magnets 1,legacy,,0,Baseline,1,-,image_08.png,8,80.0,774.3928199582268,537.977966978017,459.71875736220187,460.97156506979337,1586.0297128995965,1590.3518994907872,1554.0538719203794,1621.6121538714517,46.83447690459657,5063536.0,1.0,0.03605424610306895,227,False,2.3341129026524423,False,0,False,True,False,True,True
mutliMode_50um/No Magnets 1,mutliMode_50um / No Magnets 1,legacy,,0,Baseline,1,-,image_09.png,9,90.0,772.8392743334381,541.3743514660778,458.57693213295005,459.9481533293196,1582.0904158586777,1586.8211289861526,1546.2923275892163,1621.7248277644076,46.79832673213793,5119817.0,1.0,0.036684948340423865,212,False,2.337751390406128,False,0,False,True,False,True,True
mutliMode_50um/No Magnets 1,mutliMode_50um / No Magnets 1,legacy,,0,Baseline,1,-,image_10.png,10,100.0,770.7376581505448,541.385377904763,456.4015414426348,458.7560512425069,1574.5853179770902,1582.7083767866488,1538.8784412547768,1617.4479505013176,47.968031341070166,5055705.0,1.0,0.03761601025805155,165,False,2.3437875042825724,False,0,False,True,False,True,True
mutliMode_50um/No Magnets 1,mutliMode_50um / No Magnets 1,legacy,,0,Baseline,1,-,image_11.png,11,110.0,764.8488114524343,539.0708791395867,455.34136358627757,456.5698362502958,1570.9277043726577,1575.1659350635205,1527.730359372593,1617.0966342186764,46.35969507915832,5051712.0,1.0,0.03699914475643508,176,False,2.361393117681604,False,0,False,True,False,True,True
mutliMode_50um/No Magnets 1,mutliMode_50um / No Magnets 1,legacy,,0,Baseline,1,-,image_12.png,12,120.0,760.642435208968,540.3205585375924,451.9358691630178,457.1632349649684,1559.1787486124115,1577.2131606291412,1522.0167333683798,1613.1040845317384,50.7120770053871,5035149.0,1.0,0.03649719449368154,168,False,2.356612918404852,False,0,False,True,False,True,True
mutliMode_50um/No Magnets 1,mutliMode_50um / No Magnets 1,legacy,,0,Baseline,1,-,image_13.png,13,130.0,781.9468654233833,548.9040090066474,450.3395122493446,456.6274833298225,1553.671317260239,1575.3648174878876,1523.5489221518174,1604.5147403703863,52.773160958850156,4997198.0,1.0,0.034751780996852645,201,False,2.3217633026135216,False,0,False,True,False,True,True
mutliMode_50um/No Magnets 1,mutliMode_50um / No Magnets 1,legacy,,0,Baseline,1,-,image_14.png,14,140.0,775.9528508685942,549.1553726788957,450.86555077161984,458.418719298134,1555.4861501620885,1581.5445815785624,1523.1883937800114,1612.6740352347883,53.46822601047457,4845646.0,1.0,0.03527800556234888,240,False,2.3116005266724664,False,0,False,True,False,True,True
mutliMode_50um/No Magnets 1,mutliMode_50um / No Magnets 1,legacy,,0,Baseline,1,-,image_15.png,15,150.0,772.1616279771172,549.6348426849607,448.2617760523242,458.3582200574428,1546.5031273805187,1581.3358591981778,1513.9322627488089,1612.5458524928943,55.347040575540525,4907096.0,1.0,0.03547320890184441,218,False,2.3098193877638256,False,0,False,True,False,True,True
mutliMode_50um/No Magnets 1,mutliMode_50um / No Magnets 1,legacy,,0,Baseline,1,-,image_16.png,16,160.0,739.7191950047168,550.7787633080275,449.0115511636763,457.45389814991114,1549.0898515146832,1578.2159486171936,1518.5132865791807,1607.6574097169917,54.53881866394511,4897420.0,1.0,0.03481765966684013,186,False,2.30939368894702,False,0,False,True,False,True,True
mutliMode_50um/No Magnets 1,mutliMode_50um / No Magnets 1,legacy,,0,Baseline,1,-,image_18.png,18,180.0,742.5770613351152,557.598962508682,449.2521433273759,462.23246636677976,1549.9198944794468,1594.7020089653902,1528.5435254983108,1615.2030421462887,60.56237707033155,5004572.0,1.0,0.03441955924652427,183,False,2.2560056427432515,False,0,False,True,False,True,True
mutliMode_50um/No Magnets 1,mutliMode_50um / No Magnets 1,legacy,,0,Baseline,1,-,image_19.png,19,190.0,732.5807760933468,556.8034571592483,448.8085280015437,464.02518479279837,1548.3894216053259,1600.8868875351545,1525.5586391279637,1622.6581482873423,61.37036201327755,5063695.0,1.0,0.0327039570364393,196,False,2.250717894235497,False,0,False,True,False,True,True
mutliMode_50um/No Magnets 1,mutliMode_50um / No Magnets 1,legacy,,0,Baseline,1,-,image_20.png,20,200.0,762.0088852313097,560.5005589136501,449.78025298076847,467.0730628853398,1551.7418727836514,1611.4020669544225,1528.3267564084654,1633.6268811393493,62.26320867613229,4913997.0,1.0,0.03579707335429333,192,False,2.2201991589443133,False,0,False,True,False,True,True
mutliMode_50um/No Magnets 1,mutliMode_50um / No Magnets 1,legacy,,0,Baseline,1,-,image_21.png,21,210.0,761.2257579207031,561.7179643682841,448.2639388733611,470.48893489045935,1546.5105891130959,1623.1868253720847,1518.1011323217806,1649.787690687432,62.81665619768636,5011771.0,1.0,0.03724773426543981,185,False,2.198906760130215,False,0,False,True,False,True,True
mutliMode_50um/No Magnets 1,mutliMode_50um / No Magnets 1,legacy,,0,Baseline,1,-,image_22.png,22,220.0,758.8768888450732,562.499084635657,450.5115247489337,471.6093128527208,1554.2647603838213,1627.0521293418867,1530.1797831883073,1649.723433818145,63.763947124285174,5000741.0,1.0,0.03637085401228618,176,False,2.1903699975956585,False,0,False,True,False,True,True
mutliMode_50um/No Magnets 1,mutliMode_50um / No Magnets 1,legacy,,0,Baseline,1,-,image_23.png,23,230.0,756.6671831465818,563.9533195212545,453.0893331481767,472.563900376335,1563.1581993612097,1630.3454562983559,1543.3199801849205,1649.1371385863856,64.7153848702575,4921779.0,1.0,0.035473509004408973,180,False,2.179796299198845,False,0,False,True,False,True,True
mutliMode_50um/No Magnets 1,mutliMode_50um / No Magnets 1,legacy,,0,Baseline,1,-,image_24.png,24,240.0,718.6786139211636,570.2912756284588,456.56575916711233,476.6162577325305,1575.1518691265376,1644.3260891772304,1564.5378589821894,1654.4282958693427,70.1617557787492,5081558.0,1.0,0.034219159595292044,148,False,2.1346662709646282,False,0,False,True,False,True,True
mutliMode_50um/No Magnets 1,mutliMode_50um / No Magnets 1,legacy,,0,Baseline,1,-,image_25.png,25,250.0,720.0449418223114,571.4600733262863,455.6310013962347,477.31733179509183,1571.9269548170098,1646.744794693067,1563.6681539234605,1654.5889744992821,72.69292368796944,5089580.0,1.0,0.03637115841606786,147,False,2.1266304806102623,False,0,False,True,False,True,True
mutliMode_50um/No Magnets 1,mutliMode_50um / No Magnets 1,legacy,,0,Baseline,1,-,image_26.png,26,260.0,743.5308370910067,571.1085971706365,461.13669125988747,481.2040387853023,1590.921584846612,1660.153933809293,1581.1692757604424,1669.4449060884053,70.83196635652438,5061421.0,1.0,0.03553773406235719,149,False,2.1109123527995877,False,0,False,True,False,True,True
mutliMode_50um/No Magnets 1,mutliMode_50um / No Magnets 1,legacy,,0,Baseline,1,-,image_27.png,27,270.0,748.981976745793,564.3939431031222,461.1758214183879,483.65084962166856,1591.0565838934383,1668.5954311947567,1584.0615634889105,1675.2375142742424,74.13429999240516,5065234.0,1.0,0.03566794027038942,159,False,2.128012284559466,False,0,False,True,False,True,True
mutliMode_50um/No Magnets 1,mutliMode_50um / No Magnets 1,legacy,,0,Baseline,1,-,image_28.png,28,280.0,745.8330755220873,568.9522294704334,469.4327665972341,490.04397348558143,1619.5430447604576,1690.651708525256,1613.4299236786117,1696.4865913851993,74.44729617997604,5138126.0,1.0,0.03998822885696996,153,False,2.0816321532432647,False,0,False,True,False,True,True
mutliMode_50um/No Magnets 1,mutliMode_50um / No Magnets 1,legacy,,0,Baseline,1,-,image_29.png,29,290.0,745.878147972717,569.6882527472527,471.4757646018359,493.33097627395284,1626.591387876334,1701.9918681451375,1615.9480222861348,1712.1004210078224,70.82812155474035,5278000.0,1.0,0.03674856546277389,159,False,2.064769011061705,False,0,False,True,False,True,True
mutliMode_50um/No Magnets 1,mutliMode_50um / No Magnets 1,legacy,,0,Baseline,1,-,image_30.png,30,300.0,742.3407099713455,567.8858529267278,475.07033334334477,491.36633942007285,1638.9926500345396,1695.2138709992514,1629.962700285817,1703.8980518131004,69.75368113174912,5141954.0,1.0,0.03624497308283054,154,False,2.080375789050321,False,0,False,True,False,True,False
mutliMode_50um/Normal Config 50 Magnets (Horizontal),mutliMode_50um / Normal Config 50 Magnets (Horizontal),legacy,,50,Normal,1,-,image_01.png,1,10.0,782.3011713982331,525.6935234100084,498.91279369958517,481.1898955465817,1721.249138263569,1660.1051396357068,1728.8435888575566,1652.194757249911,-18.540185716890424,5986777.0,1.0,0.043774676765446593,255,True,2.184930139272068,False,1,False,True,False,False,True
mutliMode_50um/Normal Config 50 Magnets (Horizontal),mutliMode_50um / Normal Config 50 Magnets (Horizontal),legacy,,50,Normal,1,-,image_02.png,2,20.0,781.388269477574,530.7789153948067,502.719633667711,469.40699847918955,1734.382736153603,1619.454144753204,1735.1054945913663,1618.6797475303263,-4.596483741246365,5784704.0,1.0,0.03736859895962397,228,False,2.2614579210437884,False,1,False,True,False,True,True
mutliMode_50um/Normal Config 50 Magnets (Horizontal),mutliMode_50um / Normal Config 50 Magnets (Horizontal),legacy,,50,Normal,1,-,image_03.png,3,30.0,775.0427217968182,532.3758029579693,499.22748352689894,467.28892623368046,1722.3348181678014,1612.1467955061976,1723.3192979590754,1611.0943837701925,-5.463435695626236,5797626.0,1.0,0.040502314726902716,240,False,2.2785413001160797,False,1,False,True,False,True,True
mutliMode_50um/Normal Config 50 Magnets (Horizontal),mutliMode_50um / Normal Config 50 Magnets (Horizontal),legacy,,50,Normal,1,-,image_04.png,4,40.0,770.820946117075,535.7187774705495,492.77085006296846,470.4944875911474,1700.0594327172412,1623.2059821894586,1700.3283627113271,1622.9242725235001,-3.418223849054492,6021221.0,1.0,0.04084059700844594,246,False,2.2771970550285876,False,0,False,True,False,True,True
mutliMode_50um/Normal Config 50 Magnets (Horizontal),mutliMode_50um / Normal Config 50 Magnets (Horizontal),legacy,,50,Normal,1,-,image_05.png,5,50.0,772.0360062010113,541.1602009421028,490.65692371673805,467.79035174475683,1692.7663868227464,1613.8767135194112,1694.0878359697801,1612.4895320021085,-7.3998724180484965,5890652.0,1.0,0.038220920791084786,228,False,2.299472613605358,False,0,False,True,False,True,True
mutliMode_50um/Normal Config 50 Magnets (Horizontal),mutliMode_50um / Normal Config 50 Magnets (Horizontal),legacy,,50,Normal,1,-,image_06.png,6,60.0,770.1317756384886,542.1427826405771,488.6133787358906,463.22943302171063,1685.7161566388227,1598.1415439249017,1686.1235941333016,1597.711670007711,-3.944423992247563,5836830.0,1.0,0.037430448388784766,218,False,2.31787575189032,False,0,False,True,False,True,True
mutliMode_50um/Normal Config 50 Magnets (Horizontal),mutliMode_50um / Normal Config 50 Magnets (Horizontal),legacy,,50,Normal,1,-,image_07.png,7,70.0,764.1458147290044,545.5746830919743,484.4364597567413,462.6826174258116,1671.3057861607576,1596.2550301190502,1672.094827319601,1595.4284817834462,-5.890065888093771,5831976.0,1.0,0.038582371552281405,191,False,2.305755038971877,False,0,False,True,False,True,True
mutliMode_50um/Normal Config 50 Magnets (Horizontal),mutliMode_50um / Normal Config 50 Magnets (Horizontal),legacy,,50,Normal,1,-,image_08.png,8,80.0,771.9167454011721,548.6537008910473,482.8952722222781,459.41813590364086,1665.9886891668596,1584.992568867561,1666.4677722114855,1584.4888513264427,-4.4390307152331285,5776798.0,1.0,0.037246190878156483,197,False,2.308752672861361,False,0,False,True,False,True,True
mutliMode_50um/Normal Config 50 Magnets (Horizontal),mutliMode_50um / Normal Config 50 Magnets (Horizontal),legacy,,50,Normal,1,-,image_09.png,9,90.0,769.797782705023,551.0418495349878,480.73290627179153,458.7128466523577,1658.528526637681,1582.5593209506342,1658.8362049415502,1582.2368100805284,-3.6762804674671097,5779204.0,1.0,0.0402163205202453,188,False,2.301894693079652,False,0,False,True,False,True,True
mutliMode_50um/Normal Config 50 Magnets (Horizontal),mutliMode_50um / Normal Config 50 Magnets (Horizontal),legacy,,50,Normal,1,-,image_10.png,10,100.0,761.3992758354624,556.5502445035495,477.0014655850389,458.5994721057201,1645.6550562683842,1582.1681787647344,1647.1357453247983,1580.6266309887158,-8.667683619756534,5815253.0,1.0,0.03767619224107793,202,False,2.278444948969653,False,0,False,True,False,True,True
mutliMode_50um/Normal Config 50 Magnets (Horizontal),mutliMode_50um / Normal Config 50 Magnets (Horizontal),legacy,,50,Normal,1,-,image_11.png,11,110.0,749.1243365103395,558.6994571066017,473.49991470566533,455.2110202989769,1633.5747057345454,1570.4780200314704,1633.7755460350086,1570.269083882022,-3.2555275996878086,5767799.0,1.0,0.040785281979780486,210,False,2.2859603698964994,False,0,False,True,False,True,True
mutliMode_50um/Normal Config 50 Magnets (Horizontal),mutliMode_50um / Normal Config 50 Magnets (Horizontal),legacy,,50,Normal,1,-,image_12.png,12,120.0,755.9196893704315,561.9988006870492,472.458414937749,452.82196779720533,1629.9815315352341,1562.2357889003586,1630.18703801624,1562.021342476124,-3.18089978487239,5722443.0,1.0,0.03804022532231381,210,False,2.2834283567625024,False,0,False,True,False,True,True
mutliMode_50um/Normal Config 50 Magnets (Horizontal),mutliMode_50um / Normal Config 50 Magnets (Horizontal),legacy,,50,Normal,1,-,image_13.png,13,130.0,747.7511529403824,563.8776061444222,468.94550016492065,450.8184211305232,1617.8619755689763,1555.323552900305,1617.8623179630858,1555.3231967387003,0.1353780689325634,5689583.0,1.0,0.03743076806582625,209,False,2.285252433331683,False,0,False,True,False,True,True
mutliMode_50um/Normal Config 50 Magnets (Horizontal),mutliMode_50um / Normal Config 50 Magnets (Horizontal),legacy,,50,Normal,1,-,image_14.png,14,140.0,748.2017014857512,565.4943355051025,468.90077792737327,450.2971827194132,1617.707683849438,1553.5252803819756,1618.1365080855828,1553.0786162883085,-4.704151298051388,5731579.0,1.0,0.03737080046386105,206,False,2.280716867574119,False,0,False,True,False,True,True
mutliMode_50um/Normal Config 50 Magnets (Horizontal),mutliMode_50um / Normal Config 50 Magnets (Horizontal),legacy,,50,Normal,1,-,image_15.png,15,150.0,734.0318820608491,568.2255629017192,467.773869511332,449.04221361859703,1613.8198498140955,1549.1956369841598,1613.905775320924,1549.106122152551,-2.1081098041128246,5683541.0,1.0,0.0371220990426387,221,False,2.274923913993987,False,0,False,True,False,True,True
mutliMode_50um/Normal Config 50 Magnets (Horizontal),mutliMode_50um / Normal Config 50 Magnets (Horizontal),legacy,,50,Normal,1,-,image_16.png,16,160.0,735.8840296926347,570.3672247934412,468.71095187339085,448.70221624380434,1617.0527839631986,1548.022646041125,1617.0731113553773,1548.0014119214286,0.9936230424549477,5695958.0,1.0,0.040216663582419696,216,False,2.267104101996446,False,0,False,True,False,True,True
mutliMode_50um/Normal Config 50 Magnets (Horizontal),mutliMode_50um / Normal Config 50 Magnets (Horizontal),legacy,,50,Normal,1,-,image_17.png,17,170.0,730.5514161139769,571.1010590588483,469.44208092195896,448.1671766795175,1619.5751791807586,1546.1767595443355,1619.6772233822037,1546.069864149199,-2.1584559788148163,5699400.0,1.0,0.042061178801439475,218,False,2.2665391948811635,False,0,False,True,False,True,True
mutliMode_50um/Normal Config 50 Magnets (Horizontal),mutliMode_50um / Normal Config 50 Magnets (Horizontal),legacy,,50,Normal,1,-,image_18.png,18,180.0,730.474330345974,572.8060807963899,469.14585456430495,449.40143057768796,1618.5531982468522,1550.4349354930237,1618.5772452135907,1550.4098316345764,1.0877030040407962,5795754.0,1.0,0.04072780864147937,212,False,2.2527095067191505,False,0,False,True,False,True,True
mutliMode_50um/Normal Config 50 Magnets (Horizontal),mutliMode_50um / Normal Config 50 Magnets (Horizontal),legacy,,50,Normal,1,-,image_19.png,19,190.0,729.5618085055561,575.123575402656,470.6368993661638,450.6079468831003,1623.6973028132652,1554.5974167466961,1623.9923087227621,1554.2892396616164,3.770653698425492,5840159.0,1.0,0.0435131928781202,191,False,2.2363959235266195,False,0,False,True,False,True,True
mutliMode_50um/Normal Config 50 Magnets (Horizontal),mutliMode_50um / Normal Config 50 Magnets (Horizontal),legacy,,50,Normal,1,-,image_20.png,20,200.0,725.9874804542193,575.894913164982,472.13897827054757,450.34507851936183,1628.879475033389,1553.6905208917983,1629.0517804778974,1553.509856877603,2.7696813895804184,5758276.0,1.0,0.042713247522206746,183,False,2.2342821218433877,False,0,False,True,False,True,True
mutliMode_50um/Normal Config 50 Magnets (Horizontal),mutliMode_50um / Normal Config 50 Magnets (Horizontal),legacy,,50,Normal,1,-,image_21.png,21,210.0,726.8505336790396,577.5290521277044,473.4164322338296,451.38917870555747,1633.2866912067122,1557.2926665341733,1634.0178072402468,1556.525512330544,5.640931609566856,5747462.0,1.0,0.04167635673985459,185,False,2.2218805828930823,False,0,False,True,False,True,True
mutliMode_50um/Normal Config 50 Magnets (Horizontal),mutliMode_50um / Normal Config 50 Magnets (Horizontal),legacy,,50,Normal,1,-,image_22.png,22,220.0,723.890161589149,579.4061010547246,476.169661292379,454.179431696492,1642.7853314587076,1566.9190393528975,1643.3258812209403,1566.3521217312289,4.8640867065146045,5775821.0,1.0,0.04167742955766328,186,False,2.1999640818928765,False,0,False,True,False,True,True
mutliMode_50um/Normal Config 50 Magnets (Horizontal),mutliMode_50um / Normal Config 50 Magnets (Horizontal),legacy,,50,Normal,1,-,image_23.png,23,230.0,719.6789318709964,582.709930582543,478.0670660034284,455.5546632028889,1649.331377711828,1571.6635880499668,1649.4460412200956,1571.543249360401,2.2251012189086765,5709947.0,1.0,0.03981392377912892,198,False,2.178821718772603,False,0,False,True,False,True,True
mutliMode_50um/Normal Config 50 Magnets (Horizontal),mutliMode_50um / Normal Config 50 Magnets (Horizontal),legacy,,50,Normal,1,-,image_24.png,24,240.0,728.5724026448954,582.5808359202824,478.64109903037905,458.0314000676061,1651.3117916548078,1580.2083302332412,1652.9483310761354,1578.496377882876,8.622377774830474,5783518.0,1.0,0.040782826259286586,182,False,2.1675860296146823,False,0,False,True,False,True,True
mutliMode_50um/Normal Config 50 Magnets (Horizontal),mutliMode_50um / Normal Config 50 Magnets (Horizontal),legacy,,50,Normal,1,-,image_25.png,25,250.0,710.5976398188616,585.7597332622661,480.7326821407035,460.5044893194315,1658.527753385427,1588.7404881520388,1659.429662665558,1587.7984261577299,6.512796150592552,5774811.0,1.0,0.04145433289665197,158,False,2.142151836457019,False,0,False,True,False,True,True
mutliMode_50um/Normal Config 50 Magnets (Horizontal),mutliMode_50um / Normal Config 50 Magnets (Horizontal),legacy,,50,Normal,1,-,image_26.png,26,260.0,701.5141944184735,585.5550439231076,485.9989088418785,461.6440516252955,1676.696235504481,1592.6719781072695,1676.8145904579203,1592.5473698544915,-2.1752501386614305,5864453.0,1.0,0.0429269307004308,180,False,2.137738888321876,False,0,False,True,False,True,True
mutliMode_50um/Normal Config 50 Magnets (Horizontal),mutliMode_50um / Normal Config 50 Magnets (Horizontal),legacy,,50,Normal,1,-,image_27.png,27,270.0,722.9990146268991,584.9323099465194,486.7578537641261,463.83269961214575,1679.314595486235,1600.2228136619028,1679.862424937379,1599.647710360198,-4.79775323253035,5966268.0,1.0,0.04265791510840292,188,False,2.130316157663207,False,0,False,True,False,True,True
mutliMode_50um/Normal Config 50 Magnets (Horizontal),mutliMode_50um / Normal Config 50 Magnets (Horizontal),legacy,,50,Normal,1,-,image_28.png,28,280.0,701.228118422026,588.7784785503407,489.23685841307,466.43302703726675,1687.8671615250917,1609.1939432785705,1687.9851388484108,1609.0701889806164,2.242238059308165,5947880.0,1.0,0.04612657532927164,224,False,2.10197159807741,False,0,False,True,False,True,True
mutliMode_50um/Normal Config 50 Magnets (Horizontal),mutliMode_50um / Normal Config 50 Magnets (Horizontal),legacy,,50,Normal,1,-,image_29.png,29,290.0,695.3587674653043,592.3383284578857,493.0037810702542,467.1875558734064,1700.8630446923771,1611.797067763252,1700.9400159744137,1611.7158392556057,-1.7055964564593864,5940993.0,1.0,0.04537355600068549,205,False,2.0833276856356218,False,0,False,True,False,True,True
mutliMode_50um/Normal Config 50 Magnets (Horizontal),mutliMode_50um / Normal Config 50 Magnets (Horizontal),legacy,,50,Normal,1,-,image_30.png,30,300.0,696.2508316022836,586.6785369121,497.03688022462745,474.3094865247645,1714.7772367749649,1636.3677285104377,1715.161179431343,1635.9652940217522,4.039355498191561,6013692.0,1.0,0.04602844433876408,231,False,2.0758851781954997,False,0,False,True,False,True,True
singleMode/Experiment_1,singleMode / Experiment_1,legacy,SMF,,,1,-,image_01.png,1,10.0,821.66690967657,521.2567860053737,717.3683653235637,722.0999788463264,2474.920860366295,2491.2449270198263,2444.4227898106533,2521.1766649984215,-51.140457963486114,22739814.0,1.0,0.8767665266739008,253,False,1.6,True,0,False,True,False,True,True
singleMode/Experiment_1,singleMode / Experiment_1,legacy,SMF,,,1,-,image_02.png,2,20.0,813.0297640393891,515.6660294906587,683.6209713603631,682.8560998481591,2358.492351193253,2355.853544476149,2393.8040790844248,2319.9642507195413,-43.975869603523435,22466843.0,1.0,0.7394830897484327,247,False,1.6,True,0,False,True,False,True,True
singleMode/Experiment_1,singleMode / Experiment_1,legacy,SMF,,,1,-,image_03.png,3,30.0,803.554667186019,508.4275686120588,628.7660527943332,629.3689459567225,2169.2428821404496,2171.322863550693,2132.550199109738,2207.3711305016204,-45.79661674694328,18084066.0,1.0,0.5899132377397956,235,False,1.6151879287294404,False,0,False,True,False,True,True
singleMode/Experiment_1,singleMode / Experiment_1,legacy,SMF,,,1,-,image_04.png,4,40.0,809.1475635100049,524.8934846803518,607.8977040807473,607.8563704496395,2097.2470790785783,2097.104478051256,2133.2256333261134,2060.4953045048815,-44.94382212347602,17959257.0,1.0,0.5588344789789972,238,False,1.726536124876395,False,0,False,True,False,True,True
singleMode/Experiment_1,singleMode / Experiment_1,legacy,SMF,,,1,-,image_05.png,5,50.0,805.3753191781549,519.2713232768044,583.2842526089713,583.8096814106677,2012.3306715009512,2014.1434008668039,1977.310024664039,2048.5344607991983,-45.72930872843441,17738526.0,1.0,0.5488219907095906,249,False,1.778525093735854,False,0,False,True,False,True,True
singleMode/Experiment_1,singleMode / Experiment_1,legacy,SMF,,,1,-,image_06.png,6,60.0,802.9533264947297,523.0237511777298,562.4557236444631,562.7079858888736,1940.4722465733978,1941.3425513166142,1902.5322525925876,1978.538467940183,-45.328101056261325,13994085.0,1.0,0.5218958371738694,211,False,1.8586828083582723,False,0,False,True,False,True,True
singleMode/Experiment_1,singleMode / Experiment_1,legacy,SMF,,,1,-,image_07.png,7,70.0,799.5006626669394,526.3426922046652,547.7369246378995,545.788008876403,1889.6923900007534,1882.9686306235903,1925.3081120729596,1846.5364513936072,-42.55117464984088,13838777.0,1.0,0.529747785297958,221,False,1.9285109779817449,False,0,False,True,False,True,True
singleMode/Experiment_1,singleMode / Experiment_1,legacy,SMF,,,1,-,image_08.png,8,80.0,798.2321258600118,532.1781403368173,533.9177318306374,530.6208748968776,1842.0161748156993,1830.6420183942278,1877.0969533997838,1794.6533969907398,-41.03401926119125,13608389.0,1.0,0.5272300475116722,248,False,2.00561882094852,False,0,False,True,False,True,True
singleMode/Experiment_1,singleMode / Experiment_1,legacy,SMF,,,1,-,image_09.png,9,90.0,794.4488847615867,535.7525420200258,521.4262945015621,516.4405340930675,1798.9207160303893,1781.719842621083,1832.2786602698056,1747.3969930364624,-39.15255525421069,13555263.0,1.0,0.519124529125348,245,False,2.0746945110307244,False,0,False,True,False,True,True
singleMode/Experiment_1,singleMode / Experiment_1,legacy,SMF,,,1,-,image_10.png,10,100.0,789.5263820866893,534.8567600128821,511.10919901752766,504.00540369512845,1763.3267366104706,1738.8186427481933,1794.208567063165,1706.934992989231,-36.843050367744546,13410899.0,1.0,0.5142489090809109,255,True,2.1222635486045194,False,0,False,True,False,True,True
singleMode/Experiment_1,singleMode / Experiment_1,legacy,SMF,,,1,-,image_11.png,11,110.0,790.958577928272,542.2455696779002,508.91174168486356,500.6215541571809,1755.7455088127795,1727.1443618422743,1786.6098731242755,1695.1976579781674,-35.88059629096564,9705502.0,1.0,0.5057477886750626,205,False,2.1435769808521425,False,0,False,True,False,True,True
singleMode/Experiment_1,singleMode / Experiment_1,legacy,SMF,,,1,-,image_12.png,12,120.0,788.7481419971278,545.6516631795472,505.4585670844093,496.56345103510995,1743.8320564412122,1713.1439060711293,1773.1421981714045,1682.789062551963,-35.0691953509646,9691858.0,1.0,0.5070423835391168,183,False,2.147288427571869,False,0,False,True,False,True,True
singleMode/Experiment_1,singleMode / Experiment_1,legacy,SMF,,,1,-,image_13.png,13,130.0,784.982923433452,547.1856745619183,508.15707693614996,498.18018270601203,1753.1419154297175,1718.7216303357416,1778.1505642616926,1692.8352515931233,-33.099854656630036,7685210.0,1.0,0.49556799975809346,207,False,2.1340232448937133,False,0,False,True,False,True,True
singleMode/Experiment_1,singleMode / Experiment_1,legacy,SMF,,,1,-,image_14.png,14,140.0,780.1098726073658,548.9777819739139,514.0697169086,499.9700825506585,1773.5405233346698,1724.896784799772,1793.1402921634974,1704.5124812516372,-28.351562785919665,7769052.0,1.0,0.4920891136095448,164,False,2.119410771600252,False,0,False,True,False,True,True
singleMode/Experiment_1,singleMode / Experiment_1,legacy,SMF,,,1,-,image_15.png,15,150.0,777.3162939468743,550.2344693620635,523.6711153201023,506.56828242088295,1806.665347854353,1747.6605743520463,1819.7858434471423,1733.9944193311544,-23.26890797416625,7818787.0,1.0,0.49676243202944015,182,False,2.0868564578657813,False,0,False,True,False,True,True
singleMode/Experiment_1,singleMode / Experiment_1,legacy,SMF,,,1,-,image_16.png,16,160.0,773.5588218725306,549.6819410004102,533.7453559688181,514.0721318596547,1841.4214780924226,1773.548854915809,1849.7851636913317,1764.8239144290553,-18.485239334879893,7917072.0,1.0,0.5025124082795763,155,False,2.0586155069185286,False,0,False,True,False,True,True
singleMode/Experiment_1,singleMode / Experiment_1,legacy,SMF,,,1,-,image_17.png,17,170.0,770.6700192680447,551.4339762025998,549.9677445348087,525.8804053148641,1897.3887186450902,1814.2873983362813,1902.0595417835762,1809.39001127826,-13.12946051251764,7985242.0,1.0,0.5015052972241072,139,False,2.0058697947288566,False,0,False,True,False,True,True
singleMode/Experiment_1,singleMode / Experiment_1,legacy,SMF,,,1,-,image_18.png,18,180.0,771.3644313371574,553.3930808819352,566.1163925640907,538.7346941890078,1953.101554346113,1858.6346949520769,1955.4058387818736,1856.2102834879888,-8.87840362593889,8081001.0,1.0,0.49987387557854585,126,False,1.9508060652051855,False,0,False,True,False,True,True
singleMode/Experiment_1,singleMode / Experiment_1,legacy,SMF,,,1,-,image_19.png,19,190.0,771.0708269893574,554.1385783673313,586.2272773594646,554.7033910492304,2022.4841068901528,1913.7266991198449,2023.7092758544104,1912.4310728411142,-6.106976298336754,8097577.0,1.0,0.5026970629582648,140,False,1.8921574333437694,False,0,False,True,False,True,True
singleMode/Experiment_1,singleMode / Experiment_1,legacy,SMF,,,1,-,image_20.png,20,200.0,771.2044628237318,554.3481067789996,582.9931228090279,553.0489414606599,2011.3262736911463,1908.0188480392767,2012.0669203868124,1907.2377962903763,-4.885458261857105,10110415.0,1.0,0.5023709619472804,169,False,1.8971709332339708,False,0,False,True,False,True,True
singleMode/Experiment_1,singleMode / Experiment_1,legacy,SMF,,,1,-,image_21.png,21,210.0,767.6829067767485,551.994373757875,607.4085976135661,573.4269872562663,2095.5596617668034,1978.3231060341188,2095.843409361315,1978.02250020808,-2.8532077903831956,10230452.0,1.0,0.5059481427060769,169,False,1.838063852098809,False,0,False,True,False,True,True
singleMode/Experiment_1,singleMode / Experiment_1,legacy,SMF,,,1,-,image_22.png,22,220.0,753.6894394230089,550.0315579652881,656.0102087686321,618.2653763138958,2263.235220251781,2133.0155482829405,2263.690344178458,2132.5325359951994,3.426977035416933,11819108.0,1.0,0.5174662478247599,132,False,1.711319327088179,False,0,False,True,False,True,True
singleMode/Experiment_1,singleMode / Experiment_1,legacy,SMF,,,1,-,image_23.png,23,230.0,768.4811337052394,541.058581070895,683.2845657599272,644.0740377147116,2357.331751871749,2222.0554301157554,2358.5933885096897,2220.7162246824837,5.570722369407669,11999627.0,1.0,0.521147482649431,153,False,1.6707692703258963,False,0,False,True,False,True,True
singleMode/Experiment_1,singleMode / Experiment_1,legacy,SMF,,,1,-,image_24.png,24,240.0,761.7883513135239,551.3810452431688,715.6352012745037,672.7796734920432,2468.941444397038,2321.0898735475494,2472.2516721217035,2317.5637481281406,8.544583024742602,14921236.0,1.0,0.5359340826731148,165,False,1.6,True,0,False,True,False,True,True
singleMode/Experiment_1,singleMode / Experiment_1,legacy,SMF,,,1,-,image_25.png,25,250.0,759.004948952436,548.4742648983738,743.5783539965956,693.1717254086893,2565.345321288255,2391.4424526599782,2572.5011763053776,2383.743132081845,11.434083274683587,16941161.0,1.0,0.5574231615553272,183,False,1.6,True,0,False,True,False,True,True
singleMode/Experiment_1,singleMode / Experiment_1,legacy,SMF,,,1,-,image_26.png,26,260.0,758.1485822011716,547.5125409806654,777.539154961372,722.6740707190764,2682.5100846167334,2493.2255439808137,2691.4455303999007,2483.5770421147195,12.197268783336154,21180720.0,1.0,0.6309525618070168,199,False,1.6,True,0,False,True,False,True,True
singleMode/Experiment_1,singleMode / Experiment_1,legacy,SMF,,,1,-,image_27.png,27,270.0,747.1973158323563,541.8297929266032,817.1642327738015,756.8462120572939,2819.2166030696153,2611.119431597664,2826.9941368811956,2602.696888062387,10.94631043501105,21375416.0,1.0,0.6921457895384353,198,False,1.6,True,0,False,True,False,True,True
singleMode/Experiment_1,singleMode / Experiment_1,legacy,SMF,,,1,-,image_28.png,28,280.0,751.3372801092555,545.5603759060853,850.6887648383903,783.1752516119724,2934.876238692447,2701.9546180613047,2943.1929301311734,2692.892992773797,10.728447910418765,21627104.0,1.0,0.8175992936002249,185,False,1.6,True,0,False,True,False,True,True
singleMode/Experiment_1,singleMode / Experiment_1,legacy,SMF,,,1,-,image_29.png,29,290.0,747.5986049125621,543.2240210809153,882.9838455917686,806.1803689396465,3046.294267291602,2781.322272841781,3055.534167290593,2771.1682195166777,10.629928542380448,21894685.0,1.0,0.9854654526630864,176,False,1.6,True,0,False,True,False,True,True
singleMode/Experiment_1,singleMode / Experiment_1,legacy,SMF,,,1,-,image_30.png,30,300.0,746.7408985378634,542.5251593055582,914.6183525780866,833.7140771824592,3155.433316394399,2876.3135662794843,3164.784262753496,2866.021583310735,10.43443348366031,22250793.0,1.0,1.0374111472849268,147,False,1.6,True,0,False,True,False,True,True
